2025-09-16 10:34:00,545:WARNING:
'cuml' is a soft dependency and not included in the pycaret installation. Please run: `pip install cuml` to install.
2025-09-16 10:34:00,545:WARNING:
'cuml' is a soft dependency and not included in the pycaret installation. Please run: `pip install cuml` to install.
2025-09-16 10:34:00,545:WARNING:
'cuml' is a soft dependency and not included in the pycaret installation. Please run: `pip install cuml` to install.
2025-09-16 10:34:00,545:WARNING:
'cuml' is a soft dependency and not included in the pycaret installation. Please run: `pip install cuml` to install.
2025-09-16 10:35:42,186:INFO:PyCaret AnomalyExperiment
2025-09-16 10:35:42,186:INFO:Logging name: anomaly-default-name
2025-09-16 10:35:42,187:INFO:ML Usecase: MLUsecase.ANOMALY
2025-09-16 10:35:42,187:INFO:version 3.3.2
2025-09-16 10:35:42,187:INFO:Initializing setup()
2025-09-16 10:35:42,187:INFO:self.USI: 659a
2025-09-16 10:35:42,187:INFO:self._variable_keys: {'USI', 'n_jobs_param', 'X', 'memory', '_available_plots', 'exp_id', 'gpu_param', 'data', 'html_param', 'pipeline', 'seed', 'logging_param', 'idx', '_ml_usecase', 'log_plots_param', 'exp_name_log', 'gpu_n_jobs_param'}
2025-09-16 10:35:42,187:INFO:Checking environment
2025-09-16 10:35:42,187:INFO:python_version: 3.11.13
2025-09-16 10:35:42,187:INFO:python_build: ('main', 'Jun  5 2025 13:03:15')
2025-09-16 10:35:42,187:INFO:machine: AMD64
2025-09-16 10:35:42,187:INFO:platform: Windows-10-10.0.26100-SP0
2025-09-16 10:35:42,187:INFO:Memory: svmem(total=34049417216, available=16966086656, percent=50.2, used=17083330560, free=16966086656)
2025-09-16 10:35:42,187:INFO:Physical Core: 12
2025-09-16 10:35:42,187:INFO:Logical Core: 16
2025-09-16 10:35:42,187:INFO:Checking libraries
2025-09-16 10:35:42,187:INFO:System:
2025-09-16 10:35:42,187:INFO:    python: 3.11.13 | packaged by Anaconda, Inc. | (main, Jun  5 2025, 13:03:15) [MSC v.1929 64 bit (AMD64)]
2025-09-16 10:35:42,187:INFO:executable: c:\Anaconda3\envs\py311\python.exe
2025-09-16 10:35:42,187:INFO:   machine: Windows-10-10.0.26100-SP0
2025-09-16 10:35:42,187:INFO:PyCaret required dependencies:
2025-09-16 10:35:42,208:INFO:                 pip: 25.2
2025-09-16 10:35:42,208:INFO:          setuptools: 78.1.1
2025-09-16 10:35:42,208:INFO:             pycaret: 3.3.2
2025-09-16 10:35:42,208:INFO:             IPython: 9.1.0
2025-09-16 10:35:42,208:INFO:          ipywidgets: 8.1.5
2025-09-16 10:35:42,208:INFO:                tqdm: 4.67.1
2025-09-16 10:35:42,208:INFO:               numpy: 1.26.4
2025-09-16 10:35:42,208:INFO:              pandas: 2.1.4
2025-09-16 10:35:42,208:INFO:              jinja2: 3.1.6
2025-09-16 10:35:42,208:INFO:               scipy: 1.11.4
2025-09-16 10:35:42,208:INFO:              joblib: 1.3.2
2025-09-16 10:35:42,208:INFO:             sklearn: 1.4.2
2025-09-16 10:35:42,208:INFO:                pyod: 2.0.5
2025-09-16 10:35:42,208:INFO:            imblearn: 0.14.0
2025-09-16 10:35:42,208:INFO:   category_encoders: 2.7.0
2025-09-16 10:35:42,208:INFO:            lightgbm: 4.6.0
2025-09-16 10:35:42,208:INFO:               numba: 0.61.2
2025-09-16 10:35:42,208:INFO:            requests: 2.32.5
2025-09-16 10:35:42,208:INFO:          matplotlib: 3.7.5
2025-09-16 10:35:42,208:INFO:          scikitplot: 0.3.7
2025-09-16 10:35:42,208:INFO:         yellowbrick: 1.5
2025-09-16 10:35:42,208:INFO:              plotly: 6.3.0
2025-09-16 10:35:42,208:INFO:    plotly-resampler: Not installed
2025-09-16 10:35:42,208:INFO:             kaleido: 1.1.0
2025-09-16 10:35:42,208:INFO:           schemdraw: 0.15
2025-09-16 10:35:42,208:INFO:         statsmodels: 0.14.5
2025-09-16 10:35:42,208:INFO:              sktime: 0.26.0
2025-09-16 10:35:42,208:INFO:               tbats: 1.1.3
2025-09-16 10:35:42,208:INFO:            pmdarima: 2.0.4
2025-09-16 10:35:42,208:INFO:              psutil: 7.0.0
2025-09-16 10:35:42,208:INFO:          markupsafe: 3.0.2
2025-09-16 10:35:42,208:INFO:             pickle5: Not installed
2025-09-16 10:35:42,208:INFO:         cloudpickle: 3.1.1
2025-09-16 10:35:42,208:INFO:         deprecation: 2.1.0
2025-09-16 10:35:42,208:INFO:              xxhash: 3.5.0
2025-09-16 10:35:42,208:INFO:           wurlitzer: Not installed
2025-09-16 10:35:42,208:INFO:PyCaret optional dependencies:
2025-09-16 10:35:42,216:INFO:                shap: Not installed
2025-09-16 10:35:42,216:INFO:           interpret: Not installed
2025-09-16 10:35:42,216:INFO:                umap: Not installed
2025-09-16 10:35:42,216:INFO:     ydata_profiling: Not installed
2025-09-16 10:35:42,216:INFO:  explainerdashboard: Not installed
2025-09-16 10:35:42,216:INFO:             autoviz: Not installed
2025-09-16 10:35:42,216:INFO:           fairlearn: Not installed
2025-09-16 10:35:42,216:INFO:          deepchecks: Not installed
2025-09-16 10:35:42,216:INFO:             xgboost: Not installed
2025-09-16 10:35:42,216:INFO:            catboost: Not installed
2025-09-16 10:35:42,216:INFO:              kmodes: Not installed
2025-09-16 10:35:42,216:INFO:             mlxtend: Not installed
2025-09-16 10:35:42,216:INFO:       statsforecast: Not installed
2025-09-16 10:35:42,216:INFO:        tune_sklearn: Not installed
2025-09-16 10:35:42,216:INFO:                 ray: Not installed
2025-09-16 10:35:42,216:INFO:            hyperopt: Not installed
2025-09-16 10:35:42,216:INFO:              optuna: Not installed
2025-09-16 10:35:42,216:INFO:               skopt: Not installed
2025-09-16 10:35:42,216:INFO:              mlflow: Not installed
2025-09-16 10:35:42,216:INFO:              gradio: Not installed
2025-09-16 10:35:42,216:INFO:             fastapi: Not installed
2025-09-16 10:35:42,216:INFO:             uvicorn: Not installed
2025-09-16 10:35:42,216:INFO:              m2cgen: Not installed
2025-09-16 10:35:42,216:INFO:           evidently: Not installed
2025-09-16 10:35:42,216:INFO:               fugue: Not installed
2025-09-16 10:35:42,217:INFO:           streamlit: Not installed
2025-09-16 10:35:42,217:INFO:             prophet: Not installed
2025-09-16 10:35:42,217:INFO:None
2025-09-16 10:35:42,217:INFO:Set up data.
2025-09-16 10:35:42,218:INFO:Set up index.
2025-09-16 10:35:42,218:INFO:Assigning column types.
2025-09-16 10:35:42,219:INFO:Engine successfully changes for model 'kmeans' to 'sklearn'.
2025-09-16 10:35:42,501:INFO:Engine successfully changes for model 'dbscan' to 'sklearn'.
2025-09-16 10:35:42,502:INFO:Preparing preprocessing pipeline...
2025-09-16 10:35:42,502:INFO:Set up simple imputation.
2025-09-16 10:35:42,512:INFO:Finished creating preprocessing pipeline.
2025-09-16 10:35:42,515:INFO:Pipeline: Pipeline(memory=FastMemory(location=C:\Users\HARITS~1\AppData\Local\Temp\joblib),
         steps=[('numerical_imputer',
                 TransformerWrapper(include=['sepal_length', 'sepal_width',
                                             'petal_length', 'petal_width'],
                                    transformer=SimpleImputer())),
                ('categorical_imputer',
                 TransformerWrapper(include=[],
                                    transformer=SimpleImputer(strategy='most_frequent')))])
2025-09-16 10:35:42,515:INFO:Creating final display dataframe.
2025-09-16 10:35:42,523:INFO:Setup _display_container:                Description                 Value
0               Session id                  2410
1      Original data shape              (150, 4)
2   Transformed data shape              (150, 4)
3         Numeric features                     4
4               Preprocess                  True
5          Imputation type                simple
6       Numeric imputation                  mean
7   Categorical imputation                  mode
8                 CPU Jobs                    -1
9                  Use GPU                 False
10          Log Experiment                 False
11         Experiment Name  anomaly-default-name
12                     USI                  659a
2025-09-16 10:35:42,528:INFO:setup() successfully completed in 0.34s...............
2025-09-16 10:35:42,529:INFO:Initializing create_model()
2025-09-16 10:35:42,529:INFO:create_model(self=<pycaret.anomaly.oop.AnomalyExperiment object at 0x000001E60019FA10>, estimator=abod, num_clusters=4, fraction=0.05, ground_truth=None, round=4, fit_kwargs=None, experiment_custom_tags=None, verbose=True, system=True, add_to_model_list=True, raise_num_clusters=False, display=None, kwargs={})
2025-09-16 10:35:42,529:INFO:Checking exceptions
2025-09-16 10:35:42,559:INFO:Importing untrained model
2025-09-16 10:35:42,563:INFO:Angle-base Outlier Detection Imported successfully
2025-09-16 10:35:42,566:INFO:Fitting Model
2025-09-16 10:35:43,571:INFO:ABOD(contamination=0.05, method='fast', n_neighbors=5)
2025-09-16 10:35:43,571:INFO:create_models() successfully completed......................................
2025-09-16 10:35:43,575:INFO:Uploading results into container
2025-09-16 10:35:43,575:INFO:Uploading model into container now
2025-09-16 10:35:43,576:INFO:_master_model_container: 1
2025-09-16 10:35:43,577:INFO:_display_container: 1
2025-09-16 10:35:43,577:INFO:ABOD(contamination=0.05, method='fast', n_neighbors=5)
2025-09-16 10:35:43,577:INFO:create_model() successfully completed......................................
2025-09-16 10:35:43,670:INFO:Initializing assign_model()
2025-09-16 10:35:43,670:INFO:assign_model(self=<pycaret.anomaly.oop.AnomalyExperiment object at 0x000001E60019FA10>, model=ABOD(contamination=0.05, method='fast', n_neighbors=5), transformation=False, score=True, verbose=True)
2025-09-16 10:35:43,670:INFO:Checking exceptions
2025-09-16 10:35:43,670:INFO:Determining Trained Model
2025-09-16 10:35:43,671:INFO:Trained Model : Angle-base Outlier Detection
2025-09-16 10:35:43,671:INFO:Copying data
2025-09-16 10:35:43,671:INFO:(150, 6)
2025-09-16 10:35:43,671:INFO:assign_model() successfully completed......................................
2025-09-16 10:36:04,610:INFO:PyCaret AnomalyExperiment
2025-09-16 10:36:04,610:INFO:Logging name: anomaly-default-name
2025-09-16 10:36:04,610:INFO:ML Usecase: MLUsecase.ANOMALY
2025-09-16 10:36:04,610:INFO:version 3.3.2
2025-09-16 10:36:04,610:INFO:Initializing setup()
2025-09-16 10:36:04,610:INFO:self.USI: ddd5
2025-09-16 10:36:04,610:INFO:self._variable_keys: {'USI', 'n_jobs_param', 'X', 'memory', '_available_plots', 'exp_id', 'gpu_param', 'data', 'html_param', 'pipeline', 'seed', 'logging_param', 'idx', '_ml_usecase', 'log_plots_param', 'exp_name_log', 'gpu_n_jobs_param'}
2025-09-16 10:36:04,610:INFO:Checking environment
2025-09-16 10:36:04,610:INFO:python_version: 3.11.13
2025-09-16 10:36:04,610:INFO:python_build: ('main', 'Jun  5 2025 13:03:15')
2025-09-16 10:36:04,610:INFO:machine: AMD64
2025-09-16 10:36:04,610:INFO:platform: Windows-10-10.0.26100-SP0
2025-09-16 10:36:04,611:INFO:Memory: svmem(total=34049417216, available=16993574912, percent=50.1, used=17055842304, free=16993574912)
2025-09-16 10:36:04,611:INFO:Physical Core: 12
2025-09-16 10:36:04,611:INFO:Logical Core: 16
2025-09-16 10:36:04,611:INFO:Checking libraries
2025-09-16 10:36:04,611:INFO:System:
2025-09-16 10:36:04,611:INFO:    python: 3.11.13 | packaged by Anaconda, Inc. | (main, Jun  5 2025, 13:03:15) [MSC v.1929 64 bit (AMD64)]
2025-09-16 10:36:04,611:INFO:executable: c:\Anaconda3\envs\py311\python.exe
2025-09-16 10:36:04,611:INFO:   machine: Windows-10-10.0.26100-SP0
2025-09-16 10:36:04,611:INFO:PyCaret required dependencies:
2025-09-16 10:36:04,611:INFO:                 pip: 25.2
2025-09-16 10:36:04,611:INFO:          setuptools: 78.1.1
2025-09-16 10:36:04,611:INFO:             pycaret: 3.3.2
2025-09-16 10:36:04,611:INFO:             IPython: 9.1.0
2025-09-16 10:36:04,611:INFO:          ipywidgets: 8.1.5
2025-09-16 10:36:04,611:INFO:                tqdm: 4.67.1
2025-09-16 10:36:04,611:INFO:               numpy: 1.26.4
2025-09-16 10:36:04,611:INFO:              pandas: 2.1.4
2025-09-16 10:36:04,611:INFO:              jinja2: 3.1.6
2025-09-16 10:36:04,611:INFO:               scipy: 1.11.4
2025-09-16 10:36:04,611:INFO:              joblib: 1.3.2
2025-09-16 10:36:04,611:INFO:             sklearn: 1.4.2
2025-09-16 10:36:04,611:INFO:                pyod: 2.0.5
2025-09-16 10:36:04,611:INFO:            imblearn: 0.14.0
2025-09-16 10:36:04,611:INFO:   category_encoders: 2.7.0
2025-09-16 10:36:04,611:INFO:            lightgbm: 4.6.0
2025-09-16 10:36:04,611:INFO:               numba: 0.61.2
2025-09-16 10:36:04,611:INFO:            requests: 2.32.5
2025-09-16 10:36:04,611:INFO:          matplotlib: 3.7.5
2025-09-16 10:36:04,611:INFO:          scikitplot: 0.3.7
2025-09-16 10:36:04,611:INFO:         yellowbrick: 1.5
2025-09-16 10:36:04,611:INFO:              plotly: 6.3.0
2025-09-16 10:36:04,612:INFO:    plotly-resampler: Not installed
2025-09-16 10:36:04,612:INFO:             kaleido: 1.1.0
2025-09-16 10:36:04,612:INFO:           schemdraw: 0.15
2025-09-16 10:36:04,612:INFO:         statsmodels: 0.14.5
2025-09-16 10:36:04,612:INFO:              sktime: 0.26.0
2025-09-16 10:36:04,612:INFO:               tbats: 1.1.3
2025-09-16 10:36:04,612:INFO:            pmdarima: 2.0.4
2025-09-16 10:36:04,612:INFO:              psutil: 7.0.0
2025-09-16 10:36:04,612:INFO:          markupsafe: 3.0.2
2025-09-16 10:36:04,612:INFO:             pickle5: Not installed
2025-09-16 10:36:04,612:INFO:         cloudpickle: 3.1.1
2025-09-16 10:36:04,612:INFO:         deprecation: 2.1.0
2025-09-16 10:36:04,612:INFO:              xxhash: 3.5.0
2025-09-16 10:36:04,612:INFO:           wurlitzer: Not installed
2025-09-16 10:36:04,612:INFO:PyCaret optional dependencies:
2025-09-16 10:36:04,612:INFO:                shap: Not installed
2025-09-16 10:36:04,612:INFO:           interpret: Not installed
2025-09-16 10:36:04,612:INFO:                umap: Not installed
2025-09-16 10:36:04,612:INFO:     ydata_profiling: Not installed
2025-09-16 10:36:04,612:INFO:  explainerdashboard: Not installed
2025-09-16 10:36:04,612:INFO:             autoviz: Not installed
2025-09-16 10:36:04,612:INFO:           fairlearn: Not installed
2025-09-16 10:36:04,612:INFO:          deepchecks: Not installed
2025-09-16 10:36:04,612:INFO:             xgboost: Not installed
2025-09-16 10:36:04,612:INFO:            catboost: Not installed
2025-09-16 10:36:04,612:INFO:              kmodes: Not installed
2025-09-16 10:36:04,612:INFO:             mlxtend: Not installed
2025-09-16 10:36:04,612:INFO:       statsforecast: Not installed
2025-09-16 10:36:04,612:INFO:        tune_sklearn: Not installed
2025-09-16 10:36:04,612:INFO:                 ray: Not installed
2025-09-16 10:36:04,612:INFO:            hyperopt: Not installed
2025-09-16 10:36:04,612:INFO:              optuna: Not installed
2025-09-16 10:36:04,612:INFO:               skopt: Not installed
2025-09-16 10:36:04,612:INFO:              mlflow: Not installed
2025-09-16 10:36:04,612:INFO:              gradio: Not installed
2025-09-16 10:36:04,612:INFO:             fastapi: Not installed
2025-09-16 10:36:04,612:INFO:             uvicorn: Not installed
2025-09-16 10:36:04,612:INFO:              m2cgen: Not installed
2025-09-16 10:36:04,612:INFO:           evidently: Not installed
2025-09-16 10:36:04,613:INFO:               fugue: Not installed
2025-09-16 10:36:04,613:INFO:           streamlit: Not installed
2025-09-16 10:36:04,613:INFO:             prophet: Not installed
2025-09-16 10:36:04,613:INFO:None
2025-09-16 10:36:04,613:INFO:Set up data.
2025-09-16 10:36:04,615:INFO:Set up index.
2025-09-16 10:36:04,615:INFO:Assigning column types.
2025-09-16 10:36:04,616:INFO:Engine successfully changes for model 'kmeans' to 'sklearn'.
2025-09-16 10:36:04,616:INFO:Engine successfully changes for model 'dbscan' to 'sklearn'.
2025-09-16 10:36:04,617:INFO:Preparing preprocessing pipeline...
2025-09-16 10:36:04,617:INFO:Set up simple imputation.
2025-09-16 10:36:04,624:INFO:Finished creating preprocessing pipeline.
2025-09-16 10:36:04,627:INFO:Pipeline: Pipeline(memory=FastMemory(location=C:\Users\HARITS~1\AppData\Local\Temp\joblib),
         steps=[('numerical_imputer',
                 TransformerWrapper(include=['sepal_length', 'sepal_width',
                                             'petal_length', 'petal_width'],
                                    transformer=SimpleImputer())),
                ('categorical_imputer',
                 TransformerWrapper(include=[],
                                    transformer=SimpleImputer(strategy='most_frequent')))])
2025-09-16 10:36:04,627:INFO:Creating final display dataframe.
2025-09-16 10:36:04,635:INFO:Setup _display_container:                Description                 Value
0               Session id                  3177
1      Original data shape              (150, 4)
2   Transformed data shape              (150, 4)
3         Numeric features                     4
4               Preprocess                  True
5          Imputation type                simple
6       Numeric imputation                  mean
7   Categorical imputation                  mode
8                 CPU Jobs                    -1
9                  Use GPU                 False
10          Log Experiment                 False
11         Experiment Name  anomaly-default-name
12                     USI                  ddd5
2025-09-16 10:36:04,639:INFO:setup() successfully completed in 0.03s...............
2025-09-16 10:36:04,640:INFO:Initializing create_model()
2025-09-16 10:36:04,640:INFO:create_model(self=<pycaret.anomaly.oop.AnomalyExperiment object at 0x000001E67F544F10>, estimator=knn, num_clusters=4, fraction=0.05, ground_truth=None, round=4, fit_kwargs=None, experiment_custom_tags=None, verbose=True, system=True, add_to_model_list=True, raise_num_clusters=False, display=None, kwargs={})
2025-09-16 10:36:04,640:INFO:Checking exceptions
2025-09-16 10:36:04,661:INFO:Importing untrained model
2025-09-16 10:36:04,663:INFO:K-Nearest Neighbors Detector Imported successfully
2025-09-16 10:36:04,666:INFO:Fitting Model
2025-09-16 10:36:04,694:INFO:KNN(algorithm='auto', contamination=0.05, leaf_size=30, method='largest',
  metric='minkowski', metric_params=None, n_jobs=-1, n_neighbors=5, p=2,
  radius=1.0)
2025-09-16 10:36:04,694:INFO:create_models() successfully completed......................................
2025-09-16 10:36:04,697:INFO:Uploading results into container
2025-09-16 10:36:04,697:INFO:Uploading model into container now
2025-09-16 10:36:04,699:INFO:_master_model_container: 1
2025-09-16 10:36:04,699:INFO:_display_container: 1
2025-09-16 10:36:04,699:INFO:KNN(algorithm='auto', contamination=0.05, leaf_size=30, method='largest',
  metric='minkowski', metric_params=None, n_jobs=-1, n_neighbors=5, p=2,
  radius=1.0)
2025-09-16 10:36:04,699:INFO:create_model() successfully completed......................................
2025-09-16 10:36:04,804:INFO:Initializing assign_model()
2025-09-16 10:36:04,804:INFO:assign_model(self=<pycaret.anomaly.oop.AnomalyExperiment object at 0x000001E67F544F10>, model=KNN(algorithm='auto', contamination=0.05, leaf_size=30, method='largest',
  metric='minkowski', metric_params=None, n_jobs=-1, n_neighbors=5, p=2,
  radius=1.0), transformation=False, score=True, verbose=True)
2025-09-16 10:36:04,804:INFO:Checking exceptions
2025-09-16 10:36:04,804:INFO:Determining Trained Model
2025-09-16 10:36:04,804:INFO:Trained Model : K-Nearest Neighbors Detector
2025-09-16 10:36:04,804:INFO:Copying data
2025-09-16 10:36:04,805:INFO:(150, 6)
2025-09-16 10:36:04,805:INFO:assign_model() successfully completed......................................
2025-09-16 10:36:21,128:INFO:PyCaret AnomalyExperiment
2025-09-16 10:36:21,128:INFO:Logging name: anomaly-default-name
2025-09-16 10:36:21,128:INFO:ML Usecase: MLUsecase.ANOMALY
2025-09-16 10:36:21,128:INFO:version 3.3.2
2025-09-16 10:36:21,129:INFO:Initializing setup()
2025-09-16 10:36:21,129:INFO:self.USI: ab4d
2025-09-16 10:36:21,129:INFO:self._variable_keys: {'USI', 'n_jobs_param', 'X', 'memory', '_available_plots', 'exp_id', 'gpu_param', 'data', 'html_param', 'pipeline', 'seed', 'logging_param', 'idx', '_ml_usecase', 'log_plots_param', 'exp_name_log', 'gpu_n_jobs_param'}
2025-09-16 10:36:21,129:INFO:Checking environment
2025-09-16 10:36:21,129:INFO:python_version: 3.11.13
2025-09-16 10:36:21,129:INFO:python_build: ('main', 'Jun  5 2025 13:03:15')
2025-09-16 10:36:21,129:INFO:machine: AMD64
2025-09-16 10:36:21,129:INFO:platform: Windows-10-10.0.26100-SP0
2025-09-16 10:36:21,129:INFO:Memory: svmem(total=34049417216, available=16981348352, percent=50.1, used=17068068864, free=16981348352)
2025-09-16 10:36:21,129:INFO:Physical Core: 12
2025-09-16 10:36:21,129:INFO:Logical Core: 16
2025-09-16 10:36:21,129:INFO:Checking libraries
2025-09-16 10:36:21,129:INFO:System:
2025-09-16 10:36:21,129:INFO:    python: 3.11.13 | packaged by Anaconda, Inc. | (main, Jun  5 2025, 13:03:15) [MSC v.1929 64 bit (AMD64)]
2025-09-16 10:36:21,129:INFO:executable: c:\Anaconda3\envs\py311\python.exe
2025-09-16 10:36:21,129:INFO:   machine: Windows-10-10.0.26100-SP0
2025-09-16 10:36:21,129:INFO:PyCaret required dependencies:
2025-09-16 10:36:21,129:INFO:                 pip: 25.2
2025-09-16 10:36:21,130:INFO:          setuptools: 78.1.1
2025-09-16 10:36:21,130:INFO:             pycaret: 3.3.2
2025-09-16 10:36:21,130:INFO:             IPython: 9.1.0
2025-09-16 10:36:21,130:INFO:          ipywidgets: 8.1.5
2025-09-16 10:36:21,130:INFO:                tqdm: 4.67.1
2025-09-16 10:36:21,130:INFO:               numpy: 1.26.4
2025-09-16 10:36:21,130:INFO:              pandas: 2.1.4
2025-09-16 10:36:21,130:INFO:              jinja2: 3.1.6
2025-09-16 10:36:21,130:INFO:               scipy: 1.11.4
2025-09-16 10:36:21,130:INFO:              joblib: 1.3.2
2025-09-16 10:36:21,130:INFO:             sklearn: 1.4.2
2025-09-16 10:36:21,130:INFO:                pyod: 2.0.5
2025-09-16 10:36:21,130:INFO:            imblearn: 0.14.0
2025-09-16 10:36:21,130:INFO:   category_encoders: 2.7.0
2025-09-16 10:36:21,130:INFO:            lightgbm: 4.6.0
2025-09-16 10:36:21,130:INFO:               numba: 0.61.2
2025-09-16 10:36:21,130:INFO:            requests: 2.32.5
2025-09-16 10:36:21,130:INFO:          matplotlib: 3.7.5
2025-09-16 10:36:21,130:INFO:          scikitplot: 0.3.7
2025-09-16 10:36:21,130:INFO:         yellowbrick: 1.5
2025-09-16 10:36:21,130:INFO:              plotly: 6.3.0
2025-09-16 10:36:21,130:INFO:    plotly-resampler: Not installed
2025-09-16 10:36:21,130:INFO:             kaleido: 1.1.0
2025-09-16 10:36:21,130:INFO:           schemdraw: 0.15
2025-09-16 10:36:21,130:INFO:         statsmodels: 0.14.5
2025-09-16 10:36:21,130:INFO:              sktime: 0.26.0
2025-09-16 10:36:21,130:INFO:               tbats: 1.1.3
2025-09-16 10:36:21,130:INFO:            pmdarima: 2.0.4
2025-09-16 10:36:21,130:INFO:              psutil: 7.0.0
2025-09-16 10:36:21,130:INFO:          markupsafe: 3.0.2
2025-09-16 10:36:21,130:INFO:             pickle5: Not installed
2025-09-16 10:36:21,130:INFO:         cloudpickle: 3.1.1
2025-09-16 10:36:21,130:INFO:         deprecation: 2.1.0
2025-09-16 10:36:21,130:INFO:              xxhash: 3.5.0
2025-09-16 10:36:21,130:INFO:           wurlitzer: Not installed
2025-09-16 10:36:21,130:INFO:PyCaret optional dependencies:
2025-09-16 10:36:21,130:INFO:                shap: Not installed
2025-09-16 10:36:21,130:INFO:           interpret: Not installed
2025-09-16 10:36:21,130:INFO:                umap: Not installed
2025-09-16 10:36:21,130:INFO:     ydata_profiling: Not installed
2025-09-16 10:36:21,131:INFO:  explainerdashboard: Not installed
2025-09-16 10:36:21,131:INFO:             autoviz: Not installed
2025-09-16 10:36:21,131:INFO:           fairlearn: Not installed
2025-09-16 10:36:21,131:INFO:          deepchecks: Not installed
2025-09-16 10:36:21,131:INFO:             xgboost: Not installed
2025-09-16 10:36:21,131:INFO:            catboost: Not installed
2025-09-16 10:36:21,131:INFO:              kmodes: Not installed
2025-09-16 10:36:21,131:INFO:             mlxtend: Not installed
2025-09-16 10:36:21,131:INFO:       statsforecast: Not installed
2025-09-16 10:36:21,131:INFO:        tune_sklearn: Not installed
2025-09-16 10:36:21,131:INFO:                 ray: Not installed
2025-09-16 10:36:21,131:INFO:            hyperopt: Not installed
2025-09-16 10:36:21,131:INFO:              optuna: Not installed
2025-09-16 10:36:21,131:INFO:               skopt: Not installed
2025-09-16 10:36:21,131:INFO:              mlflow: Not installed
2025-09-16 10:36:21,131:INFO:              gradio: Not installed
2025-09-16 10:36:21,131:INFO:             fastapi: Not installed
2025-09-16 10:36:21,131:INFO:             uvicorn: Not installed
2025-09-16 10:36:21,131:INFO:              m2cgen: Not installed
2025-09-16 10:36:21,131:INFO:           evidently: Not installed
2025-09-16 10:36:21,131:INFO:               fugue: Not installed
2025-09-16 10:36:21,131:INFO:           streamlit: Not installed
2025-09-16 10:36:21,131:INFO:             prophet: Not installed
2025-09-16 10:36:21,131:INFO:None
2025-09-16 10:36:21,131:INFO:Set up data.
2025-09-16 10:36:21,133:INFO:Set up index.
2025-09-16 10:36:21,133:INFO:Assigning column types.
2025-09-16 10:36:21,134:INFO:Engine successfully changes for model 'kmeans' to 'sklearn'.
2025-09-16 10:36:21,134:INFO:Engine successfully changes for model 'dbscan' to 'sklearn'.
2025-09-16 10:36:21,135:INFO:Preparing preprocessing pipeline...
2025-09-16 10:36:21,135:INFO:Set up simple imputation.
2025-09-16 10:36:21,143:INFO:Finished creating preprocessing pipeline.
2025-09-16 10:36:21,145:INFO:Pipeline: Pipeline(memory=FastMemory(location=C:\Users\HARITS~1\AppData\Local\Temp\joblib),
         steps=[('numerical_imputer',
                 TransformerWrapper(include=['sepal_length', 'sepal_width',
                                             'petal_length', 'petal_width'],
                                    transformer=SimpleImputer())),
                ('categorical_imputer',
                 TransformerWrapper(include=[],
                                    transformer=SimpleImputer(strategy='most_frequent')))])
2025-09-16 10:36:21,145:INFO:Creating final display dataframe.
2025-09-16 10:36:21,153:INFO:Setup _display_container:                Description                 Value
0               Session id                  5556
1      Original data shape              (150, 4)
2   Transformed data shape              (150, 4)
3         Numeric features                     4
4               Preprocess                  True
5          Imputation type                simple
6       Numeric imputation                  mean
7   Categorical imputation                  mode
8                 CPU Jobs                    -1
9                  Use GPU                 False
10          Log Experiment                 False
11         Experiment Name  anomaly-default-name
12                     USI                  ab4d
2025-09-16 10:36:21,157:INFO:setup() successfully completed in 0.03s...............
2025-09-16 10:36:21,158:INFO:Initializing create_model()
2025-09-16 10:36:21,158:INFO:create_model(self=<pycaret.anomaly.oop.AnomalyExperiment object at 0x000001E602AB3D10>, estimator=lof, num_clusters=4, fraction=0.05, ground_truth=None, round=4, fit_kwargs=None, experiment_custom_tags=None, verbose=True, system=True, add_to_model_list=True, raise_num_clusters=False, display=None, kwargs={})
2025-09-16 10:36:21,158:INFO:Checking exceptions
2025-09-16 10:36:21,178:INFO:Importing untrained model
2025-09-16 10:36:21,180:INFO:Local Outlier Factor Imported successfully
2025-09-16 10:36:21,183:INFO:Fitting Model
2025-09-16 10:36:21,208:INFO:LOF(algorithm='auto', contamination=0.05, leaf_size=30, metric='minkowski',
  metric_params=None, n_jobs=-1, n_neighbors=20, novelty=True, p=2)
2025-09-16 10:36:21,208:INFO:create_models() successfully completed......................................
2025-09-16 10:36:21,212:INFO:Uploading results into container
2025-09-16 10:36:21,212:INFO:Uploading model into container now
2025-09-16 10:36:21,213:INFO:_master_model_container: 1
2025-09-16 10:36:21,214:INFO:_display_container: 1
2025-09-16 10:36:21,214:INFO:LOF(algorithm='auto', contamination=0.05, leaf_size=30, metric='minkowski',
  metric_params=None, n_jobs=-1, n_neighbors=20, novelty=True, p=2)
2025-09-16 10:36:21,214:INFO:create_model() successfully completed......................................
2025-09-16 10:36:21,298:INFO:Initializing assign_model()
2025-09-16 10:36:21,299:INFO:assign_model(self=<pycaret.anomaly.oop.AnomalyExperiment object at 0x000001E602AB3D10>, model=LOF(algorithm='auto', contamination=0.05, leaf_size=30, metric='minkowski',
  metric_params=None, n_jobs=-1, n_neighbors=20, novelty=True, p=2), transformation=False, score=True, verbose=True)
2025-09-16 10:36:21,299:INFO:Checking exceptions
2025-09-16 10:36:21,299:INFO:Determining Trained Model
2025-09-16 10:36:21,299:INFO:Trained Model : Local Outlier Factor
2025-09-16 10:36:21,299:INFO:Copying data
2025-09-16 10:36:21,300:INFO:(150, 6)
2025-09-16 10:36:21,300:INFO:assign_model() successfully completed......................................
2025-09-16 10:42:52,272:WARNING:
'cuml' is a soft dependency and not included in the pycaret installation. Please run: `pip install cuml` to install.
2025-09-16 10:42:52,272:WARNING:
'cuml' is a soft dependency and not included in the pycaret installation. Please run: `pip install cuml` to install.
2025-09-16 10:42:52,272:WARNING:
'cuml' is a soft dependency and not included in the pycaret installation. Please run: `pip install cuml` to install.
2025-09-16 10:42:52,272:WARNING:
'cuml' is a soft dependency and not included in the pycaret installation. Please run: `pip install cuml` to install.
2025-09-16 10:42:52,932:INFO:PyCaret AnomalyExperiment
2025-09-16 10:42:52,932:INFO:Logging name: anomaly-default-name
2025-09-16 10:42:52,932:INFO:ML Usecase: MLUsecase.ANOMALY
2025-09-16 10:42:52,932:INFO:version 3.3.2
2025-09-16 10:42:52,932:INFO:Initializing setup()
2025-09-16 10:42:52,932:INFO:self.USI: 1ce9
2025-09-16 10:42:52,932:INFO:self._variable_keys: {'pipeline', '_ml_usecase', 'X', 'html_param', 'memory', 'USI', 'n_jobs_param', '_available_plots', 'gpu_n_jobs_param', 'logging_param', 'data', 'idx', 'gpu_param', 'exp_id', 'seed', 'log_plots_param', 'exp_name_log'}
2025-09-16 10:42:52,932:INFO:Checking environment
2025-09-16 10:42:52,932:INFO:python_version: 3.11.13
2025-09-16 10:42:52,932:INFO:python_build: ('main', 'Jun  5 2025 13:03:15')
2025-09-16 10:42:52,932:INFO:machine: AMD64
2025-09-16 10:42:52,932:INFO:platform: Windows-10-10.0.26100-SP0
2025-09-16 10:42:52,932:INFO:Memory: svmem(total=34049417216, available=19260936192, percent=43.4, used=14788481024, free=19260936192)
2025-09-16 10:42:52,932:INFO:Physical Core: 12
2025-09-16 10:42:52,932:INFO:Logical Core: 16
2025-09-16 10:42:52,932:INFO:Checking libraries
2025-09-16 10:42:52,932:INFO:System:
2025-09-16 10:42:52,932:INFO:    python: 3.11.13 | packaged by Anaconda, Inc. | (main, Jun  5 2025, 13:03:15) [MSC v.1929 64 bit (AMD64)]
2025-09-16 10:42:52,932:INFO:executable: C:\Anaconda3\envs\py311\python.exe
2025-09-16 10:42:52,932:INFO:   machine: Windows-10-10.0.26100-SP0
2025-09-16 10:42:52,932:INFO:PyCaret required dependencies:
2025-09-16 10:42:52,950:INFO:                 pip: 25.2
2025-09-16 10:42:52,950:INFO:          setuptools: 78.1.1
2025-09-16 10:42:52,950:INFO:             pycaret: 3.3.2
2025-09-16 10:42:52,950:INFO:             IPython: 9.1.0
2025-09-16 10:42:52,950:INFO:          ipywidgets: 8.1.5
2025-09-16 10:42:52,950:INFO:                tqdm: 4.67.1
2025-09-16 10:42:52,950:INFO:               numpy: 1.26.4
2025-09-16 10:42:52,950:INFO:              pandas: 2.1.4
2025-09-16 10:42:52,950:INFO:              jinja2: 3.1.6
2025-09-16 10:42:52,950:INFO:               scipy: 1.11.4
2025-09-16 10:42:52,950:INFO:              joblib: 1.3.2
2025-09-16 10:42:52,951:INFO:             sklearn: 1.4.2
2025-09-16 10:42:52,951:INFO:                pyod: 2.0.5
2025-09-16 10:42:52,951:INFO:            imblearn: 0.14.0
2025-09-16 10:42:52,951:INFO:   category_encoders: 2.7.0
2025-09-16 10:42:52,951:INFO:            lightgbm: 4.6.0
2025-09-16 10:42:52,951:INFO:               numba: 0.61.2
2025-09-16 10:42:52,951:INFO:            requests: 2.32.5
2025-09-16 10:42:52,951:INFO:          matplotlib: 3.7.5
2025-09-16 10:42:52,951:INFO:          scikitplot: 0.3.7
2025-09-16 10:42:52,951:INFO:         yellowbrick: 1.5
2025-09-16 10:42:52,951:INFO:              plotly: 6.3.0
2025-09-16 10:42:52,951:INFO:    plotly-resampler: Not installed
2025-09-16 10:42:52,951:INFO:             kaleido: 1.1.0
2025-09-16 10:42:52,951:INFO:           schemdraw: 0.15
2025-09-16 10:42:52,951:INFO:         statsmodels: 0.14.5
2025-09-16 10:42:52,951:INFO:              sktime: 0.26.0
2025-09-16 10:42:52,951:INFO:               tbats: 1.1.3
2025-09-16 10:42:52,951:INFO:            pmdarima: 2.0.4
2025-09-16 10:42:52,951:INFO:              psutil: 7.0.0
2025-09-16 10:42:52,951:INFO:          markupsafe: 3.0.2
2025-09-16 10:42:52,951:INFO:             pickle5: Not installed
2025-09-16 10:42:52,951:INFO:         cloudpickle: 3.1.1
2025-09-16 10:42:52,951:INFO:         deprecation: 2.1.0
2025-09-16 10:42:52,951:INFO:              xxhash: 3.5.0
2025-09-16 10:42:52,951:INFO:           wurlitzer: Not installed
2025-09-16 10:42:52,951:INFO:PyCaret optional dependencies:
2025-09-16 10:42:52,959:INFO:                shap: Not installed
2025-09-16 10:42:52,959:INFO:           interpret: Not installed
2025-09-16 10:42:52,959:INFO:                umap: Not installed
2025-09-16 10:42:52,959:INFO:     ydata_profiling: Not installed
2025-09-16 10:42:52,959:INFO:  explainerdashboard: Not installed
2025-09-16 10:42:52,959:INFO:             autoviz: Not installed
2025-09-16 10:42:52,959:INFO:           fairlearn: Not installed
2025-09-16 10:42:52,959:INFO:          deepchecks: Not installed
2025-09-16 10:42:52,959:INFO:             xgboost: Not installed
2025-09-16 10:42:52,959:INFO:            catboost: Not installed
2025-09-16 10:42:52,959:INFO:              kmodes: Not installed
2025-09-16 10:42:52,959:INFO:             mlxtend: Not installed
2025-09-16 10:42:52,959:INFO:       statsforecast: Not installed
2025-09-16 10:42:52,959:INFO:        tune_sklearn: Not installed
2025-09-16 10:42:52,959:INFO:                 ray: Not installed
2025-09-16 10:42:52,959:INFO:            hyperopt: Not installed
2025-09-16 10:42:52,959:INFO:              optuna: Not installed
2025-09-16 10:42:52,959:INFO:               skopt: Not installed
2025-09-16 10:42:52,959:INFO:              mlflow: Not installed
2025-09-16 10:42:52,959:INFO:              gradio: Not installed
2025-09-16 10:42:52,959:INFO:             fastapi: Not installed
2025-09-16 10:42:52,959:INFO:             uvicorn: Not installed
2025-09-16 10:42:52,959:INFO:              m2cgen: Not installed
2025-09-16 10:42:52,959:INFO:           evidently: Not installed
2025-09-16 10:42:52,959:INFO:               fugue: Not installed
2025-09-16 10:42:52,959:INFO:           streamlit: Not installed
2025-09-16 10:42:52,959:INFO:             prophet: Not installed
2025-09-16 10:42:52,959:INFO:None
2025-09-16 10:42:52,959:INFO:Set up data.
2025-09-16 10:42:52,961:INFO:Set up index.
2025-09-16 10:42:52,961:INFO:Assigning column types.
2025-09-16 10:42:52,962:INFO:Engine successfully changes for model 'kmeans' to 'sklearn'.
2025-09-16 10:42:53,161:INFO:Engine successfully changes for model 'dbscan' to 'sklearn'.
2025-09-16 10:42:53,163:INFO:Preparing preprocessing pipeline...
2025-09-16 10:42:53,163:INFO:Set up simple imputation.
2025-09-16 10:42:53,172:INFO:Finished creating preprocessing pipeline.
2025-09-16 10:42:53,175:INFO:Pipeline: Pipeline(memory=FastMemory(location=C:\Users\HARITS~1\AppData\Local\Temp\joblib),
         steps=[('numerical_imputer',
                 TransformerWrapper(include=['sepal_length', 'sepal_width',
                                             'petal_length', 'petal_width'],
                                    transformer=SimpleImputer())),
                ('categorical_imputer',
                 TransformerWrapper(include=[],
                                    transformer=SimpleImputer(strategy='most_frequent')))])
2025-09-16 10:42:53,175:INFO:Creating final display dataframe.
2025-09-16 10:42:53,184:INFO:Setup _display_container:                Description                 Value
0               Session id                  2767
1      Original data shape              (150, 4)
2   Transformed data shape              (150, 4)
3         Numeric features                     4
4               Preprocess                  True
5          Imputation type                simple
6       Numeric imputation                  mean
7   Categorical imputation                  mode
8                 CPU Jobs                    -1
9                  Use GPU                 False
10          Log Experiment                 False
11         Experiment Name  anomaly-default-name
12                     USI                  1ce9
2025-09-16 10:42:53,188:INFO:setup() successfully completed in 0.26s...............
2025-09-16 10:42:53,189:INFO:Initializing create_model()
2025-09-16 10:42:53,189:INFO:create_model(self=<pycaret.anomaly.oop.AnomalyExperiment object at 0x000001DB8F89FC10>, estimator=abod, num_clusters=4, fraction=0.05, ground_truth=None, round=4, fit_kwargs=None, experiment_custom_tags=None, verbose=True, system=True, add_to_model_list=True, raise_num_clusters=False, display=None, kwargs={})
2025-09-16 10:42:53,189:INFO:Checking exceptions
2025-09-16 10:42:53,206:INFO:Importing untrained model
2025-09-16 10:42:53,208:INFO:Angle-base Outlier Detection Imported successfully
2025-09-16 10:42:53,210:INFO:Fitting Model
2025-09-16 10:42:54,226:INFO:ABOD(contamination=0.05, method='fast', n_neighbors=5)
2025-09-16 10:42:54,227:INFO:create_models() successfully completed......................................
2025-09-16 10:42:54,229:INFO:Uploading results into container
2025-09-16 10:42:54,229:INFO:Uploading model into container now
2025-09-16 10:42:54,231:INFO:_master_model_container: 1
2025-09-16 10:42:54,231:INFO:_display_container: 1
2025-09-16 10:42:54,231:INFO:ABOD(contamination=0.05, method='fast', n_neighbors=5)
2025-09-16 10:42:54,231:INFO:create_model() successfully completed......................................
2025-09-16 10:42:54,303:INFO:Initializing assign_model()
2025-09-16 10:42:54,303:INFO:assign_model(self=<pycaret.anomaly.oop.AnomalyExperiment object at 0x000001DB8F89FC10>, model=ABOD(contamination=0.05, method='fast', n_neighbors=5), transformation=False, score=True, verbose=True)
2025-09-16 10:42:54,303:INFO:Checking exceptions
2025-09-16 10:42:54,303:INFO:Determining Trained Model
2025-09-16 10:42:54,303:INFO:Trained Model : Angle-base Outlier Detection
2025-09-16 10:42:54,303:INFO:Copying data
2025-09-16 10:42:54,304:INFO:(150, 6)
2025-09-16 10:42:54,304:INFO:assign_model() successfully completed......................................
2025-09-16 10:42:54,453:INFO:PyCaret AnomalyExperiment
2025-09-16 10:42:54,453:INFO:Logging name: anomaly-default-name
2025-09-16 10:42:54,454:INFO:ML Usecase: MLUsecase.ANOMALY
2025-09-16 10:42:54,454:INFO:version 3.3.2
2025-09-16 10:42:54,454:INFO:Initializing setup()
2025-09-16 10:42:54,454:INFO:self.USI: b1fe
2025-09-16 10:42:54,454:INFO:self._variable_keys: {'pipeline', '_ml_usecase', 'X', 'html_param', 'memory', 'USI', 'n_jobs_param', '_available_plots', 'gpu_n_jobs_param', 'logging_param', 'data', 'idx', 'gpu_param', 'exp_id', 'seed', 'log_plots_param', 'exp_name_log'}
2025-09-16 10:42:54,454:INFO:Checking environment
2025-09-16 10:42:54,454:INFO:python_version: 3.11.13
2025-09-16 10:42:54,454:INFO:python_build: ('main', 'Jun  5 2025 13:03:15')
2025-09-16 10:42:54,454:INFO:machine: AMD64
2025-09-16 10:42:54,454:INFO:platform: Windows-10-10.0.26100-SP0
2025-09-16 10:42:54,454:INFO:Memory: svmem(total=34049417216, available=19201703936, percent=43.6, used=14847713280, free=19201703936)
2025-09-16 10:42:54,454:INFO:Physical Core: 12
2025-09-16 10:42:54,454:INFO:Logical Core: 16
2025-09-16 10:42:54,454:INFO:Checking libraries
2025-09-16 10:42:54,454:INFO:System:
2025-09-16 10:42:54,454:INFO:    python: 3.11.13 | packaged by Anaconda, Inc. | (main, Jun  5 2025, 13:03:15) [MSC v.1929 64 bit (AMD64)]
2025-09-16 10:42:54,454:INFO:executable: C:\Anaconda3\envs\py311\python.exe
2025-09-16 10:42:54,454:INFO:   machine: Windows-10-10.0.26100-SP0
2025-09-16 10:42:54,454:INFO:PyCaret required dependencies:
2025-09-16 10:42:54,454:INFO:                 pip: 25.2
2025-09-16 10:42:54,454:INFO:          setuptools: 78.1.1
2025-09-16 10:42:54,454:INFO:             pycaret: 3.3.2
2025-09-16 10:42:54,454:INFO:             IPython: 9.1.0
2025-09-16 10:42:54,454:INFO:          ipywidgets: 8.1.5
2025-09-16 10:42:54,454:INFO:                tqdm: 4.67.1
2025-09-16 10:42:54,454:INFO:               numpy: 1.26.4
2025-09-16 10:42:54,454:INFO:              pandas: 2.1.4
2025-09-16 10:42:54,454:INFO:              jinja2: 3.1.6
2025-09-16 10:42:54,454:INFO:               scipy: 1.11.4
2025-09-16 10:42:54,454:INFO:              joblib: 1.3.2
2025-09-16 10:42:54,454:INFO:             sklearn: 1.4.2
2025-09-16 10:42:54,454:INFO:                pyod: 2.0.5
2025-09-16 10:42:54,454:INFO:            imblearn: 0.14.0
2025-09-16 10:42:54,454:INFO:   category_encoders: 2.7.0
2025-09-16 10:42:54,454:INFO:            lightgbm: 4.6.0
2025-09-16 10:42:54,455:INFO:               numba: 0.61.2
2025-09-16 10:42:54,455:INFO:            requests: 2.32.5
2025-09-16 10:42:54,455:INFO:          matplotlib: 3.7.5
2025-09-16 10:42:54,455:INFO:          scikitplot: 0.3.7
2025-09-16 10:42:54,455:INFO:         yellowbrick: 1.5
2025-09-16 10:42:54,455:INFO:              plotly: 6.3.0
2025-09-16 10:42:54,455:INFO:    plotly-resampler: Not installed
2025-09-16 10:42:54,455:INFO:             kaleido: 1.1.0
2025-09-16 10:42:54,455:INFO:           schemdraw: 0.15
2025-09-16 10:42:54,455:INFO:         statsmodels: 0.14.5
2025-09-16 10:42:54,455:INFO:              sktime: 0.26.0
2025-09-16 10:42:54,455:INFO:               tbats: 1.1.3
2025-09-16 10:42:54,455:INFO:            pmdarima: 2.0.4
2025-09-16 10:42:54,455:INFO:              psutil: 7.0.0
2025-09-16 10:42:54,455:INFO:          markupsafe: 3.0.2
2025-09-16 10:42:54,455:INFO:             pickle5: Not installed
2025-09-16 10:42:54,455:INFO:         cloudpickle: 3.1.1
2025-09-16 10:42:54,455:INFO:         deprecation: 2.1.0
2025-09-16 10:42:54,455:INFO:              xxhash: 3.5.0
2025-09-16 10:42:54,455:INFO:           wurlitzer: Not installed
2025-09-16 10:42:54,455:INFO:PyCaret optional dependencies:
2025-09-16 10:42:54,455:INFO:                shap: Not installed
2025-09-16 10:42:54,455:INFO:           interpret: Not installed
2025-09-16 10:42:54,455:INFO:                umap: Not installed
2025-09-16 10:42:54,455:INFO:     ydata_profiling: Not installed
2025-09-16 10:42:54,455:INFO:  explainerdashboard: Not installed
2025-09-16 10:42:54,455:INFO:             autoviz: Not installed
2025-09-16 10:42:54,455:INFO:           fairlearn: Not installed
2025-09-16 10:42:54,455:INFO:          deepchecks: Not installed
2025-09-16 10:42:54,455:INFO:             xgboost: Not installed
2025-09-16 10:42:54,455:INFO:            catboost: Not installed
2025-09-16 10:42:54,455:INFO:              kmodes: Not installed
2025-09-16 10:42:54,455:INFO:             mlxtend: Not installed
2025-09-16 10:42:54,455:INFO:       statsforecast: Not installed
2025-09-16 10:42:54,455:INFO:        tune_sklearn: Not installed
2025-09-16 10:42:54,455:INFO:                 ray: Not installed
2025-09-16 10:42:54,455:INFO:            hyperopt: Not installed
2025-09-16 10:42:54,455:INFO:              optuna: Not installed
2025-09-16 10:42:54,455:INFO:               skopt: Not installed
2025-09-16 10:42:54,455:INFO:              mlflow: Not installed
2025-09-16 10:42:54,455:INFO:              gradio: Not installed
2025-09-16 10:42:54,455:INFO:             fastapi: Not installed
2025-09-16 10:42:54,455:INFO:             uvicorn: Not installed
2025-09-16 10:42:54,455:INFO:              m2cgen: Not installed
2025-09-16 10:42:54,455:INFO:           evidently: Not installed
2025-09-16 10:42:54,455:INFO:               fugue: Not installed
2025-09-16 10:42:54,455:INFO:           streamlit: Not installed
2025-09-16 10:42:54,455:INFO:             prophet: Not installed
2025-09-16 10:42:54,455:INFO:None
2025-09-16 10:42:54,455:INFO:Set up data.
2025-09-16 10:42:54,457:INFO:Set up index.
2025-09-16 10:42:54,457:INFO:Assigning column types.
2025-09-16 10:42:54,458:INFO:Engine successfully changes for model 'kmeans' to 'sklearn'.
2025-09-16 10:42:54,458:INFO:Engine successfully changes for model 'dbscan' to 'sklearn'.
2025-09-16 10:42:54,459:INFO:Preparing preprocessing pipeline...
2025-09-16 10:42:54,459:INFO:Set up simple imputation.
2025-09-16 10:42:54,467:INFO:Finished creating preprocessing pipeline.
2025-09-16 10:42:54,469:INFO:Pipeline: Pipeline(memory=FastMemory(location=C:\Users\HARITS~1\AppData\Local\Temp\joblib),
         steps=[('numerical_imputer',
                 TransformerWrapper(include=['sepal_length', 'sepal_width',
                                             'petal_length', 'petal_width'],
                                    transformer=SimpleImputer())),
                ('categorical_imputer',
                 TransformerWrapper(include=[],
                                    transformer=SimpleImputer(strategy='most_frequent')))])
2025-09-16 10:42:54,469:INFO:Creating final display dataframe.
2025-09-16 10:42:54,477:INFO:Setup _display_container:                Description                 Value
0               Session id                  7141
1      Original data shape              (150, 4)
2   Transformed data shape              (150, 4)
3         Numeric features                     4
4               Preprocess                  True
5          Imputation type                simple
6       Numeric imputation                  mean
7   Categorical imputation                  mode
8                 CPU Jobs                    -1
9                  Use GPU                 False
10          Log Experiment                 False
11         Experiment Name  anomaly-default-name
12                     USI                  b1fe
2025-09-16 10:42:54,480:INFO:setup() successfully completed in 0.03s...............
2025-09-16 10:42:54,481:INFO:Initializing create_model()
2025-09-16 10:42:54,481:INFO:create_model(self=<pycaret.anomaly.oop.AnomalyExperiment object at 0x000001DB92462E10>, estimator=knn, num_clusters=4, fraction=0.05, ground_truth=None, round=4, fit_kwargs=None, experiment_custom_tags=None, verbose=True, system=True, add_to_model_list=True, raise_num_clusters=False, display=None, kwargs={})
2025-09-16 10:42:54,481:INFO:Checking exceptions
2025-09-16 10:42:54,497:INFO:Importing untrained model
2025-09-16 10:42:54,498:INFO:K-Nearest Neighbors Detector Imported successfully
2025-09-16 10:42:54,500:INFO:Fitting Model
2025-09-16 10:42:54,522:INFO:KNN(algorithm='auto', contamination=0.05, leaf_size=30, method='largest',
  metric='minkowski', metric_params=None, n_jobs=-1, n_neighbors=5, p=2,
  radius=1.0)
2025-09-16 10:42:54,522:INFO:create_models() successfully completed......................................
2025-09-16 10:42:54,524:INFO:Uploading results into container
2025-09-16 10:42:54,525:INFO:Uploading model into container now
2025-09-16 10:42:54,526:INFO:_master_model_container: 1
2025-09-16 10:42:54,526:INFO:_display_container: 1
2025-09-16 10:42:54,526:INFO:KNN(algorithm='auto', contamination=0.05, leaf_size=30, method='largest',
  metric='minkowski', metric_params=None, n_jobs=-1, n_neighbors=5, p=2,
  radius=1.0)
2025-09-16 10:42:54,526:INFO:create_model() successfully completed......................................
2025-09-16 10:42:54,597:INFO:Initializing assign_model()
2025-09-16 10:42:54,597:INFO:assign_model(self=<pycaret.anomaly.oop.AnomalyExperiment object at 0x000001DB92462E10>, model=KNN(algorithm='auto', contamination=0.05, leaf_size=30, method='largest',
  metric='minkowski', metric_params=None, n_jobs=-1, n_neighbors=5, p=2,
  radius=1.0), transformation=False, score=True, verbose=True)
2025-09-16 10:42:54,597:INFO:Checking exceptions
2025-09-16 10:42:54,597:INFO:Determining Trained Model
2025-09-16 10:42:54,597:INFO:Trained Model : K-Nearest Neighbors Detector
2025-09-16 10:42:54,597:INFO:Copying data
2025-09-16 10:42:54,598:INFO:(150, 6)
2025-09-16 10:42:54,598:INFO:assign_model() successfully completed......................................
2025-09-16 10:42:54,714:INFO:PyCaret AnomalyExperiment
2025-09-16 10:42:54,714:INFO:Logging name: anomaly-default-name
2025-09-16 10:42:54,714:INFO:ML Usecase: MLUsecase.ANOMALY
2025-09-16 10:42:54,715:INFO:version 3.3.2
2025-09-16 10:42:54,715:INFO:Initializing setup()
2025-09-16 10:42:54,715:INFO:self.USI: b432
2025-09-16 10:42:54,715:INFO:self._variable_keys: {'pipeline', '_ml_usecase', 'X', 'html_param', 'memory', 'USI', 'n_jobs_param', '_available_plots', 'gpu_n_jobs_param', 'logging_param', 'data', 'idx', 'gpu_param', 'exp_id', 'seed', 'log_plots_param', 'exp_name_log'}
2025-09-16 10:42:54,715:INFO:Checking environment
2025-09-16 10:42:54,715:INFO:python_version: 3.11.13
2025-09-16 10:42:54,715:INFO:python_build: ('main', 'Jun  5 2025 13:03:15')
2025-09-16 10:42:54,715:INFO:machine: AMD64
2025-09-16 10:42:54,715:INFO:platform: Windows-10-10.0.26100-SP0
2025-09-16 10:42:54,715:INFO:Memory: svmem(total=34049417216, available=19201314816, percent=43.6, used=14848102400, free=19201314816)
2025-09-16 10:42:54,715:INFO:Physical Core: 12
2025-09-16 10:42:54,715:INFO:Logical Core: 16
2025-09-16 10:42:54,715:INFO:Checking libraries
2025-09-16 10:42:54,715:INFO:System:
2025-09-16 10:42:54,715:INFO:    python: 3.11.13 | packaged by Anaconda, Inc. | (main, Jun  5 2025, 13:03:15) [MSC v.1929 64 bit (AMD64)]
2025-09-16 10:42:54,715:INFO:executable: C:\Anaconda3\envs\py311\python.exe
2025-09-16 10:42:54,715:INFO:   machine: Windows-10-10.0.26100-SP0
2025-09-16 10:42:54,715:INFO:PyCaret required dependencies:
2025-09-16 10:42:54,715:INFO:                 pip: 25.2
2025-09-16 10:42:54,715:INFO:          setuptools: 78.1.1
2025-09-16 10:42:54,715:INFO:             pycaret: 3.3.2
2025-09-16 10:42:54,715:INFO:             IPython: 9.1.0
2025-09-16 10:42:54,715:INFO:          ipywidgets: 8.1.5
2025-09-16 10:42:54,715:INFO:                tqdm: 4.67.1
2025-09-16 10:42:54,715:INFO:               numpy: 1.26.4
2025-09-16 10:42:54,715:INFO:              pandas: 2.1.4
2025-09-16 10:42:54,715:INFO:              jinja2: 3.1.6
2025-09-16 10:42:54,715:INFO:               scipy: 1.11.4
2025-09-16 10:42:54,715:INFO:              joblib: 1.3.2
2025-09-16 10:42:54,715:INFO:             sklearn: 1.4.2
2025-09-16 10:42:54,715:INFO:                pyod: 2.0.5
2025-09-16 10:42:54,715:INFO:            imblearn: 0.14.0
2025-09-16 10:42:54,715:INFO:   category_encoders: 2.7.0
2025-09-16 10:42:54,715:INFO:            lightgbm: 4.6.0
2025-09-16 10:42:54,715:INFO:               numba: 0.61.2
2025-09-16 10:42:54,715:INFO:            requests: 2.32.5
2025-09-16 10:42:54,715:INFO:          matplotlib: 3.7.5
2025-09-16 10:42:54,715:INFO:          scikitplot: 0.3.7
2025-09-16 10:42:54,715:INFO:         yellowbrick: 1.5
2025-09-16 10:42:54,715:INFO:              plotly: 6.3.0
2025-09-16 10:42:54,715:INFO:    plotly-resampler: Not installed
2025-09-16 10:42:54,716:INFO:             kaleido: 1.1.0
2025-09-16 10:42:54,716:INFO:           schemdraw: 0.15
2025-09-16 10:42:54,716:INFO:         statsmodels: 0.14.5
2025-09-16 10:42:54,716:INFO:              sktime: 0.26.0
2025-09-16 10:42:54,716:INFO:               tbats: 1.1.3
2025-09-16 10:42:54,716:INFO:            pmdarima: 2.0.4
2025-09-16 10:42:54,716:INFO:              psutil: 7.0.0
2025-09-16 10:42:54,716:INFO:          markupsafe: 3.0.2
2025-09-16 10:42:54,716:INFO:             pickle5: Not installed
2025-09-16 10:42:54,716:INFO:         cloudpickle: 3.1.1
2025-09-16 10:42:54,716:INFO:         deprecation: 2.1.0
2025-09-16 10:42:54,716:INFO:              xxhash: 3.5.0
2025-09-16 10:42:54,716:INFO:           wurlitzer: Not installed
2025-09-16 10:42:54,716:INFO:PyCaret optional dependencies:
2025-09-16 10:42:54,716:INFO:                shap: Not installed
2025-09-16 10:42:54,716:INFO:           interpret: Not installed
2025-09-16 10:42:54,716:INFO:                umap: Not installed
2025-09-16 10:42:54,716:INFO:     ydata_profiling: Not installed
2025-09-16 10:42:54,716:INFO:  explainerdashboard: Not installed
2025-09-16 10:42:54,716:INFO:             autoviz: Not installed
2025-09-16 10:42:54,716:INFO:           fairlearn: Not installed
2025-09-16 10:42:54,716:INFO:          deepchecks: Not installed
2025-09-16 10:42:54,716:INFO:             xgboost: Not installed
2025-09-16 10:42:54,716:INFO:            catboost: Not installed
2025-09-16 10:42:54,716:INFO:              kmodes: Not installed
2025-09-16 10:42:54,716:INFO:             mlxtend: Not installed
2025-09-16 10:42:54,716:INFO:       statsforecast: Not installed
2025-09-16 10:42:54,716:INFO:        tune_sklearn: Not installed
2025-09-16 10:42:54,716:INFO:                 ray: Not installed
2025-09-16 10:42:54,716:INFO:            hyperopt: Not installed
2025-09-16 10:42:54,716:INFO:              optuna: Not installed
2025-09-16 10:42:54,716:INFO:               skopt: Not installed
2025-09-16 10:42:54,716:INFO:              mlflow: Not installed
2025-09-16 10:42:54,716:INFO:              gradio: Not installed
2025-09-16 10:42:54,716:INFO:             fastapi: Not installed
2025-09-16 10:42:54,716:INFO:             uvicorn: Not installed
2025-09-16 10:42:54,716:INFO:              m2cgen: Not installed
2025-09-16 10:42:54,716:INFO:           evidently: Not installed
2025-09-16 10:42:54,716:INFO:               fugue: Not installed
2025-09-16 10:42:54,716:INFO:           streamlit: Not installed
2025-09-16 10:42:54,716:INFO:             prophet: Not installed
2025-09-16 10:42:54,716:INFO:None
2025-09-16 10:42:54,716:INFO:Set up data.
2025-09-16 10:42:54,717:INFO:Set up index.
2025-09-16 10:42:54,717:INFO:Assigning column types.
2025-09-16 10:42:54,718:INFO:Engine successfully changes for model 'kmeans' to 'sklearn'.
2025-09-16 10:42:54,719:INFO:Engine successfully changes for model 'dbscan' to 'sklearn'.
2025-09-16 10:42:54,720:INFO:Preparing preprocessing pipeline...
2025-09-16 10:42:54,720:INFO:Set up simple imputation.
2025-09-16 10:42:54,727:INFO:Finished creating preprocessing pipeline.
2025-09-16 10:42:54,729:INFO:Pipeline: Pipeline(memory=FastMemory(location=C:\Users\HARITS~1\AppData\Local\Temp\joblib),
         steps=[('numerical_imputer',
                 TransformerWrapper(include=['sepal_length', 'sepal_width',
                                             'petal_length', 'petal_width'],
                                    transformer=SimpleImputer())),
                ('categorical_imputer',
                 TransformerWrapper(include=[],
                                    transformer=SimpleImputer(strategy='most_frequent')))])
2025-09-16 10:42:54,729:INFO:Creating final display dataframe.
2025-09-16 10:42:54,736:INFO:Setup _display_container:                Description                 Value
0               Session id                  8610
1      Original data shape              (150, 4)
2   Transformed data shape              (150, 4)
3         Numeric features                     4
4               Preprocess                  True
5          Imputation type                simple
6       Numeric imputation                  mean
7   Categorical imputation                  mode
8                 CPU Jobs                    -1
9                  Use GPU                 False
10          Log Experiment                 False
11         Experiment Name  anomaly-default-name
12                     USI                  b432
2025-09-16 10:42:54,740:INFO:setup() successfully completed in 0.03s...............
2025-09-16 10:42:54,741:INFO:Initializing create_model()
2025-09-16 10:42:54,741:INFO:create_model(self=<pycaret.anomaly.oop.AnomalyExperiment object at 0x000001DBEA8AFED0>, estimator=lof, num_clusters=4, fraction=0.05, ground_truth=None, round=4, fit_kwargs=None, experiment_custom_tags=None, verbose=True, system=True, add_to_model_list=True, raise_num_clusters=False, display=None, kwargs={})
2025-09-16 10:42:54,741:INFO:Checking exceptions
2025-09-16 10:42:54,757:INFO:Importing untrained model
2025-09-16 10:42:54,760:INFO:Local Outlier Factor Imported successfully
2025-09-16 10:42:54,762:INFO:Fitting Model
2025-09-16 10:42:54,781:INFO:LOF(algorithm='auto', contamination=0.05, leaf_size=30, metric='minkowski',
  metric_params=None, n_jobs=-1, n_neighbors=20, novelty=True, p=2)
2025-09-16 10:42:54,781:INFO:create_models() successfully completed......................................
2025-09-16 10:42:54,783:INFO:Uploading results into container
2025-09-16 10:42:54,783:INFO:Uploading model into container now
2025-09-16 10:42:54,784:INFO:_master_model_container: 1
2025-09-16 10:42:54,784:INFO:_display_container: 1
2025-09-16 10:42:54,785:INFO:LOF(algorithm='auto', contamination=0.05, leaf_size=30, metric='minkowski',
  metric_params=None, n_jobs=-1, n_neighbors=20, novelty=True, p=2)
2025-09-16 10:42:54,785:INFO:create_model() successfully completed......................................
2025-09-16 10:42:54,854:INFO:Initializing assign_model()
2025-09-16 10:42:54,855:INFO:assign_model(self=<pycaret.anomaly.oop.AnomalyExperiment object at 0x000001DBEA8AFED0>, model=LOF(algorithm='auto', contamination=0.05, leaf_size=30, metric='minkowski',
  metric_params=None, n_jobs=-1, n_neighbors=20, novelty=True, p=2), transformation=False, score=True, verbose=True)
2025-09-16 10:42:54,855:INFO:Checking exceptions
2025-09-16 10:42:54,855:INFO:Determining Trained Model
2025-09-16 10:42:54,855:INFO:Trained Model : Local Outlier Factor
2025-09-16 10:42:54,855:INFO:Copying data
2025-09-16 10:42:54,855:INFO:(150, 6)
2025-09-16 10:42:54,857:INFO:assign_model() successfully completed......................................
2025-09-16 10:53:02,973:WARNING:
'cuml' is a soft dependency and not included in the pycaret installation. Please run: `pip install cuml` to install.
2025-09-16 10:53:02,973:WARNING:
'cuml' is a soft dependency and not included in the pycaret installation. Please run: `pip install cuml` to install.
2025-09-16 10:53:02,973:WARNING:
'cuml' is a soft dependency and not included in the pycaret installation. Please run: `pip install cuml` to install.
2025-09-16 10:53:02,973:WARNING:
'cuml' is a soft dependency and not included in the pycaret installation. Please run: `pip install cuml` to install.
2025-09-16 10:53:03,613:INFO:PyCaret AnomalyExperiment
2025-09-16 10:53:03,613:INFO:Logging name: anomaly-default-name
2025-09-16 10:53:03,613:INFO:ML Usecase: MLUsecase.ANOMALY
2025-09-16 10:53:03,613:INFO:version 3.3.2
2025-09-16 10:53:03,613:INFO:Initializing setup()
2025-09-16 10:53:03,613:INFO:self.USI: e1fe
2025-09-16 10:53:03,613:INFO:self._variable_keys: {'logging_param', 'exp_name_log', '_ml_usecase', 'gpu_param', 'seed', 'log_plots_param', 'html_param', 'pipeline', '_available_plots', 'USI', 'gpu_n_jobs_param', 'data', 'idx', 'exp_id', 'memory', 'X', 'n_jobs_param'}
2025-09-16 10:53:03,613:INFO:Checking environment
2025-09-16 10:53:03,613:INFO:python_version: 3.11.13
2025-09-16 10:53:03,613:INFO:python_build: ('main', 'Jun  5 2025 13:03:15')
2025-09-16 10:53:03,613:INFO:machine: AMD64
2025-09-16 10:53:03,613:INFO:platform: Windows-10-10.0.26100-SP0
2025-09-16 10:53:03,615:INFO:Memory: svmem(total=34049417216, available=18313723904, percent=46.2, used=15735693312, free=18313723904)
2025-09-16 10:53:03,615:INFO:Physical Core: 12
2025-09-16 10:53:03,615:INFO:Logical Core: 16
2025-09-16 10:53:03,615:INFO:Checking libraries
2025-09-16 10:53:03,615:INFO:System:
2025-09-16 10:53:03,615:INFO:    python: 3.11.13 | packaged by Anaconda, Inc. | (main, Jun  5 2025, 13:03:15) [MSC v.1929 64 bit (AMD64)]
2025-09-16 10:53:03,615:INFO:executable: C:\Anaconda3\envs\py311\python.exe
2025-09-16 10:53:03,615:INFO:   machine: Windows-10-10.0.26100-SP0
2025-09-16 10:53:03,615:INFO:PyCaret required dependencies:
2025-09-16 10:53:03,632:INFO:                 pip: 25.2
2025-09-16 10:53:03,632:INFO:          setuptools: 78.1.1
2025-09-16 10:53:03,632:INFO:             pycaret: 3.3.2
2025-09-16 10:53:03,632:INFO:             IPython: 9.1.0
2025-09-16 10:53:03,632:INFO:          ipywidgets: 8.1.5
2025-09-16 10:53:03,632:INFO:                tqdm: 4.67.1
2025-09-16 10:53:03,632:INFO:               numpy: 1.26.4
2025-09-16 10:53:03,632:INFO:              pandas: 2.1.4
2025-09-16 10:53:03,632:INFO:              jinja2: 3.1.6
2025-09-16 10:53:03,632:INFO:               scipy: 1.11.4
2025-09-16 10:53:03,632:INFO:              joblib: 1.3.2
2025-09-16 10:53:03,632:INFO:             sklearn: 1.4.2
2025-09-16 10:53:03,632:INFO:                pyod: 2.0.5
2025-09-16 10:53:03,632:INFO:            imblearn: 0.14.0
2025-09-16 10:53:03,632:INFO:   category_encoders: 2.7.0
2025-09-16 10:53:03,632:INFO:            lightgbm: 4.6.0
2025-09-16 10:53:03,632:INFO:               numba: 0.61.2
2025-09-16 10:53:03,632:INFO:            requests: 2.32.5
2025-09-16 10:53:03,632:INFO:          matplotlib: 3.7.5
2025-09-16 10:53:03,632:INFO:          scikitplot: 0.3.7
2025-09-16 10:53:03,632:INFO:         yellowbrick: 1.5
2025-09-16 10:53:03,632:INFO:              plotly: 6.3.0
2025-09-16 10:53:03,632:INFO:    plotly-resampler: Not installed
2025-09-16 10:53:03,632:INFO:             kaleido: 1.1.0
2025-09-16 10:53:03,632:INFO:           schemdraw: 0.15
2025-09-16 10:53:03,632:INFO:         statsmodels: 0.14.5
2025-09-16 10:53:03,632:INFO:              sktime: 0.26.0
2025-09-16 10:53:03,632:INFO:               tbats: 1.1.3
2025-09-16 10:53:03,632:INFO:            pmdarima: 2.0.4
2025-09-16 10:53:03,632:INFO:              psutil: 7.0.0
2025-09-16 10:53:03,632:INFO:          markupsafe: 3.0.2
2025-09-16 10:53:03,632:INFO:             pickle5: Not installed
2025-09-16 10:53:03,632:INFO:         cloudpickle: 3.1.1
2025-09-16 10:53:03,632:INFO:         deprecation: 2.1.0
2025-09-16 10:53:03,632:INFO:              xxhash: 3.5.0
2025-09-16 10:53:03,632:INFO:           wurlitzer: Not installed
2025-09-16 10:53:03,632:INFO:PyCaret optional dependencies:
2025-09-16 10:53:03,640:INFO:                shap: Not installed
2025-09-16 10:53:03,640:INFO:           interpret: Not installed
2025-09-16 10:53:03,640:INFO:                umap: Not installed
2025-09-16 10:53:03,640:INFO:     ydata_profiling: Not installed
2025-09-16 10:53:03,640:INFO:  explainerdashboard: Not installed
2025-09-16 10:53:03,640:INFO:             autoviz: Not installed
2025-09-16 10:53:03,640:INFO:           fairlearn: Not installed
2025-09-16 10:53:03,640:INFO:          deepchecks: Not installed
2025-09-16 10:53:03,640:INFO:             xgboost: Not installed
2025-09-16 10:53:03,640:INFO:            catboost: Not installed
2025-09-16 10:53:03,640:INFO:              kmodes: Not installed
2025-09-16 10:53:03,640:INFO:             mlxtend: Not installed
2025-09-16 10:53:03,640:INFO:       statsforecast: Not installed
2025-09-16 10:53:03,640:INFO:        tune_sklearn: Not installed
2025-09-16 10:53:03,640:INFO:                 ray: Not installed
2025-09-16 10:53:03,640:INFO:            hyperopt: Not installed
2025-09-16 10:53:03,640:INFO:              optuna: Not installed
2025-09-16 10:53:03,640:INFO:               skopt: Not installed
2025-09-16 10:53:03,640:INFO:              mlflow: Not installed
2025-09-16 10:53:03,640:INFO:              gradio: Not installed
2025-09-16 10:53:03,640:INFO:             fastapi: Not installed
2025-09-16 10:53:03,640:INFO:             uvicorn: Not installed
2025-09-16 10:53:03,640:INFO:              m2cgen: Not installed
2025-09-16 10:53:03,640:INFO:           evidently: Not installed
2025-09-16 10:53:03,640:INFO:               fugue: Not installed
2025-09-16 10:53:03,640:INFO:           streamlit: Not installed
2025-09-16 10:53:03,640:INFO:             prophet: Not installed
2025-09-16 10:53:03,640:INFO:None
2025-09-16 10:53:03,640:INFO:Set up data.
2025-09-16 10:53:03,642:INFO:Set up index.
2025-09-16 10:53:03,642:INFO:Assigning column types.
2025-09-16 10:53:03,643:INFO:Engine successfully changes for model 'kmeans' to 'sklearn'.
2025-09-16 10:53:03,834:INFO:Engine successfully changes for model 'dbscan' to 'sklearn'.
2025-09-16 10:53:03,835:INFO:Preparing preprocessing pipeline...
2025-09-16 10:53:03,835:INFO:Set up simple imputation.
2025-09-16 10:53:03,843:INFO:Finished creating preprocessing pipeline.
2025-09-16 10:53:03,846:INFO:Pipeline: Pipeline(memory=FastMemory(location=C:\Users\HARITS~1\AppData\Local\Temp\joblib),
         steps=[('numerical_imputer',
                 TransformerWrapper(include=['sepal_length', 'sepal_width',
                                             'petal_length', 'petal_width'],
                                    transformer=SimpleImputer())),
                ('categorical_imputer',
                 TransformerWrapper(include=[],
                                    transformer=SimpleImputer(strategy='most_frequent')))])
2025-09-16 10:53:03,846:INFO:Creating final display dataframe.
2025-09-16 10:53:03,855:INFO:Setup _display_container:                Description                 Value
0               Session id                  1393
1      Original data shape              (150, 4)
2   Transformed data shape              (150, 4)
3         Numeric features                     4
4               Preprocess                  True
5          Imputation type                simple
6       Numeric imputation                  mean
7   Categorical imputation                  mode
8                 CPU Jobs                    -1
9                  Use GPU                 False
10          Log Experiment                 False
11         Experiment Name  anomaly-default-name
12                     USI                  e1fe
2025-09-16 10:53:03,861:INFO:setup() successfully completed in 0.25s...............
2025-09-16 10:53:03,861:INFO:Initializing create_model()
2025-09-16 10:53:03,862:INFO:create_model(self=<pycaret.anomaly.oop.AnomalyExperiment object at 0x000002D8EBCF36D0>, estimator=abod, num_clusters=4, fraction=0.05, ground_truth=None, round=4, fit_kwargs=None, experiment_custom_tags=None, verbose=True, system=True, add_to_model_list=True, raise_num_clusters=False, display=None, kwargs={})
2025-09-16 10:53:03,862:INFO:Checking exceptions
2025-09-16 10:53:03,880:INFO:Importing untrained model
2025-09-16 10:53:03,882:INFO:Angle-base Outlier Detection Imported successfully
2025-09-16 10:53:03,884:INFO:Fitting Model
2025-09-16 10:53:04,875:INFO:ABOD(contamination=0.05, method='fast', n_neighbors=5)
2025-09-16 10:53:04,875:INFO:create_models() successfully completed......................................
2025-09-16 10:53:04,879:INFO:Uploading results into container
2025-09-16 10:53:04,879:INFO:Uploading model into container now
2025-09-16 10:53:04,880:INFO:_master_model_container: 1
2025-09-16 10:53:04,880:INFO:_display_container: 1
2025-09-16 10:53:04,880:INFO:ABOD(contamination=0.05, method='fast', n_neighbors=5)
2025-09-16 10:53:04,881:INFO:create_model() successfully completed......................................
2025-09-16 10:53:04,957:INFO:Initializing assign_model()
2025-09-16 10:53:04,957:INFO:assign_model(self=<pycaret.anomaly.oop.AnomalyExperiment object at 0x000002D8EBCF36D0>, model=ABOD(contamination=0.05, method='fast', n_neighbors=5), transformation=False, score=True, verbose=True)
2025-09-16 10:53:04,957:INFO:Checking exceptions
2025-09-16 10:53:04,957:INFO:Determining Trained Model
2025-09-16 10:53:04,957:INFO:Trained Model : Angle-base Outlier Detection
2025-09-16 10:53:04,957:INFO:Copying data
2025-09-16 10:53:04,958:INFO:(150, 6)
2025-09-16 10:53:04,958:INFO:assign_model() successfully completed......................................
2025-09-16 10:53:05,110:INFO:PyCaret AnomalyExperiment
2025-09-16 10:53:05,110:INFO:Logging name: anomaly-default-name
2025-09-16 10:53:05,111:INFO:ML Usecase: MLUsecase.ANOMALY
2025-09-16 10:53:05,111:INFO:version 3.3.2
2025-09-16 10:53:05,111:INFO:Initializing setup()
2025-09-16 10:53:05,111:INFO:self.USI: 6f95
2025-09-16 10:53:05,111:INFO:self._variable_keys: {'logging_param', 'exp_name_log', '_ml_usecase', 'gpu_param', 'seed', 'log_plots_param', 'html_param', 'pipeline', '_available_plots', 'USI', 'gpu_n_jobs_param', 'data', 'idx', 'exp_id', 'memory', 'X', 'n_jobs_param'}
2025-09-16 10:53:05,111:INFO:Checking environment
2025-09-16 10:53:05,111:INFO:python_version: 3.11.13
2025-09-16 10:53:05,111:INFO:python_build: ('main', 'Jun  5 2025 13:03:15')
2025-09-16 10:53:05,111:INFO:machine: AMD64
2025-09-16 10:53:05,111:INFO:platform: Windows-10-10.0.26100-SP0
2025-09-16 10:53:05,111:INFO:Memory: svmem(total=34049417216, available=18277498880, percent=46.3, used=15771918336, free=18277498880)
2025-09-16 10:53:05,111:INFO:Physical Core: 12
2025-09-16 10:53:05,111:INFO:Logical Core: 16
2025-09-16 10:53:05,111:INFO:Checking libraries
2025-09-16 10:53:05,111:INFO:System:
2025-09-16 10:53:05,111:INFO:    python: 3.11.13 | packaged by Anaconda, Inc. | (main, Jun  5 2025, 13:03:15) [MSC v.1929 64 bit (AMD64)]
2025-09-16 10:53:05,111:INFO:executable: C:\Anaconda3\envs\py311\python.exe
2025-09-16 10:53:05,111:INFO:   machine: Windows-10-10.0.26100-SP0
2025-09-16 10:53:05,111:INFO:PyCaret required dependencies:
2025-09-16 10:53:05,111:INFO:                 pip: 25.2
2025-09-16 10:53:05,111:INFO:          setuptools: 78.1.1
2025-09-16 10:53:05,111:INFO:             pycaret: 3.3.2
2025-09-16 10:53:05,111:INFO:             IPython: 9.1.0
2025-09-16 10:53:05,111:INFO:          ipywidgets: 8.1.5
2025-09-16 10:53:05,111:INFO:                tqdm: 4.67.1
2025-09-16 10:53:05,111:INFO:               numpy: 1.26.4
2025-09-16 10:53:05,111:INFO:              pandas: 2.1.4
2025-09-16 10:53:05,111:INFO:              jinja2: 3.1.6
2025-09-16 10:53:05,112:INFO:               scipy: 1.11.4
2025-09-16 10:53:05,112:INFO:              joblib: 1.3.2
2025-09-16 10:53:05,112:INFO:             sklearn: 1.4.2
2025-09-16 10:53:05,112:INFO:                pyod: 2.0.5
2025-09-16 10:53:05,112:INFO:            imblearn: 0.14.0
2025-09-16 10:53:05,112:INFO:   category_encoders: 2.7.0
2025-09-16 10:53:05,112:INFO:            lightgbm: 4.6.0
2025-09-16 10:53:05,112:INFO:               numba: 0.61.2
2025-09-16 10:53:05,112:INFO:            requests: 2.32.5
2025-09-16 10:53:05,112:INFO:          matplotlib: 3.7.5
2025-09-16 10:53:05,112:INFO:          scikitplot: 0.3.7
2025-09-16 10:53:05,112:INFO:         yellowbrick: 1.5
2025-09-16 10:53:05,112:INFO:              plotly: 6.3.0
2025-09-16 10:53:05,112:INFO:    plotly-resampler: Not installed
2025-09-16 10:53:05,112:INFO:             kaleido: 1.1.0
2025-09-16 10:53:05,112:INFO:           schemdraw: 0.15
2025-09-16 10:53:05,112:INFO:         statsmodels: 0.14.5
2025-09-16 10:53:05,112:INFO:              sktime: 0.26.0
2025-09-16 10:53:05,112:INFO:               tbats: 1.1.3
2025-09-16 10:53:05,112:INFO:            pmdarima: 2.0.4
2025-09-16 10:53:05,112:INFO:              psutil: 7.0.0
2025-09-16 10:53:05,112:INFO:          markupsafe: 3.0.2
2025-09-16 10:53:05,112:INFO:             pickle5: Not installed
2025-09-16 10:53:05,112:INFO:         cloudpickle: 3.1.1
2025-09-16 10:53:05,112:INFO:         deprecation: 2.1.0
2025-09-16 10:53:05,112:INFO:              xxhash: 3.5.0
2025-09-16 10:53:05,112:INFO:           wurlitzer: Not installed
2025-09-16 10:53:05,112:INFO:PyCaret optional dependencies:
2025-09-16 10:53:05,112:INFO:                shap: Not installed
2025-09-16 10:53:05,112:INFO:           interpret: Not installed
2025-09-16 10:53:05,112:INFO:                umap: Not installed
2025-09-16 10:53:05,112:INFO:     ydata_profiling: Not installed
2025-09-16 10:53:05,112:INFO:  explainerdashboard: Not installed
2025-09-16 10:53:05,112:INFO:             autoviz: Not installed
2025-09-16 10:53:05,112:INFO:           fairlearn: Not installed
2025-09-16 10:53:05,112:INFO:          deepchecks: Not installed
2025-09-16 10:53:05,112:INFO:             xgboost: Not installed
2025-09-16 10:53:05,112:INFO:            catboost: Not installed
2025-09-16 10:53:05,112:INFO:              kmodes: Not installed
2025-09-16 10:53:05,112:INFO:             mlxtend: Not installed
2025-09-16 10:53:05,112:INFO:       statsforecast: Not installed
2025-09-16 10:53:05,112:INFO:        tune_sklearn: Not installed
2025-09-16 10:53:05,112:INFO:                 ray: Not installed
2025-09-16 10:53:05,112:INFO:            hyperopt: Not installed
2025-09-16 10:53:05,112:INFO:              optuna: Not installed
2025-09-16 10:53:05,112:INFO:               skopt: Not installed
2025-09-16 10:53:05,112:INFO:              mlflow: Not installed
2025-09-16 10:53:05,112:INFO:              gradio: Not installed
2025-09-16 10:53:05,112:INFO:             fastapi: Not installed
2025-09-16 10:53:05,112:INFO:             uvicorn: Not installed
2025-09-16 10:53:05,112:INFO:              m2cgen: Not installed
2025-09-16 10:53:05,112:INFO:           evidently: Not installed
2025-09-16 10:53:05,113:INFO:               fugue: Not installed
2025-09-16 10:53:05,113:INFO:           streamlit: Not installed
2025-09-16 10:53:05,113:INFO:             prophet: Not installed
2025-09-16 10:53:05,113:INFO:None
2025-09-16 10:53:05,113:INFO:Set up data.
2025-09-16 10:53:05,114:INFO:Set up index.
2025-09-16 10:53:05,114:INFO:Assigning column types.
2025-09-16 10:53:05,115:INFO:Engine successfully changes for model 'kmeans' to 'sklearn'.
2025-09-16 10:53:05,115:INFO:Engine successfully changes for model 'dbscan' to 'sklearn'.
2025-09-16 10:53:05,116:INFO:Preparing preprocessing pipeline...
2025-09-16 10:53:05,116:INFO:Set up simple imputation.
2025-09-16 10:53:05,123:INFO:Finished creating preprocessing pipeline.
2025-09-16 10:53:05,125:INFO:Pipeline: Pipeline(memory=FastMemory(location=C:\Users\HARITS~1\AppData\Local\Temp\joblib),
         steps=[('numerical_imputer',
                 TransformerWrapper(include=['sepal_length', 'sepal_width',
                                             'petal_length', 'petal_width'],
                                    transformer=SimpleImputer())),
                ('categorical_imputer',
                 TransformerWrapper(include=[],
                                    transformer=SimpleImputer(strategy='most_frequent')))])
2025-09-16 10:53:05,125:INFO:Creating final display dataframe.
2025-09-16 10:53:05,132:INFO:Setup _display_container:                Description                 Value
0               Session id                  7945
1      Original data shape              (150, 4)
2   Transformed data shape              (150, 4)
3         Numeric features                     4
4               Preprocess                  True
5          Imputation type                simple
6       Numeric imputation                  mean
7   Categorical imputation                  mode
8                 CPU Jobs                    -1
9                  Use GPU                 False
10          Log Experiment                 False
11         Experiment Name  anomaly-default-name
12                     USI                  6f95
2025-09-16 10:53:05,137:INFO:setup() successfully completed in 0.03s...............
2025-09-16 10:53:05,138:INFO:Initializing create_model()
2025-09-16 10:53:05,138:INFO:create_model(self=<pycaret.anomaly.oop.AnomalyExperiment object at 0x000002D8A7E09590>, estimator=knn, num_clusters=4, fraction=0.05, ground_truth=None, round=4, fit_kwargs=None, experiment_custom_tags=None, verbose=True, system=True, add_to_model_list=True, raise_num_clusters=False, display=None, kwargs={})
2025-09-16 10:53:05,138:INFO:Checking exceptions
2025-09-16 10:53:05,153:INFO:Importing untrained model
2025-09-16 10:53:05,156:INFO:K-Nearest Neighbors Detector Imported successfully
2025-09-16 10:53:05,158:INFO:Fitting Model
2025-09-16 10:53:05,179:INFO:KNN(algorithm='auto', contamination=0.05, leaf_size=30, method='largest',
  metric='minkowski', metric_params=None, n_jobs=-1, n_neighbors=5, p=2,
  radius=1.0)
2025-09-16 10:53:05,179:INFO:create_models() successfully completed......................................
2025-09-16 10:53:05,181:INFO:Uploading results into container
2025-09-16 10:53:05,181:INFO:Uploading model into container now
2025-09-16 10:53:05,183:INFO:_master_model_container: 1
2025-09-16 10:53:05,183:INFO:_display_container: 1
2025-09-16 10:53:05,183:INFO:KNN(algorithm='auto', contamination=0.05, leaf_size=30, method='largest',
  metric='minkowski', metric_params=None, n_jobs=-1, n_neighbors=5, p=2,
  radius=1.0)
2025-09-16 10:53:05,183:INFO:create_model() successfully completed......................................
2025-09-16 10:53:05,251:INFO:Initializing assign_model()
2025-09-16 10:53:05,251:INFO:assign_model(self=<pycaret.anomaly.oop.AnomalyExperiment object at 0x000002D8A7E09590>, model=KNN(algorithm='auto', contamination=0.05, leaf_size=30, method='largest',
  metric='minkowski', metric_params=None, n_jobs=-1, n_neighbors=5, p=2,
  radius=1.0), transformation=False, score=True, verbose=True)
2025-09-16 10:53:05,251:INFO:Checking exceptions
2025-09-16 10:53:05,251:INFO:Determining Trained Model
2025-09-16 10:53:05,251:INFO:Trained Model : K-Nearest Neighbors Detector
2025-09-16 10:53:05,252:INFO:Copying data
2025-09-16 10:53:05,253:INFO:(150, 6)
2025-09-16 10:53:05,253:INFO:assign_model() successfully completed......................................
2025-09-16 10:53:05,365:INFO:PyCaret AnomalyExperiment
2025-09-16 10:53:05,366:INFO:Logging name: anomaly-default-name
2025-09-16 10:53:05,366:INFO:ML Usecase: MLUsecase.ANOMALY
2025-09-16 10:53:05,366:INFO:version 3.3.2
2025-09-16 10:53:05,366:INFO:Initializing setup()
2025-09-16 10:53:05,366:INFO:self.USI: a71f
2025-09-16 10:53:05,366:INFO:self._variable_keys: {'logging_param', 'exp_name_log', '_ml_usecase', 'gpu_param', 'seed', 'log_plots_param', 'html_param', 'pipeline', '_available_plots', 'USI', 'gpu_n_jobs_param', 'data', 'idx', 'exp_id', 'memory', 'X', 'n_jobs_param'}
2025-09-16 10:53:05,366:INFO:Checking environment
2025-09-16 10:53:05,366:INFO:python_version: 3.11.13
2025-09-16 10:53:05,366:INFO:python_build: ('main', 'Jun  5 2025 13:03:15')
2025-09-16 10:53:05,366:INFO:machine: AMD64
2025-09-16 10:53:05,366:INFO:platform: Windows-10-10.0.26100-SP0
2025-09-16 10:53:05,366:INFO:Memory: svmem(total=34049417216, available=18279563264, percent=46.3, used=15769853952, free=18279563264)
2025-09-16 10:53:05,366:INFO:Physical Core: 12
2025-09-16 10:53:05,366:INFO:Logical Core: 16
2025-09-16 10:53:05,366:INFO:Checking libraries
2025-09-16 10:53:05,366:INFO:System:
2025-09-16 10:53:05,366:INFO:    python: 3.11.13 | packaged by Anaconda, Inc. | (main, Jun  5 2025, 13:03:15) [MSC v.1929 64 bit (AMD64)]
2025-09-16 10:53:05,366:INFO:executable: C:\Anaconda3\envs\py311\python.exe
2025-09-16 10:53:05,366:INFO:   machine: Windows-10-10.0.26100-SP0
2025-09-16 10:53:05,366:INFO:PyCaret required dependencies:
2025-09-16 10:53:05,366:INFO:                 pip: 25.2
2025-09-16 10:53:05,366:INFO:          setuptools: 78.1.1
2025-09-16 10:53:05,366:INFO:             pycaret: 3.3.2
2025-09-16 10:53:05,366:INFO:             IPython: 9.1.0
2025-09-16 10:53:05,366:INFO:          ipywidgets: 8.1.5
2025-09-16 10:53:05,366:INFO:                tqdm: 4.67.1
2025-09-16 10:53:05,366:INFO:               numpy: 1.26.4
2025-09-16 10:53:05,366:INFO:              pandas: 2.1.4
2025-09-16 10:53:05,366:INFO:              jinja2: 3.1.6
2025-09-16 10:53:05,366:INFO:               scipy: 1.11.4
2025-09-16 10:53:05,366:INFO:              joblib: 1.3.2
2025-09-16 10:53:05,366:INFO:             sklearn: 1.4.2
2025-09-16 10:53:05,366:INFO:                pyod: 2.0.5
2025-09-16 10:53:05,366:INFO:            imblearn: 0.14.0
2025-09-16 10:53:05,366:INFO:   category_encoders: 2.7.0
2025-09-16 10:53:05,366:INFO:            lightgbm: 4.6.0
2025-09-16 10:53:05,366:INFO:               numba: 0.61.2
2025-09-16 10:53:05,366:INFO:            requests: 2.32.5
2025-09-16 10:53:05,367:INFO:          matplotlib: 3.7.5
2025-09-16 10:53:05,367:INFO:          scikitplot: 0.3.7
2025-09-16 10:53:05,367:INFO:         yellowbrick: 1.5
2025-09-16 10:53:05,367:INFO:              plotly: 6.3.0
2025-09-16 10:53:05,367:INFO:    plotly-resampler: Not installed
2025-09-16 10:53:05,367:INFO:             kaleido: 1.1.0
2025-09-16 10:53:05,367:INFO:           schemdraw: 0.15
2025-09-16 10:53:05,367:INFO:         statsmodels: 0.14.5
2025-09-16 10:53:05,367:INFO:              sktime: 0.26.0
2025-09-16 10:53:05,367:INFO:               tbats: 1.1.3
2025-09-16 10:53:05,367:INFO:            pmdarima: 2.0.4
2025-09-16 10:53:05,367:INFO:              psutil: 7.0.0
2025-09-16 10:53:05,367:INFO:          markupsafe: 3.0.2
2025-09-16 10:53:05,367:INFO:             pickle5: Not installed
2025-09-16 10:53:05,367:INFO:         cloudpickle: 3.1.1
2025-09-16 10:53:05,367:INFO:         deprecation: 2.1.0
2025-09-16 10:53:05,367:INFO:              xxhash: 3.5.0
2025-09-16 10:53:05,367:INFO:           wurlitzer: Not installed
2025-09-16 10:53:05,367:INFO:PyCaret optional dependencies:
2025-09-16 10:53:05,367:INFO:                shap: Not installed
2025-09-16 10:53:05,367:INFO:           interpret: Not installed
2025-09-16 10:53:05,367:INFO:                umap: Not installed
2025-09-16 10:53:05,367:INFO:     ydata_profiling: Not installed
2025-09-16 10:53:05,367:INFO:  explainerdashboard: Not installed
2025-09-16 10:53:05,367:INFO:             autoviz: Not installed
2025-09-16 10:53:05,367:INFO:           fairlearn: Not installed
2025-09-16 10:53:05,367:INFO:          deepchecks: Not installed
2025-09-16 10:53:05,367:INFO:             xgboost: Not installed
2025-09-16 10:53:05,367:INFO:            catboost: Not installed
2025-09-16 10:53:05,367:INFO:              kmodes: Not installed
2025-09-16 10:53:05,367:INFO:             mlxtend: Not installed
2025-09-16 10:53:05,367:INFO:       statsforecast: Not installed
2025-09-16 10:53:05,367:INFO:        tune_sklearn: Not installed
2025-09-16 10:53:05,367:INFO:                 ray: Not installed
2025-09-16 10:53:05,367:INFO:            hyperopt: Not installed
2025-09-16 10:53:05,367:INFO:              optuna: Not installed
2025-09-16 10:53:05,367:INFO:               skopt: Not installed
2025-09-16 10:53:05,367:INFO:              mlflow: Not installed
2025-09-16 10:53:05,367:INFO:              gradio: Not installed
2025-09-16 10:53:05,367:INFO:             fastapi: Not installed
2025-09-16 10:53:05,367:INFO:             uvicorn: Not installed
2025-09-16 10:53:05,367:INFO:              m2cgen: Not installed
2025-09-16 10:53:05,367:INFO:           evidently: Not installed
2025-09-16 10:53:05,367:INFO:               fugue: Not installed
2025-09-16 10:53:05,367:INFO:           streamlit: Not installed
2025-09-16 10:53:05,367:INFO:             prophet: Not installed
2025-09-16 10:53:05,367:INFO:None
2025-09-16 10:53:05,367:INFO:Set up data.
2025-09-16 10:53:05,368:INFO:Set up index.
2025-09-16 10:53:05,369:INFO:Assigning column types.
2025-09-16 10:53:05,370:INFO:Engine successfully changes for model 'kmeans' to 'sklearn'.
2025-09-16 10:53:05,370:INFO:Engine successfully changes for model 'dbscan' to 'sklearn'.
2025-09-16 10:53:05,371:INFO:Preparing preprocessing pipeline...
2025-09-16 10:53:05,371:INFO:Set up simple imputation.
2025-09-16 10:53:05,378:INFO:Finished creating preprocessing pipeline.
2025-09-16 10:53:05,380:INFO:Pipeline: Pipeline(memory=FastMemory(location=C:\Users\HARITS~1\AppData\Local\Temp\joblib),
         steps=[('numerical_imputer',
                 TransformerWrapper(include=['sepal_length', 'sepal_width',
                                             'petal_length', 'petal_width'],
                                    transformer=SimpleImputer())),
                ('categorical_imputer',
                 TransformerWrapper(include=[],
                                    transformer=SimpleImputer(strategy='most_frequent')))])
2025-09-16 10:53:05,380:INFO:Creating final display dataframe.
2025-09-16 10:53:05,387:INFO:Setup _display_container:                Description                 Value
0               Session id                  6316
1      Original data shape              (150, 4)
2   Transformed data shape              (150, 4)
3         Numeric features                     4
4               Preprocess                  True
5          Imputation type                simple
6       Numeric imputation                  mean
7   Categorical imputation                  mode
8                 CPU Jobs                    -1
9                  Use GPU                 False
10          Log Experiment                 False
11         Experiment Name  anomaly-default-name
12                     USI                  a71f
2025-09-16 10:53:05,391:INFO:setup() successfully completed in 0.03s...............
2025-09-16 10:53:05,392:INFO:Initializing create_model()
2025-09-16 10:53:05,393:INFO:create_model(self=<pycaret.anomaly.oop.AnomalyExperiment object at 0x000002D8EE8729D0>, estimator=lof, num_clusters=4, fraction=0.05, ground_truth=None, round=4, fit_kwargs=None, experiment_custom_tags=None, verbose=True, system=True, add_to_model_list=True, raise_num_clusters=False, display=None, kwargs={})
2025-09-16 10:53:05,393:INFO:Checking exceptions
2025-09-16 10:53:05,410:INFO:Importing untrained model
2025-09-16 10:53:05,412:INFO:Local Outlier Factor Imported successfully
2025-09-16 10:53:05,414:INFO:Fitting Model
2025-09-16 10:53:05,433:INFO:LOF(algorithm='auto', contamination=0.05, leaf_size=30, metric='minkowski',
  metric_params=None, n_jobs=-1, n_neighbors=20, novelty=True, p=2)
2025-09-16 10:53:05,433:INFO:create_models() successfully completed......................................
2025-09-16 10:53:05,435:INFO:Uploading results into container
2025-09-16 10:53:05,435:INFO:Uploading model into container now
2025-09-16 10:53:05,436:INFO:_master_model_container: 1
2025-09-16 10:53:05,437:INFO:_display_container: 1
2025-09-16 10:53:05,437:INFO:LOF(algorithm='auto', contamination=0.05, leaf_size=30, metric='minkowski',
  metric_params=None, n_jobs=-1, n_neighbors=20, novelty=True, p=2)
2025-09-16 10:53:05,437:INFO:create_model() successfully completed......................................
2025-09-16 10:53:05,508:INFO:Initializing assign_model()
2025-09-16 10:53:05,509:INFO:assign_model(self=<pycaret.anomaly.oop.AnomalyExperiment object at 0x000002D8EE8729D0>, model=LOF(algorithm='auto', contamination=0.05, leaf_size=30, metric='minkowski',
  metric_params=None, n_jobs=-1, n_neighbors=20, novelty=True, p=2), transformation=False, score=True, verbose=True)
2025-09-16 10:53:05,509:INFO:Checking exceptions
2025-09-16 10:53:05,509:INFO:Determining Trained Model
2025-09-16 10:53:05,509:INFO:Trained Model : Local Outlier Factor
2025-09-16 10:53:05,509:INFO:Copying data
2025-09-16 10:53:05,509:INFO:(150, 6)
2025-09-16 10:53:05,510:INFO:assign_model() successfully completed......................................
2025-09-16 11:08:55,495:WARNING:
'cuml' is a soft dependency and not included in the pycaret installation. Please run: `pip install cuml` to install.
2025-09-16 11:08:55,495:WARNING:
'cuml' is a soft dependency and not included in the pycaret installation. Please run: `pip install cuml` to install.
2025-09-16 11:08:55,495:WARNING:
'cuml' is a soft dependency and not included in the pycaret installation. Please run: `pip install cuml` to install.
2025-09-16 11:08:55,495:WARNING:
'cuml' is a soft dependency and not included in the pycaret installation. Please run: `pip install cuml` to install.
2025-09-16 11:08:56,180:INFO:PyCaret AnomalyExperiment
2025-09-16 11:08:56,180:INFO:Logging name: anomaly-default-name
2025-09-16 11:08:56,180:INFO:ML Usecase: MLUsecase.ANOMALY
2025-09-16 11:08:56,180:INFO:version 3.3.2
2025-09-16 11:08:56,180:INFO:Initializing setup()
2025-09-16 11:08:56,180:INFO:self.USI: 606c
2025-09-16 11:08:56,180:INFO:self._variable_keys: {'USI', 'gpu_n_jobs_param', 'n_jobs_param', 'seed', '_ml_usecase', 'logging_param', 'idx', 'X', '_available_plots', 'exp_id', 'pipeline', 'memory', 'data', 'log_plots_param', 'html_param', 'gpu_param', 'exp_name_log'}
2025-09-16 11:08:56,180:INFO:Checking environment
2025-09-16 11:08:56,180:INFO:python_version: 3.11.13
2025-09-16 11:08:56,180:INFO:python_build: ('main', 'Jun  5 2025 13:03:15')
2025-09-16 11:08:56,180:INFO:machine: AMD64
2025-09-16 11:08:56,180:INFO:platform: Windows-10-10.0.26100-SP0
2025-09-16 11:08:56,180:INFO:Memory: svmem(total=34049417216, available=15204876288, percent=55.3, used=18844540928, free=15204876288)
2025-09-16 11:08:56,181:INFO:Physical Core: 12
2025-09-16 11:08:56,181:INFO:Logical Core: 16
2025-09-16 11:08:56,181:INFO:Checking libraries
2025-09-16 11:08:56,181:INFO:System:
2025-09-16 11:08:56,181:INFO:    python: 3.11.13 | packaged by Anaconda, Inc. | (main, Jun  5 2025, 13:03:15) [MSC v.1929 64 bit (AMD64)]
2025-09-16 11:08:56,181:INFO:executable: C:\Anaconda3\envs\py311\python.exe
2025-09-16 11:08:56,181:INFO:   machine: Windows-10-10.0.26100-SP0
2025-09-16 11:08:56,181:INFO:PyCaret required dependencies:
2025-09-16 11:08:56,199:INFO:                 pip: 25.2
2025-09-16 11:08:56,199:INFO:          setuptools: 78.1.1
2025-09-16 11:08:56,199:INFO:             pycaret: 3.3.2
2025-09-16 11:08:56,199:INFO:             IPython: 9.1.0
2025-09-16 11:08:56,199:INFO:          ipywidgets: 8.1.5
2025-09-16 11:08:56,199:INFO:                tqdm: 4.67.1
2025-09-16 11:08:56,199:INFO:               numpy: 1.26.4
2025-09-16 11:08:56,199:INFO:              pandas: 2.1.4
2025-09-16 11:08:56,199:INFO:              jinja2: 3.1.6
2025-09-16 11:08:56,199:INFO:               scipy: 1.11.4
2025-09-16 11:08:56,199:INFO:              joblib: 1.3.2
2025-09-16 11:08:56,199:INFO:             sklearn: 1.4.2
2025-09-16 11:08:56,199:INFO:                pyod: 2.0.5
2025-09-16 11:08:56,199:INFO:            imblearn: 0.14.0
2025-09-16 11:08:56,199:INFO:   category_encoders: 2.7.0
2025-09-16 11:08:56,199:INFO:            lightgbm: 4.6.0
2025-09-16 11:08:56,199:INFO:               numba: 0.61.2
2025-09-16 11:08:56,199:INFO:            requests: 2.32.5
2025-09-16 11:08:56,199:INFO:          matplotlib: 3.7.5
2025-09-16 11:08:56,199:INFO:          scikitplot: 0.3.7
2025-09-16 11:08:56,199:INFO:         yellowbrick: 1.5
2025-09-16 11:08:56,199:INFO:              plotly: 6.3.0
2025-09-16 11:08:56,199:INFO:    plotly-resampler: Not installed
2025-09-16 11:08:56,199:INFO:             kaleido: 1.1.0
2025-09-16 11:08:56,199:INFO:           schemdraw: 0.15
2025-09-16 11:08:56,199:INFO:         statsmodels: 0.14.5
2025-09-16 11:08:56,199:INFO:              sktime: 0.26.0
2025-09-16 11:08:56,199:INFO:               tbats: 1.1.3
2025-09-16 11:08:56,199:INFO:            pmdarima: 2.0.4
2025-09-16 11:08:56,199:INFO:              psutil: 7.0.0
2025-09-16 11:08:56,199:INFO:          markupsafe: 3.0.2
2025-09-16 11:08:56,199:INFO:             pickle5: Not installed
2025-09-16 11:08:56,199:INFO:         cloudpickle: 3.1.1
2025-09-16 11:08:56,199:INFO:         deprecation: 2.1.0
2025-09-16 11:08:56,199:INFO:              xxhash: 3.5.0
2025-09-16 11:08:56,199:INFO:           wurlitzer: Not installed
2025-09-16 11:08:56,199:INFO:PyCaret optional dependencies:
2025-09-16 11:08:56,207:INFO:                shap: Not installed
2025-09-16 11:08:56,207:INFO:           interpret: Not installed
2025-09-16 11:08:56,207:INFO:                umap: Not installed
2025-09-16 11:08:56,207:INFO:     ydata_profiling: Not installed
2025-09-16 11:08:56,207:INFO:  explainerdashboard: Not installed
2025-09-16 11:08:56,207:INFO:             autoviz: Not installed
2025-09-16 11:08:56,207:INFO:           fairlearn: Not installed
2025-09-16 11:08:56,207:INFO:          deepchecks: Not installed
2025-09-16 11:08:56,207:INFO:             xgboost: Not installed
2025-09-16 11:08:56,207:INFO:            catboost: Not installed
2025-09-16 11:08:56,207:INFO:              kmodes: Not installed
2025-09-16 11:08:56,207:INFO:             mlxtend: Not installed
2025-09-16 11:08:56,207:INFO:       statsforecast: Not installed
2025-09-16 11:08:56,207:INFO:        tune_sklearn: Not installed
2025-09-16 11:08:56,207:INFO:                 ray: Not installed
2025-09-16 11:08:56,207:INFO:            hyperopt: Not installed
2025-09-16 11:08:56,207:INFO:              optuna: Not installed
2025-09-16 11:08:56,207:INFO:               skopt: Not installed
2025-09-16 11:08:56,207:INFO:              mlflow: Not installed
2025-09-16 11:08:56,207:INFO:              gradio: Not installed
2025-09-16 11:08:56,208:INFO:             fastapi: Not installed
2025-09-16 11:08:56,208:INFO:             uvicorn: Not installed
2025-09-16 11:08:56,208:INFO:              m2cgen: Not installed
2025-09-16 11:08:56,208:INFO:           evidently: Not installed
2025-09-16 11:08:56,208:INFO:               fugue: Not installed
2025-09-16 11:08:56,208:INFO:           streamlit: Not installed
2025-09-16 11:08:56,208:INFO:             prophet: Not installed
2025-09-16 11:08:56,208:INFO:None
2025-09-16 11:08:56,208:INFO:Set up data.
2025-09-16 11:08:56,209:INFO:Set up index.
2025-09-16 11:08:56,209:INFO:Assigning column types.
2025-09-16 11:08:56,211:INFO:Engine successfully changes for model 'kmeans' to 'sklearn'.
2025-09-16 11:08:56,428:INFO:Engine successfully changes for model 'dbscan' to 'sklearn'.
2025-09-16 11:08:56,430:INFO:Preparing preprocessing pipeline...
2025-09-16 11:08:56,430:INFO:Set up simple imputation.
2025-09-16 11:08:56,439:INFO:Finished creating preprocessing pipeline.
2025-09-16 11:08:56,442:INFO:Pipeline: Pipeline(memory=FastMemory(location=C:\Users\HARITS~1\AppData\Local\Temp\joblib),
         steps=[('numerical_imputer',
                 TransformerWrapper(include=['sepal_length', 'sepal_width',
                                             'petal_length', 'petal_width'],
                                    transformer=SimpleImputer())),
                ('categorical_imputer',
                 TransformerWrapper(include=[],
                                    transformer=SimpleImputer(strategy='most_frequent')))])
2025-09-16 11:08:56,442:INFO:Creating final display dataframe.
2025-09-16 11:08:56,451:INFO:Setup _display_container:                Description                 Value
0               Session id                   839
1      Original data shape              (150, 4)
2   Transformed data shape              (150, 4)
3         Numeric features                     4
4               Preprocess                  True
5          Imputation type                simple
6       Numeric imputation                  mean
7   Categorical imputation                  mode
8                 CPU Jobs                    -1
9                  Use GPU                 False
10          Log Experiment                 False
11         Experiment Name  anomaly-default-name
12                     USI                  606c
2025-09-16 11:08:56,455:INFO:setup() successfully completed in 0.28s...............
2025-09-16 11:08:56,456:INFO:Initializing create_model()
2025-09-16 11:08:56,456:INFO:create_model(self=<pycaret.anomaly.oop.AnomalyExperiment object at 0x000001B63DA3F410>, estimator=abod, num_clusters=4, fraction=0.05, ground_truth=None, round=4, fit_kwargs=None, experiment_custom_tags=None, verbose=True, system=True, add_to_model_list=True, raise_num_clusters=False, display=None, kwargs={})
2025-09-16 11:08:56,456:INFO:Checking exceptions
2025-09-16 11:08:56,475:INFO:Importing untrained model
2025-09-16 11:08:56,477:INFO:Angle-base Outlier Detection Imported successfully
2025-09-16 11:08:56,479:INFO:Fitting Model
2025-09-16 11:08:57,504:INFO:ABOD(contamination=0.05, method='fast', n_neighbors=5)
2025-09-16 11:08:57,505:INFO:create_models() successfully completed......................................
2025-09-16 11:08:57,507:INFO:Uploading results into container
2025-09-16 11:08:57,507:INFO:Uploading model into container now
2025-09-16 11:08:57,508:INFO:_master_model_container: 1
2025-09-16 11:08:57,509:INFO:_display_container: 1
2025-09-16 11:08:57,509:INFO:ABOD(contamination=0.05, method='fast', n_neighbors=5)
2025-09-16 11:08:57,509:INFO:create_model() successfully completed......................................
2025-09-16 11:08:57,586:INFO:Initializing assign_model()
2025-09-16 11:08:57,586:INFO:assign_model(self=<pycaret.anomaly.oop.AnomalyExperiment object at 0x000001B63DA3F410>, model=ABOD(contamination=0.05, method='fast', n_neighbors=5), transformation=False, score=True, verbose=True)
2025-09-16 11:08:57,586:INFO:Checking exceptions
2025-09-16 11:08:57,586:INFO:Determining Trained Model
2025-09-16 11:08:57,586:INFO:Trained Model : Angle-base Outlier Detection
2025-09-16 11:08:57,586:INFO:Copying data
2025-09-16 11:08:57,587:INFO:(150, 6)
2025-09-16 11:08:57,587:INFO:assign_model() successfully completed......................................
2025-09-16 11:08:57,739:INFO:PyCaret AnomalyExperiment
2025-09-16 11:08:57,739:INFO:Logging name: anomaly-default-name
2025-09-16 11:08:57,739:INFO:ML Usecase: MLUsecase.ANOMALY
2025-09-16 11:08:57,739:INFO:version 3.3.2
2025-09-16 11:08:57,739:INFO:Initializing setup()
2025-09-16 11:08:57,739:INFO:self.USI: 8bc3
2025-09-16 11:08:57,739:INFO:self._variable_keys: {'USI', 'gpu_n_jobs_param', 'n_jobs_param', 'seed', '_ml_usecase', 'logging_param', 'idx', 'X', '_available_plots', 'exp_id', 'pipeline', 'memory', 'data', 'log_plots_param', 'html_param', 'gpu_param', 'exp_name_log'}
2025-09-16 11:08:57,739:INFO:Checking environment
2025-09-16 11:08:57,739:INFO:python_version: 3.11.13
2025-09-16 11:08:57,739:INFO:python_build: ('main', 'Jun  5 2025 13:03:15')
2025-09-16 11:08:57,739:INFO:machine: AMD64
2025-09-16 11:08:57,739:INFO:platform: Windows-10-10.0.26100-SP0
2025-09-16 11:08:57,740:INFO:Memory: svmem(total=34049417216, available=15139782656, percent=55.5, used=18909634560, free=15139782656)
2025-09-16 11:08:57,740:INFO:Physical Core: 12
2025-09-16 11:08:57,740:INFO:Logical Core: 16
2025-09-16 11:08:57,740:INFO:Checking libraries
2025-09-16 11:08:57,740:INFO:System:
2025-09-16 11:08:57,740:INFO:    python: 3.11.13 | packaged by Anaconda, Inc. | (main, Jun  5 2025, 13:03:15) [MSC v.1929 64 bit (AMD64)]
2025-09-16 11:08:57,740:INFO:executable: C:\Anaconda3\envs\py311\python.exe
2025-09-16 11:08:57,740:INFO:   machine: Windows-10-10.0.26100-SP0
2025-09-16 11:08:57,740:INFO:PyCaret required dependencies:
2025-09-16 11:08:57,740:INFO:                 pip: 25.2
2025-09-16 11:08:57,740:INFO:          setuptools: 78.1.1
2025-09-16 11:08:57,740:INFO:             pycaret: 3.3.2
2025-09-16 11:08:57,740:INFO:             IPython: 9.1.0
2025-09-16 11:08:57,740:INFO:          ipywidgets: 8.1.5
2025-09-16 11:08:57,740:INFO:                tqdm: 4.67.1
2025-09-16 11:08:57,740:INFO:               numpy: 1.26.4
2025-09-16 11:08:57,740:INFO:              pandas: 2.1.4
2025-09-16 11:08:57,740:INFO:              jinja2: 3.1.6
2025-09-16 11:08:57,740:INFO:               scipy: 1.11.4
2025-09-16 11:08:57,740:INFO:              joblib: 1.3.2
2025-09-16 11:08:57,740:INFO:             sklearn: 1.4.2
2025-09-16 11:08:57,740:INFO:                pyod: 2.0.5
2025-09-16 11:08:57,740:INFO:            imblearn: 0.14.0
2025-09-16 11:08:57,740:INFO:   category_encoders: 2.7.0
2025-09-16 11:08:57,740:INFO:            lightgbm: 4.6.0
2025-09-16 11:08:57,740:INFO:               numba: 0.61.2
2025-09-16 11:08:57,740:INFO:            requests: 2.32.5
2025-09-16 11:08:57,740:INFO:          matplotlib: 3.7.5
2025-09-16 11:08:57,740:INFO:          scikitplot: 0.3.7
2025-09-16 11:08:57,740:INFO:         yellowbrick: 1.5
2025-09-16 11:08:57,740:INFO:              plotly: 6.3.0
2025-09-16 11:08:57,740:INFO:    plotly-resampler: Not installed
2025-09-16 11:08:57,740:INFO:             kaleido: 1.1.0
2025-09-16 11:08:57,740:INFO:           schemdraw: 0.15
2025-09-16 11:08:57,740:INFO:         statsmodels: 0.14.5
2025-09-16 11:08:57,740:INFO:              sktime: 0.26.0
2025-09-16 11:08:57,740:INFO:               tbats: 1.1.3
2025-09-16 11:08:57,740:INFO:            pmdarima: 2.0.4
2025-09-16 11:08:57,740:INFO:              psutil: 7.0.0
2025-09-16 11:08:57,740:INFO:          markupsafe: 3.0.2
2025-09-16 11:08:57,740:INFO:             pickle5: Not installed
2025-09-16 11:08:57,740:INFO:         cloudpickle: 3.1.1
2025-09-16 11:08:57,740:INFO:         deprecation: 2.1.0
2025-09-16 11:08:57,740:INFO:              xxhash: 3.5.0
2025-09-16 11:08:57,740:INFO:           wurlitzer: Not installed
2025-09-16 11:08:57,740:INFO:PyCaret optional dependencies:
2025-09-16 11:08:57,740:INFO:                shap: Not installed
2025-09-16 11:08:57,740:INFO:           interpret: Not installed
2025-09-16 11:08:57,740:INFO:                umap: Not installed
2025-09-16 11:08:57,741:INFO:     ydata_profiling: Not installed
2025-09-16 11:08:57,741:INFO:  explainerdashboard: Not installed
2025-09-16 11:08:57,741:INFO:             autoviz: Not installed
2025-09-16 11:08:57,741:INFO:           fairlearn: Not installed
2025-09-16 11:08:57,741:INFO:          deepchecks: Not installed
2025-09-16 11:08:57,741:INFO:             xgboost: Not installed
2025-09-16 11:08:57,741:INFO:            catboost: Not installed
2025-09-16 11:08:57,741:INFO:              kmodes: Not installed
2025-09-16 11:08:57,741:INFO:             mlxtend: Not installed
2025-09-16 11:08:57,741:INFO:       statsforecast: Not installed
2025-09-16 11:08:57,741:INFO:        tune_sklearn: Not installed
2025-09-16 11:08:57,741:INFO:                 ray: Not installed
2025-09-16 11:08:57,741:INFO:            hyperopt: Not installed
2025-09-16 11:08:57,741:INFO:              optuna: Not installed
2025-09-16 11:08:57,741:INFO:               skopt: Not installed
2025-09-16 11:08:57,741:INFO:              mlflow: Not installed
2025-09-16 11:08:57,741:INFO:              gradio: Not installed
2025-09-16 11:08:57,741:INFO:             fastapi: Not installed
2025-09-16 11:08:57,741:INFO:             uvicorn: Not installed
2025-09-16 11:08:57,741:INFO:              m2cgen: Not installed
2025-09-16 11:08:57,741:INFO:           evidently: Not installed
2025-09-16 11:08:57,741:INFO:               fugue: Not installed
2025-09-16 11:08:57,741:INFO:           streamlit: Not installed
2025-09-16 11:08:57,741:INFO:             prophet: Not installed
2025-09-16 11:08:57,741:INFO:None
2025-09-16 11:08:57,741:INFO:Set up data.
2025-09-16 11:08:57,742:INFO:Set up index.
2025-09-16 11:08:57,742:INFO:Assigning column types.
2025-09-16 11:08:57,743:INFO:Engine successfully changes for model 'kmeans' to 'sklearn'.
2025-09-16 11:08:57,744:INFO:Engine successfully changes for model 'dbscan' to 'sklearn'.
2025-09-16 11:08:57,745:INFO:Preparing preprocessing pipeline...
2025-09-16 11:08:57,745:INFO:Set up simple imputation.
2025-09-16 11:08:57,752:INFO:Finished creating preprocessing pipeline.
2025-09-16 11:08:57,754:INFO:Pipeline: Pipeline(memory=FastMemory(location=C:\Users\HARITS~1\AppData\Local\Temp\joblib),
         steps=[('numerical_imputer',
                 TransformerWrapper(include=['sepal_length', 'sepal_width',
                                             'petal_length', 'petal_width'],
                                    transformer=SimpleImputer())),
                ('categorical_imputer',
                 TransformerWrapper(include=[],
                                    transformer=SimpleImputer(strategy='most_frequent')))])
2025-09-16 11:08:57,754:INFO:Creating final display dataframe.
2025-09-16 11:08:57,762:INFO:Setup _display_container:                Description                 Value
0               Session id                  5509
1      Original data shape              (150, 4)
2   Transformed data shape              (150, 4)
3         Numeric features                     4
4               Preprocess                  True
5          Imputation type                simple
6       Numeric imputation                  mean
7   Categorical imputation                  mode
8                 CPU Jobs                    -1
9                  Use GPU                 False
10          Log Experiment                 False
11         Experiment Name  anomaly-default-name
12                     USI                  8bc3
2025-09-16 11:08:57,766:INFO:setup() successfully completed in 0.03s...............
2025-09-16 11:08:57,767:INFO:Initializing create_model()
2025-09-16 11:08:57,767:INFO:create_model(self=<pycaret.anomaly.oop.AnomalyExperiment object at 0x000001B63E5B1910>, estimator=knn, num_clusters=4, fraction=0.05, ground_truth=None, round=4, fit_kwargs=None, experiment_custom_tags=None, verbose=True, system=True, add_to_model_list=True, raise_num_clusters=False, display=None, kwargs={})
2025-09-16 11:08:57,767:INFO:Checking exceptions
2025-09-16 11:08:57,782:INFO:Importing untrained model
2025-09-16 11:08:57,784:INFO:K-Nearest Neighbors Detector Imported successfully
2025-09-16 11:08:57,786:INFO:Fitting Model
2025-09-16 11:08:57,809:INFO:KNN(algorithm='auto', contamination=0.05, leaf_size=30, method='largest',
  metric='minkowski', metric_params=None, n_jobs=-1, n_neighbors=5, p=2,
  radius=1.0)
2025-09-16 11:08:57,810:INFO:create_models() successfully completed......................................
2025-09-16 11:08:57,812:INFO:Uploading results into container
2025-09-16 11:08:57,812:INFO:Uploading model into container now
2025-09-16 11:08:57,813:INFO:_master_model_container: 1
2025-09-16 11:08:57,813:INFO:_display_container: 1
2025-09-16 11:08:57,813:INFO:KNN(algorithm='auto', contamination=0.05, leaf_size=30, method='largest',
  metric='minkowski', metric_params=None, n_jobs=-1, n_neighbors=5, p=2,
  radius=1.0)
2025-09-16 11:08:57,813:INFO:create_model() successfully completed......................................
2025-09-16 11:08:57,884:INFO:Initializing assign_model()
2025-09-16 11:08:57,884:INFO:assign_model(self=<pycaret.anomaly.oop.AnomalyExperiment object at 0x000001B63E5B1910>, model=KNN(algorithm='auto', contamination=0.05, leaf_size=30, method='largest',
  metric='minkowski', metric_params=None, n_jobs=-1, n_neighbors=5, p=2,
  radius=1.0), transformation=False, score=True, verbose=True)
2025-09-16 11:08:57,884:INFO:Checking exceptions
2025-09-16 11:08:57,884:INFO:Determining Trained Model
2025-09-16 11:08:57,884:INFO:Trained Model : K-Nearest Neighbors Detector
2025-09-16 11:08:57,884:INFO:Copying data
2025-09-16 11:08:57,885:INFO:(150, 6)
2025-09-16 11:08:57,885:INFO:assign_model() successfully completed......................................
2025-09-16 11:08:58,005:INFO:PyCaret AnomalyExperiment
2025-09-16 11:08:58,005:INFO:Logging name: anomaly-default-name
2025-09-16 11:08:58,005:INFO:ML Usecase: MLUsecase.ANOMALY
2025-09-16 11:08:58,005:INFO:version 3.3.2
2025-09-16 11:08:58,005:INFO:Initializing setup()
2025-09-16 11:08:58,005:INFO:self.USI: 0577
2025-09-16 11:08:58,005:INFO:self._variable_keys: {'USI', 'gpu_n_jobs_param', 'n_jobs_param', 'seed', '_ml_usecase', 'logging_param', 'idx', 'X', '_available_plots', 'exp_id', 'pipeline', 'memory', 'data', 'log_plots_param', 'html_param', 'gpu_param', 'exp_name_log'}
2025-09-16 11:08:58,005:INFO:Checking environment
2025-09-16 11:08:58,005:INFO:python_version: 3.11.13
2025-09-16 11:08:58,005:INFO:python_build: ('main', 'Jun  5 2025 13:03:15')
2025-09-16 11:08:58,005:INFO:machine: AMD64
2025-09-16 11:08:58,005:INFO:platform: Windows-10-10.0.26100-SP0
2025-09-16 11:08:58,005:INFO:Memory: svmem(total=34049417216, available=15139340288, percent=55.5, used=18910076928, free=15139340288)
2025-09-16 11:08:58,005:INFO:Physical Core: 12
2025-09-16 11:08:58,005:INFO:Logical Core: 16
2025-09-16 11:08:58,005:INFO:Checking libraries
2025-09-16 11:08:58,005:INFO:System:
2025-09-16 11:08:58,005:INFO:    python: 3.11.13 | packaged by Anaconda, Inc. | (main, Jun  5 2025, 13:03:15) [MSC v.1929 64 bit (AMD64)]
2025-09-16 11:08:58,005:INFO:executable: C:\Anaconda3\envs\py311\python.exe
2025-09-16 11:08:58,005:INFO:   machine: Windows-10-10.0.26100-SP0
2025-09-16 11:08:58,005:INFO:PyCaret required dependencies:
2025-09-16 11:08:58,005:INFO:                 pip: 25.2
2025-09-16 11:08:58,005:INFO:          setuptools: 78.1.1
2025-09-16 11:08:58,005:INFO:             pycaret: 3.3.2
2025-09-16 11:08:58,005:INFO:             IPython: 9.1.0
2025-09-16 11:08:58,005:INFO:          ipywidgets: 8.1.5
2025-09-16 11:08:58,005:INFO:                tqdm: 4.67.1
2025-09-16 11:08:58,005:INFO:               numpy: 1.26.4
2025-09-16 11:08:58,005:INFO:              pandas: 2.1.4
2025-09-16 11:08:58,005:INFO:              jinja2: 3.1.6
2025-09-16 11:08:58,006:INFO:               scipy: 1.11.4
2025-09-16 11:08:58,006:INFO:              joblib: 1.3.2
2025-09-16 11:08:58,006:INFO:             sklearn: 1.4.2
2025-09-16 11:08:58,006:INFO:                pyod: 2.0.5
2025-09-16 11:08:58,006:INFO:            imblearn: 0.14.0
2025-09-16 11:08:58,006:INFO:   category_encoders: 2.7.0
2025-09-16 11:08:58,006:INFO:            lightgbm: 4.6.0
2025-09-16 11:08:58,006:INFO:               numba: 0.61.2
2025-09-16 11:08:58,006:INFO:            requests: 2.32.5
2025-09-16 11:08:58,006:INFO:          matplotlib: 3.7.5
2025-09-16 11:08:58,006:INFO:          scikitplot: 0.3.7
2025-09-16 11:08:58,006:INFO:         yellowbrick: 1.5
2025-09-16 11:08:58,006:INFO:              plotly: 6.3.0
2025-09-16 11:08:58,006:INFO:    plotly-resampler: Not installed
2025-09-16 11:08:58,006:INFO:             kaleido: 1.1.0
2025-09-16 11:08:58,006:INFO:           schemdraw: 0.15
2025-09-16 11:08:58,006:INFO:         statsmodels: 0.14.5
2025-09-16 11:08:58,006:INFO:              sktime: 0.26.0
2025-09-16 11:08:58,006:INFO:               tbats: 1.1.3
2025-09-16 11:08:58,006:INFO:            pmdarima: 2.0.4
2025-09-16 11:08:58,006:INFO:              psutil: 7.0.0
2025-09-16 11:08:58,006:INFO:          markupsafe: 3.0.2
2025-09-16 11:08:58,006:INFO:             pickle5: Not installed
2025-09-16 11:08:58,006:INFO:         cloudpickle: 3.1.1
2025-09-16 11:08:58,006:INFO:         deprecation: 2.1.0
2025-09-16 11:08:58,006:INFO:              xxhash: 3.5.0
2025-09-16 11:08:58,006:INFO:           wurlitzer: Not installed
2025-09-16 11:08:58,006:INFO:PyCaret optional dependencies:
2025-09-16 11:08:58,006:INFO:                shap: Not installed
2025-09-16 11:08:58,006:INFO:           interpret: Not installed
2025-09-16 11:08:58,006:INFO:                umap: Not installed
2025-09-16 11:08:58,006:INFO:     ydata_profiling: Not installed
2025-09-16 11:08:58,006:INFO:  explainerdashboard: Not installed
2025-09-16 11:08:58,006:INFO:             autoviz: Not installed
2025-09-16 11:08:58,006:INFO:           fairlearn: Not installed
2025-09-16 11:08:58,006:INFO:          deepchecks: Not installed
2025-09-16 11:08:58,006:INFO:             xgboost: Not installed
2025-09-16 11:08:58,006:INFO:            catboost: Not installed
2025-09-16 11:08:58,006:INFO:              kmodes: Not installed
2025-09-16 11:08:58,006:INFO:             mlxtend: Not installed
2025-09-16 11:08:58,006:INFO:       statsforecast: Not installed
2025-09-16 11:08:58,006:INFO:        tune_sklearn: Not installed
2025-09-16 11:08:58,007:INFO:                 ray: Not installed
2025-09-16 11:08:58,007:INFO:            hyperopt: Not installed
2025-09-16 11:08:58,007:INFO:              optuna: Not installed
2025-09-16 11:08:58,007:INFO:               skopt: Not installed
2025-09-16 11:08:58,007:INFO:              mlflow: Not installed
2025-09-16 11:08:58,007:INFO:              gradio: Not installed
2025-09-16 11:08:58,007:INFO:             fastapi: Not installed
2025-09-16 11:08:58,007:INFO:             uvicorn: Not installed
2025-09-16 11:08:58,007:INFO:              m2cgen: Not installed
2025-09-16 11:08:58,007:INFO:           evidently: Not installed
2025-09-16 11:08:58,007:INFO:               fugue: Not installed
2025-09-16 11:08:58,007:INFO:           streamlit: Not installed
2025-09-16 11:08:58,007:INFO:             prophet: Not installed
2025-09-16 11:08:58,007:INFO:None
2025-09-16 11:08:58,007:INFO:Set up data.
2025-09-16 11:08:58,008:INFO:Set up index.
2025-09-16 11:08:58,008:INFO:Assigning column types.
2025-09-16 11:08:58,009:INFO:Engine successfully changes for model 'kmeans' to 'sklearn'.
2025-09-16 11:08:58,009:INFO:Engine successfully changes for model 'dbscan' to 'sklearn'.
2025-09-16 11:08:58,010:INFO:Preparing preprocessing pipeline...
2025-09-16 11:08:58,010:INFO:Set up simple imputation.
2025-09-16 11:08:58,018:INFO:Finished creating preprocessing pipeline.
2025-09-16 11:08:58,020:INFO:Pipeline: Pipeline(memory=FastMemory(location=C:\Users\HARITS~1\AppData\Local\Temp\joblib),
         steps=[('numerical_imputer',
                 TransformerWrapper(include=['sepal_length', 'sepal_width',
                                             'petal_length', 'petal_width'],
                                    transformer=SimpleImputer())),
                ('categorical_imputer',
                 TransformerWrapper(include=[],
                                    transformer=SimpleImputer(strategy='most_frequent')))])
2025-09-16 11:08:58,020:INFO:Creating final display dataframe.
2025-09-16 11:08:58,027:INFO:Setup _display_container:                Description                 Value
0               Session id                  1964
1      Original data shape              (150, 4)
2   Transformed data shape              (150, 4)
3         Numeric features                     4
4               Preprocess                  True
5          Imputation type                simple
6       Numeric imputation                  mean
7   Categorical imputation                  mode
8                 CPU Jobs                    -1
9                  Use GPU                 False
10          Log Experiment                 False
11         Experiment Name  anomaly-default-name
12                     USI                  0577
2025-09-16 11:08:58,031:INFO:setup() successfully completed in 0.03s...............
2025-09-16 11:08:58,033:INFO:Initializing create_model()
2025-09-16 11:08:58,033:INFO:create_model(self=<pycaret.anomaly.oop.AnomalyExperiment object at 0x000001B63DA2F850>, estimator=lof, num_clusters=4, fraction=0.05, ground_truth=None, round=4, fit_kwargs=None, experiment_custom_tags=None, verbose=True, system=True, add_to_model_list=True, raise_num_clusters=False, display=None, kwargs={})
2025-09-16 11:08:58,033:INFO:Checking exceptions
2025-09-16 11:08:58,049:INFO:Importing untrained model
2025-09-16 11:08:58,051:INFO:Local Outlier Factor Imported successfully
2025-09-16 11:08:58,053:INFO:Fitting Model
2025-09-16 11:08:58,077:INFO:LOF(algorithm='auto', contamination=0.05, leaf_size=30, metric='minkowski',
  metric_params=None, n_jobs=-1, n_neighbors=20, novelty=True, p=2)
2025-09-16 11:08:58,077:INFO:create_models() successfully completed......................................
2025-09-16 11:08:58,079:INFO:Uploading results into container
2025-09-16 11:08:58,080:INFO:Uploading model into container now
2025-09-16 11:08:58,081:INFO:_master_model_container: 1
2025-09-16 11:08:58,081:INFO:_display_container: 1
2025-09-16 11:08:58,081:INFO:LOF(algorithm='auto', contamination=0.05, leaf_size=30, metric='minkowski',
  metric_params=None, n_jobs=-1, n_neighbors=20, novelty=True, p=2)
2025-09-16 11:08:58,081:INFO:create_model() successfully completed......................................
2025-09-16 11:08:58,157:INFO:Initializing assign_model()
2025-09-16 11:08:58,157:INFO:assign_model(self=<pycaret.anomaly.oop.AnomalyExperiment object at 0x000001B63DA2F850>, model=LOF(algorithm='auto', contamination=0.05, leaf_size=30, metric='minkowski',
  metric_params=None, n_jobs=-1, n_neighbors=20, novelty=True, p=2), transformation=False, score=True, verbose=True)
2025-09-16 11:08:58,157:INFO:Checking exceptions
2025-09-16 11:08:58,157:INFO:Determining Trained Model
2025-09-16 11:08:58,157:INFO:Trained Model : Local Outlier Factor
2025-09-16 11:08:58,157:INFO:Copying data
2025-09-16 11:08:58,158:INFO:(150, 6)
2025-09-16 11:08:58,158:INFO:assign_model() successfully completed......................................
