mcg,gvh,lip,chg,aac,alm1,alm2,class
0.49,0.29,0.48,0.5,0.56,0.24,0.35,cp
0.07,0.4,0.48,0.5,0.54,0.35,0.44,cp
0.56,0.4,0.48,0.5,0.49,0.37,0.46,cp
0.59,0.49,0.48,0.5,0.52,0.45,0.36,cp
0.23,0.32,0.48,0.5,0.55,0.25,0.35,cp
0.67,0.39,0.48,0.5,0.36,0.38,0.46,cp
0.29,0.28,0.48,0.5,0.44,0.23,0.34,cp
0.21,0.34,0.48,0.5,0.51,0.28,0.39,cp
0.2,0.44,0.48,0.5,0.46,0.51,0.57,cp
0.42,0.4,0.48,0.5,0.56,0.18,0.3,cp
0.42,0.24,0.48,0.5,0.57,0.27,0.37,cp
0.25,0.48,0.48,0.5,0.44,0.17,0.29,cp
0.39,0.32,0.48,0.5,0.46,0.24,0.35,cp
0.51,0.5,0.48,0.5,0.46,0.32,0.35,cp
0.22,0.43,0.48,0.5,0.48,0.16,0.28,cp
0.25,0.4,0.48,0.5,0.46,0.44,0.52,cp
0.34,0.45,0.48,0.5,0.38,0.24,0.35,cp
0.44,0.27,0.48,0.5,0.55,0.52,0.58,cp
0.23,0.4,0.48,0.5,0.39,0.28,0.38,cp
0.41,0.57,0.48,0.5,0.39,0.21,0.32,cp
0.4,0.45,0.48,0.5,0.38,0.22,0.0,cp
0.31,0.23,0.48,0.5,0.73,0.05,0.14,cp
0.51,0.54,0.48,0.5,0.41,0.34,0.43,cp
0.3,0.16,0.48,0.5,0.56,0.11,0.23,cp
0.36,0.39,0.48,0.5,0.48,0.22,0.23,cp
0.29,0.37,0.48,0.5,0.48,0.44,0.52,cp
0.25,0.4,0.48,0.5,0.47,0.33,0.42,cp
0.21,0.51,0.48,0.5,0.5,0.32,0.41,cp
0.43,0.37,0.48,0.5,0.53,0.35,0.44,cp
0.43,0.39,0.48,0.5,0.47,0.31,0.41,cp
0.53,0.38,0.48,0.5,0.44,0.26,0.36,cp
0.34,0.33,0.48,0.5,0.38,0.35,0.44,cp
0.56,0.51,0.48,0.5,0.34,0.37,0.46,cp
0.4,0.29,0.48,0.5,0.42,0.35,0.44,cp
0.24,0.35,0.48,0.5,0.31,0.19,0.31,cp
0.36,0.54,0.48,0.5,0.41,0.38,0.46,cp
0.29,0.52,0.48,0.5,0.42,0.29,0.39,cp
0.65,0.47,0.48,0.5,0.59,0.3,0.4,cp
0.32,0.42,0.48,0.5,0.35,0.28,0.38,cp
0.38,0.46,0.48,0.5,0.48,0.22,0.29,cp
0.33,0.45,0.48,0.5,0.52,0.32,0.41,cp
0.3,0.37,0.48,0.5,0.59,0.41,0.49,cp
0.4,0.5,0.48,0.5,0.45,0.39,0.47,cp
0.28,0.38,0.48,0.5,0.5,0.33,0.42,cp
0.61,0.45,0.48,0.5,0.48,0.35,0.41,cp
0.17,0.38,0.48,0.5,0.45,0.42,0.5,cp
0.44,0.35,0.48,0.5,0.55,0.55,0.61,cp
0.43,0.4,0.48,0.5,0.39,0.28,0.39,cp
0.42,0.35,0.48,0.5,0.58,0.15,0.27,cp
0.23,0.33,0.48,0.5,0.43,0.33,0.43,cp
0.37,0.52,0.48,0.5,0.42,0.42,0.36,cp
0.29,0.3,0.48,0.5,0.45,0.03,0.17,cp
0.22,0.36,0.48,0.5,0.35,0.39,0.47,cp
0.23,0.58,0.48,0.5,0.37,0.53,0.59,cp
0.47,0.47,0.48,0.5,0.22,0.16,0.26,cp
0.54,0.47,0.48,0.5,0.28,0.33,0.42,cp
0.51,0.37,0.48,0.5,0.35,0.36,0.45,cp
0.4,0.35,0.48,0.5,0.45,0.33,0.42,cp
0.44,0.34,0.48,0.5,0.3,0.33,0.43,cp
0.42,0.38,0.48,0.5,0.54,0.34,0.43,cp
0.44,0.56,0.48,0.5,0.5,0.46,0.54,cp
0.52,0.36,0.48,0.5,0.41,0.28,0.38,cp
0.36,0.41,0.48,0.5,0.48,0.47,0.54,cp
0.18,0.3,0.48,0.5,0.46,0.24,0.35,cp
0.47,0.29,0.48,0.5,0.51,0.33,0.43,cp
0.24,0.43,0.48,0.5,0.54,0.52,0.59,cp
0.25,0.37,0.48,0.5,0.41,0.33,0.42,cp
0.52,0.57,0.48,0.5,0.42,0.47,0.54,cp
0.25,0.37,0.48,0.5,0.43,0.26,0.36,cp
0.35,0.48,0.48,0.5,0.56,0.4,0.48,cp
0.26,0.26,0.48,0.5,0.34,0.25,0.35,cp
0.44,0.51,0.48,0.5,0.47,0.26,0.36,cp
0.37,0.5,0.48,0.5,0.42,0.36,0.45,cp
0.44,0.42,0.48,0.5,0.42,0.25,0.2,cp
0.24,0.43,0.48,0.5,0.37,0.28,0.38,cp
0.42,0.3,0.48,0.5,0.48,0.26,0.36,cp
0.48,0.42,0.48,0.5,0.45,0.25,0.35,cp
0.41,0.48,0.48,0.5,0.51,0.44,0.51,cp
0.44,0.28,0.48,0.5,0.43,0.27,0.37,cp
0.29,0.41,0.48,0.5,0.48,0.38,0.46,cp
0.34,0.28,0.48,0.5,0.41,0.35,0.44,cp
0.41,0.43,0.48,0.5,0.45,0.31,0.41,cp
0.29,0.47,0.48,0.5,0.41,0.23,0.34,cp
0.34,0.55,0.48,0.5,0.58,0.31,0.41,cp
0.36,0.56,0.48,0.5,0.43,0.45,0.53,cp
0.4,0.46,0.48,0.5,0.52,0.49,0.56,cp
0.5,0.49,0.48,0.5,0.49,0.46,0.53,cp
0.52,0.44,0.48,0.5,0.37,0.36,0.42,cp
0.5,0.51,0.48,0.5,0.27,0.23,0.34,cp
0.53,0.42,0.48,0.5,0.16,0.29,0.39,cp
0.34,0.46,0.48,0.5,0.52,0.35,0.44,cp
0.4,0.42,0.48,0.5,0.37,0.27,0.27,cp
0.41,0.43,0.48,0.5,0.5,0.24,0.25,cp
0.3,0.45,0.48,0.5,0.36,0.21,0.32,cp
0.31,0.47,0.48,0.5,0.29,0.28,0.39,cp
0.64,0.76,0.48,0.5,0.45,0.35,0.38,cp
0.35,0.37,0.48,0.5,0.3,0.34,0.43,cp
0.57,0.54,0.48,0.5,0.37,0.28,0.33,cp
0.65,0.55,0.48,0.5,0.34,0.37,0.28,cp
0.51,0.46,0.48,0.5,0.58,0.31,0.41,cp
0.38,0.4,0.48,0.5,0.63,0.25,0.35,cp
0.24,0.57,0.48,0.5,0.63,0.34,0.43,cp
0.38,0.26,0.48,0.5,0.54,0.16,0.28,cp
0.33,0.47,0.48,0.5,0.53,0.18,0.29,cp
0.24,0.34,0.48,0.5,0.38,0.3,0.4,cp
0.26,0.5,0.48,0.5,0.44,0.32,0.41,cp
0.44,0.49,0.48,0.5,0.39,0.38,0.4,cp
0.43,0.32,0.48,0.5,0.33,0.45,0.52,cp
0.49,0.43,0.48,0.5,0.49,0.3,0.4,cp
0.47,0.28,0.48,0.5,0.56,0.2,0.25,cp
0.32,0.33,0.48,0.5,0.6,0.06,0.2,cp
0.34,0.35,0.48,0.5,0.51,0.49,0.56,cp
0.35,0.34,0.48,0.5,0.46,0.3,0.27,cp
0.38,0.3,0.48,0.5,0.43,0.29,0.39,cp
0.38,0.44,0.48,0.5,0.43,0.2,0.31,cp
0.41,0.51,0.48,0.5,0.58,0.2,0.31,cp
0.34,0.42,0.48,0.5,0.41,0.34,0.43,cp
0.51,0.49,0.48,0.5,0.53,0.14,0.26,cp
0.25,0.51,0.48,0.5,0.37,0.42,0.5,cp
0.29,0.28,0.48,0.5,0.5,0.42,0.5,cp
0.25,0.26,0.48,0.5,0.39,0.32,0.42,cp
0.24,0.41,0.48,0.5,0.49,0.23,0.34,cp
0.17,0.39,0.48,0.5,0.53,0.3,0.39,cp
0.04,0.31,0.48,0.5,0.41,0.29,0.39,cp
0.61,0.36,0.48,0.5,0.49,0.35,0.44,cp
0.34,0.51,0.48,0.5,0.44,0.37,0.46,cp
0.28,0.33,0.48,0.5,0.45,0.22,0.33,cp
0.4,0.46,0.48,0.5,0.42,0.35,0.44,cp
0.23,0.34,0.48,0.5,0.43,0.26,0.37,cp
0.37,0.44,0.48,0.5,0.42,0.39,0.47,cp
0.0,0.38,0.48,0.5,0.42,0.48,0.55,cp
0.39,0.31,0.48,0.5,0.38,0.34,0.43,cp
0.3,0.44,0.48,0.5,0.49,0.22,0.33,cp
0.27,0.3,0.48,0.5,0.71,0.28,0.39,cp
0.17,0.52,0.48,0.5,0.49,0.37,0.46,cp
0.36,0.42,0.48,0.5,0.53,0.32,0.41,cp
0.3,0.37,0.48,0.5,0.43,0.18,0.3,cp
0.26,0.4,0.48,0.5,0.36,0.26,0.37,cp
0.4,0.41,0.48,0.5,0.55,0.22,0.33,cp
0.22,0.34,0.48,0.5,0.42,0.29,0.39,cp
0.44,0.35,0.48,0.5,0.44,0.52,0.59,cp
0.27,0.42,0.48,0.5,0.37,0.38,0.43,cp
0.16,0.43,0.48,0.5,0.54,0.27,0.37,cp
0.06,0.61,0.48,0.5,0.49,0.92,0.37,im
0.44,0.52,0.48,0.5,0.43,0.47,0.54,im
0.63,0.47,0.48,0.5,0.51,0.82,0.84,im
0.23,0.48,0.48,0.5,0.59,0.88,0.89,im
0.34,0.49,0.48,0.5,0.58,0.85,0.8,im
0.43,0.4,0.48,0.5,0.58,0.75,0.78,im
0.46,0.61,0.48,0.5,0.48,0.86,0.87,im
0.27,0.35,0.48,0.5,0.51,0.77,0.79,im
0.52,0.39,0.48,0.5,0.65,0.71,0.73,im
0.29,0.47,0.48,0.5,0.71,0.65,0.69,im
0.55,0.47,0.48,0.5,0.57,0.78,0.8,im
0.12,0.67,0.48,0.5,0.74,0.58,0.63,im
0.4,0.5,0.48,0.5,0.65,0.82,0.84,im
0.73,0.36,0.48,0.5,0.53,0.91,0.92,im
0.84,0.44,0.48,0.5,0.48,0.71,0.74,im
0.48,0.45,0.48,0.5,0.6,0.78,0.8,im
0.54,0.49,0.48,0.5,0.4,0.87,0.88,im
0.48,0.41,0.48,0.5,0.51,0.9,0.88,im
0.5,0.66,0.48,0.5,0.31,0.92,0.92,im
0.72,0.46,0.48,0.5,0.51,0.66,0.7,im
0.47,0.55,0.48,0.5,0.58,0.71,0.75,im
0.33,0.56,0.48,0.5,0.33,0.78,0.8,im
0.64,0.58,0.48,0.5,0.48,0.78,0.73,im
0.54,0.57,0.48,0.5,0.56,0.81,0.83,im
0.47,0.59,0.48,0.5,0.52,0.76,0.79,im
0.63,0.5,0.48,0.5,0.59,0.85,0.86,im
0.49,0.42,0.48,0.5,0.53,0.79,0.81,im
0.31,0.5,0.48,0.5,0.57,0.84,0.85,im
0.74,0.44,0.48,0.5,0.55,0.88,0.89,im
0.33,0.45,0.48,0.5,0.45,0.88,0.89,im
0.45,0.4,0.48,0.5,0.61,0.74,0.77,im
0.71,0.4,0.48,0.5,0.71,0.7,0.74,im
0.5,0.37,0.48,0.5,0.66,0.64,0.69,im
0.66,0.53,0.48,0.5,0.59,0.66,0.66,im
0.6,0.61,0.48,0.5,0.54,0.67,0.71,im
0.83,0.37,0.48,0.5,0.61,0.71,0.74,im
0.34,0.51,0.48,0.5,0.67,0.9,0.9,im
0.63,0.54,0.48,0.5,0.65,0.79,0.81,im
0.7,0.4,0.48,0.5,0.56,0.86,0.83,im
0.6,0.5,1.0,0.5,0.54,0.77,0.8,im
0.16,0.51,0.48,0.5,0.33,0.39,0.48,im
0.74,0.7,0.48,0.5,0.66,0.65,0.69,im
0.2,0.46,0.48,0.5,0.57,0.78,0.81,im
0.89,0.55,0.48,0.5,0.51,0.72,0.76,im
0.7,0.46,0.48,0.5,0.56,0.78,0.73,im
0.12,0.43,0.48,0.5,0.63,0.7,0.74,im
0.61,0.52,0.48,0.5,0.54,0.67,0.52,im
0.33,0.37,0.48,0.5,0.46,0.65,0.69,im
0.63,0.65,0.48,0.5,0.66,0.67,0.71,im
0.41,0.51,0.48,0.5,0.53,0.75,0.78,im
0.34,0.67,0.48,0.5,0.52,0.76,0.79,im
0.58,0.34,0.48,0.5,0.56,0.87,0.81,im
0.59,0.56,0.48,0.5,0.55,0.8,0.82,im
0.51,0.4,0.48,0.5,0.57,0.62,0.67,im
0.5,0.57,0.48,0.5,0.71,0.61,0.66,im
0.6,0.46,0.48,0.5,0.45,0.81,0.83,im
0.37,0.47,0.48,0.5,0.39,0.76,0.79,im
0.58,0.55,0.48,0.5,0.57,0.7,0.74,im
0.36,0.47,0.48,0.5,0.51,0.69,0.72,im
0.39,0.41,0.48,0.5,0.52,0.72,0.75,im
0.35,0.51,0.48,0.5,0.61,0.71,0.74,im
0.31,0.44,0.48,0.5,0.5,0.79,0.82,im
0.61,0.66,0.48,0.5,0.46,0.87,0.88,im
0.48,0.49,0.48,0.5,0.52,0.77,0.71,im
0.11,0.5,0.48,0.5,0.58,0.72,0.68,im
0.31,0.36,0.48,0.5,0.58,0.94,0.94,im
0.68,0.51,0.48,0.5,0.71,0.75,0.78,im
0.69,0.39,0.48,0.5,0.57,0.76,0.79,im
0.52,0.54,0.48,0.5,0.62,0.76,0.79,im
0.46,0.59,0.48,0.5,0.36,0.76,0.23,im
0.36,0.45,0.48,0.5,0.38,0.79,0.17,im
0.0,0.51,0.48,0.5,0.35,0.67,0.44,im
0.1,0.49,0.48,0.5,0.41,0.67,0.21,im
0.3,0.51,0.48,0.5,0.42,0.61,0.34,im
0.61,0.47,0.48,0.5,0.0,0.8,0.32,im
0.63,0.75,0.48,0.5,0.64,0.73,0.66,im
0.71,0.52,0.48,0.5,0.64,1.0,0.99,im
0.85,0.53,0.48,0.5,0.53,0.52,0.35,imS
0.63,0.49,0.48,0.5,0.54,0.76,0.79,imS
0.75,0.55,1.0,1.0,0.4,0.47,0.3,imL
0.7,0.39,1.0,0.5,0.51,0.82,0.84,imL
0.72,0.42,0.48,0.5,0.65,0.77,0.79,imU
0.79,0.41,0.48,0.5,0.66,0.81,0.83,imU
0.83,0.48,0.48,0.5,0.65,0.76,0.79,imU
0.69,0.43,0.48,0.5,0.59,0.74,0.77,imU
0.79,0.36,0.48,0.5,0.46,0.82,0.7,imU
0.78,0.33,0.48,0.5,0.57,0.77,0.79,imU
0.75,0.37,0.48,0.5,0.64,0.7,0.74,imU
0.59,0.29,0.48,0.5,0.64,0.75,0.77,imU
0.67,0.37,0.48,0.5,0.54,0.64,0.68,imU
0.66,0.48,0.48,0.5,0.54,0.7,0.74,imU
0.64,0.46,0.48,0.5,0.48,0.73,0.76,imU
0.76,0.71,0.48,0.5,0.5,0.71,0.75,imU
0.84,0.49,0.48,0.5,0.55,0.78,0.74,imU
0.77,0.55,0.48,0.5,0.51,0.78,0.74,imU
0.81,0.44,0.48,0.5,0.42,0.67,0.68,imU
0.58,0.6,0.48,0.5,0.59,0.73,0.76,imU
0.63,0.42,0.48,0.5,0.48,0.77,0.8,imU
0.62,0.42,0.48,0.5,0.58,0.79,0.81,imU
0.86,0.39,0.48,0.5,0.59,0.89,0.9,imU
0.81,0.53,0.48,0.5,0.57,0.87,0.88,imU
0.87,0.49,0.48,0.5,0.61,0.76,0.79,imU
0.47,0.46,0.48,0.5,0.62,0.74,0.77,imU
0.76,0.41,0.48,0.5,0.5,0.59,0.62,imU
0.7,0.53,0.48,0.5,0.7,0.86,0.87,imU
0.64,0.45,0.48,0.5,0.67,0.61,0.66,imU
0.81,0.52,0.48,0.5,0.57,0.78,0.8,imU
0.73,0.26,0.48,0.5,0.57,0.75,0.78,imU
0.49,0.61,1.0,0.5,0.56,0.71,0.74,imU
0.88,0.42,0.48,0.5,0.52,0.73,0.75,imU
0.84,0.54,0.48,0.5,0.75,0.92,0.7,imU
0.63,0.51,0.48,0.5,0.64,0.72,0.76,imU
0.86,0.55,0.48,0.5,0.63,0.81,0.83,imU
0.79,0.54,0.48,0.5,0.5,0.66,0.68,imU
0.57,0.38,0.48,0.5,0.06,0.49,0.33,imU
0.78,0.44,0.48,0.5,0.45,0.73,0.68,imU
0.78,0.68,0.48,0.5,0.83,0.4,0.29,om
0.63,0.69,0.48,0.5,0.65,0.41,0.28,om
0.67,0.88,0.48,0.5,0.73,0.5,0.25,om
0.61,0.75,0.48,0.5,0.51,0.33,0.33,om
0.67,0.84,0.48,0.5,0.74,0.54,0.37,om
0.74,0.9,0.48,0.5,0.57,0.53,0.29,om
0.73,0.84,0.48,0.5,0.86,0.58,0.29,om
0.75,0.76,0.48,0.5,0.83,0.57,0.3,om
0.77,0.57,0.48,0.5,0.88,0.53,0.2,om
0.74,0.78,0.48,0.5,0.75,0.54,0.15,om
0.68,0.76,0.48,0.5,0.84,0.45,0.27,om
0.56,0.68,0.48,0.5,0.77,0.36,0.45,om
0.65,0.51,0.48,0.5,0.66,0.54,0.33,om
0.52,0.81,0.48,0.5,0.72,0.38,0.38,om
0.64,0.57,0.48,0.5,0.7,0.33,0.26,om
0.6,0.76,1.0,0.5,0.77,0.59,0.52,om
0.69,0.59,0.48,0.5,0.77,0.39,0.21,om
0.63,0.49,0.48,0.5,0.79,0.45,0.28,om
0.71,0.71,0.48,0.5,0.68,0.43,0.36,om
0.68,0.63,0.48,0.5,0.73,0.4,0.3,om
0.77,0.57,1.0,0.5,0.37,0.54,0.01,omL
0.66,0.49,1.0,0.5,0.54,0.56,0.36,omL
0.71,0.46,1.0,0.5,0.52,0.59,0.3,omL
0.67,0.55,1.0,0.5,0.66,0.58,0.16,omL
0.68,0.49,1.0,0.5,0.62,0.55,0.28,omL
0.74,0.49,0.48,0.5,0.42,0.54,0.36,pp
0.7,0.61,0.48,0.5,0.56,0.52,0.43,pp
0.66,0.86,0.48,0.5,0.34,0.41,0.36,pp
0.73,0.78,0.48,0.5,0.58,0.51,0.31,pp
0.65,0.57,0.48,0.5,0.47,0.47,0.51,pp
0.72,0.86,0.48,0.5,0.17,0.55,0.21,pp
0.67,0.7,0.48,0.5,0.46,0.45,0.33,pp
0.67,0.81,0.48,0.5,0.54,0.49,0.23,pp
0.67,0.61,0.48,0.5,0.51,0.37,0.38,pp
0.63,1.0,0.48,0.5,0.35,0.51,0.49,pp
0.57,0.59,0.48,0.5,0.39,0.47,0.33,pp
0.71,0.71,0.48,0.5,0.4,0.54,0.39,pp
0.66,0.74,0.48,0.5,0.31,0.38,0.43,pp
0.67,0.81,0.48,0.5,0.25,0.42,0.25,pp
0.64,0.72,0.48,0.5,0.49,0.42,0.19,pp
0.68,0.82,0.48,0.5,0.38,0.65,0.56,pp
0.32,0.39,0.48,0.5,0.53,0.28,0.38,pp
0.7,0.64,0.48,0.5,0.47,0.51,0.47,pp
0.63,0.57,0.48,0.5,0.49,0.7,0.2,pp
0.74,0.82,0.48,0.5,0.49,0.49,0.41,pp
0.63,0.86,0.48,0.5,0.39,0.47,0.34,pp
0.63,0.83,0.48,0.5,0.4,0.39,0.19,pp
0.63,0.71,0.48,0.5,0.6,0.4,0.39,pp
0.71,0.86,0.48,0.5,0.4,0.54,0.32,pp
0.68,0.78,0.48,0.5,0.43,0.44,0.42,pp
0.64,0.84,0.48,0.5,0.37,0.45,0.4,pp
0.74,0.47,0.48,0.5,0.5,0.57,0.42,pp
0.75,0.84,0.48,0.5,0.35,0.52,0.33,pp
0.63,0.65,0.48,0.5,0.39,0.44,0.35,pp
0.69,0.67,0.48,0.5,0.3,0.39,0.24,pp
0.7,0.71,0.48,0.5,0.42,0.84,0.85,pp
0.69,0.8,0.48,0.5,0.46,0.57,0.26,pp
0.64,0.66,0.48,0.5,0.41,0.39,0.2,pp
0.63,0.8,0.48,0.5,0.46,0.31,0.29,pp
0.66,0.71,0.48,0.5,0.41,0.5,0.35,pp
0.69,0.59,0.48,0.5,0.46,0.44,0.52,pp
0.68,0.67,0.48,0.5,0.49,0.4,0.34,pp
0.64,0.78,0.48,0.5,0.5,0.36,0.38,pp
0.62,0.78,0.48,0.5,0.47,0.49,0.54,pp
0.76,0.73,0.48,0.5,0.44,0.39,0.39,pp
0.64,0.81,0.48,0.5,0.37,0.39,0.44,pp
0.29,0.39,0.48,0.5,0.52,0.4,0.48,pp
0.62,0.83,0.48,0.5,0.46,0.36,0.4,pp
0.56,0.54,0.48,0.5,0.43,0.37,0.3,pp
0.69,0.66,0.48,0.5,0.41,0.5,0.25,pp
0.69,0.65,0.48,0.5,0.63,0.48,0.41,pp
0.43,0.59,0.48,0.5,0.52,0.49,0.56,pp
0.74,0.56,0.48,0.5,0.47,0.68,0.3,pp
0.71,0.57,0.48,0.5,0.48,0.35,0.32,pp
0.61,0.6,0.48,0.5,0.44,0.39,0.38,pp
0.59,0.61,0.48,0.5,0.42,0.42,0.37,pp
0.74,0.74,0.48,0.5,0.31,0.53,0.52,pp
0.7321923299554457,0.49301545585742645,1.0,0.8219232995544574,0.43917687409801937,0.5946536903118798,0.4923228364811859,imL
0.7139664373241946,0.4346925994374229,1.0,0.6396643732419465,0.4792738378867718,0.7222349387306375,0.6891624768986978,imL
0.7141835363129055,0.4353873162012978,1.0,0.6418353631290554,0.47879622011160783,0.7207152458096612,0.6868178078206202,imL
0.7117566216666087,0.42762118933314786,1.0,0.6175662166660871,0.48413543233346085,0.737703648333739,0.713028486000626,imL
0.7020124904200754,0.3964399693442414,1.0,0.5201249042007543,0.5055725210758341,0.8059125670594719,0.8182651034631854,imL
0.7156179888185084,0.439977564219227,1.0,0.6561798881850843,0.47564042459928146,0.7106740782704409,0.6713257207601089,imL
0.7207924330302445,0.45653578569678277,1.0,0.7079243303024462,0.46425664733346184,0.6744529687882876,0.6154417232733582,imL
0.700262661198118,0.39084051583397783,1.0,0.5026266119811806,0.5094221453641403,0.8181613716131735,0.8371632590603251,imL
0.7321409322866657,0.4928509833173303,1.0,0.8214093228666571,0.43928994896933543,0.5950134739933399,0.4928779313040103,imL
0.7397615707814534,0.5172370265006511,1.0,0.8976157078145344,0.42252454428080244,0.5416690045298259,0.41057503556030284,imL
0.7175418648080625,0.4461339673858002,1.0,0.6754186480806255,0.4714078974222624,0.6972069463435621,0.6505478600729244,imL
0.7270776485709197,0.4766484754269433,1.0,0.7707764857091977,0.4504291731439765,0.6304564600035616,0.5475613954340666,imL
0.7125691924150525,0.43022141572816813,1.0,0.6256919241505254,0.48234777668688444,0.7320156530946322,0.7042527219174326,imL
0.7435599757494259,0.5293919223981628,1.0,0.9355997574942587,0.4141680533512631,0.5150801697540189,0.3695522619062006,imL
0.7217808851395939,0.45969883244670073,1.0,0.7178088513959396,0.46208205269289326,0.6675338040228422,0.6047664404923851,imL
0.7008165226087536,0.3926128723480118,1.0,0.5081652260875367,0.5082036502607419,0.8142843417387242,0.8311815558254603,imL
0.7094767620762452,0.42032563864398464,1.0,0.5947676207624519,0.4891511234322606,0.7536626654662836,0.7376509695765519,imL
0.7293382352731862,0.4838823528741958,1.0,0.7933823527318618,0.4454558823989904,0.6146323530876967,0.5231470590495892,imL
0.7197447168821872,0.4531830940229993,1.0,0.6974471688218726,0.46656162285918806,0.6817869818246891,0.6267570576723775,imL
0.734343559302929,0.4998993897693729,1.0,0.8434355930292903,0.4344441695335562,0.5795950848794968,0.46908955952836656,imL
0.7262244885812945,0.4739183634601426,1.0,0.7622448858129456,0.452306125121152,0.636428579930938,0.5567755233220187,imL
0.7234166406569807,0.46493325010233855,1.0,0.7341664065698079,0.45848339055464227,0.6560835154011344,0.5871002809046075,imL
0.7255751416354603,0.47184045323347334,1.0,0.7557514163546041,0.4537346884019871,0.6409740085517771,0.5637884703370276,imL
0.7164499019805547,0.44263968633777506,1.0,0.6644990198055469,0.4738102156427797,0.704850686136117,0.6623410586100092,imL
0.7197098397579946,0.45307148722558277,1.0,0.6970983975799461,0.46663835253241187,0.6820311216940378,0.6271337306136583,imL
0.7434176142968729,0.5289363657499934,1.0,0.9341761429687292,0.41448124854687957,0.5160766999218895,0.3710897655937724,imL
0.7201176499606399,0.4543764798740476,1.0,0.7011764996063986,0.4657411700865923,0.6791764502755209,0.6227293804250895,imL
0.7497124544807015,0.5490798543382449,1.0,0.9971245448070151,0.4006326001424567,0.4720128186350894,0.3031054916084237,imL
0.7034085907138758,0.400907490284403,1.0,0.5340859071387594,0.5025011004294729,0.7961398650028684,0.80318722029014,imL
0.7062264640936711,0.40992468509974744,1.0,0.5622646409367108,0.49630177899392364,0.7764147513443024,0.7727541877883524,imL
0.7068932268046506,0.4120583257748821,1.0,0.5689322680465065,0.49483490102976857,0.7717474123674454,0.765553150509773,imL
0.7169156536021528,0.4441300915268891,1.0,0.6691565360215284,0.4727855620752638,0.7015904247849302,0.6573109410967495,imL
0.7499862280439316,0.5499559297405809,1.0,0.9998622804393154,0.40003029830335063,0.4700964036924793,0.30014873712553947,imL
0.7224425245388021,0.46181607852416684,1.0,0.7244252453880213,0.4606264460146353,0.662902328228385,0.597620734980937,imL
0.7021357001050352,0.39683424033611286,1.0,0.5213570010503527,0.5053014597689224,0.8050500992647531,0.8169344388656192,imL
0.7221003595240242,0.46072115047687767,1.0,0.7210035952402425,0.46137920904714663,0.6652974833318301,0.6013161171405381,imL
0.7332765907519313,0.4964850904061803,1.0,0.8327659075193132,0.4367915003457511,0.5870638647364806,0.4806128198791416,imL
0.7374130110184034,0.5097216352588908,1.0,0.8741301101840335,0.42769137575951266,0.5581089228711765,0.4359394810012438,imL
0.7373422798146518,0.509495295406886,1.0,0.8734227981465187,0.4278469844077659,0.5586040412974369,0.43670337800175985,imL
0.7146000334102759,0.43672010691288315,1.0,0.6460003341027598,0.47787992649739286,0.7177997661280682,0.6823196391690195,imL
0.7136870470231786,0.4337985504741717,1.0,0.6368704702317867,0.47988849654900695,0.7241906708377494,0.6921798921496705,imL
0.7244746931573088,0.4683190181033883,1.0,0.7447469315730882,0.45615567505392063,0.6486771478988382,0.5756733139010647,imL
0.7350776354497331,0.502248433439146,1.0,0.8507763544973314,0.4328292020105871,0.5744565518518681,0.4611615371428821,imL
0.7231924255396638,0.46421576172692414,1.0,0.7319242553966379,0.4589766638127397,0.6576530212223535,0.5895218041716311,imL
0.7340207778694169,0.498866489182134,1.0,0.8402077786941686,0.43515428868728295,0.581854554914082,0.47257559901029794,imL
0.7317892088730141,0.49172546839364545,1.0,0.817892088730142,0.4400637404793688,0.5974755378889006,0.4966765441714467,imL
0.710339576408022,0.4230866445056707,1.0,0.6033957640802208,0.4872529319023514,0.7476229651438454,0.7283325747933616,imL
0.7174988043338136,0.4459961738682039,1.0,0.674988043338137,0.47150263046560986,0.6975083696633041,0.651012913194812,imL
0.7491283661967693,0.5472107718296615,1.0,0.9912836619676921,0.4019175943671077,0.47610143662261545,0.30941364507489244,imL
0.743844170713747,0.5303013462839903,1.0,0.9384417071374694,0.41354282442975676,0.5130908050037714,0.366482956291533,imL
0.7400807783587225,0.5182584907479123,1.0,0.9008077835872257,0.42182228761081036,0.5394345514889419,0.4071275937257962,imL
0.7077391305760148,0.4147652178432475,1.0,0.5773913057601485,0.49297391273276736,0.765826085967896,0.7564173897790396,imL
0.7098788223724642,0.4216122315918859,1.0,0.5987882237246434,0.4882665907805785,0.7508482433927497,0.7333087183773852,imL
0.7474591974310938,0.5418694317795002,1.0,0.9745919743109381,0.40558976565159366,0.48778561798234327,0.3274406677441868,imL
0.7006264166309302,0.39200453321897677,1.0,0.5062641663093024,0.5086218834119535,0.8156150835834883,0.8332347003859535,imL
0.7265316031362876,0.4749011300361206,1.0,0.7653160313628768,0.45163047310016713,0.6342787780459862,0.553458686128093,imL
0.7214177371513539,0.45853675888433265,1.0,0.7141773715135393,0.46288097826702135,0.6700758399405224,0.6086884387653775,imL
0.7288957718843522,0.4824664700299272,1.0,0.7889577188435224,0.4464293018544251,0.6177295968095342,0.5279256636489957,imL
0.7330463398708745,0.4957482875867987,1.0,0.8304633987087457,0.4372980522840759,0.5886756209038779,0.4830995293945545,imL
0.7493344401101638,0.5478702083525243,1.0,0.9933444011016382,0.4014642317576396,0.4746589192288532,0.3071880468102307,imL
0.7354956785202663,0.5035861712648522,1.0,0.8549567852026628,0.4319095072554142,0.571530250358136,0.4566466719811242,imL
0.7381658581569782,0.5121307461023302,1.0,0.8816585815697818,0.426035112054648,0.5528389929011527,0.42780873190463564,imL
0.7003938140389707,0.39126020492470637,1.0,0.5039381403897073,0.5091336091142644,0.8172433017272048,0.8357468083791162,imL
0.706540600458321,0.41092992146662743,1.0,0.5654060045832108,0.49561067899169364,0.7742157967917525,0.7693615150501325,imL
0.7464737497515781,0.5387159992050501,1.0,0.9647374975157814,0.40775775054652813,0.49468375173895296,0.33808350268295606,imL
0.7480714708474636,0.5438287067118838,1.0,0.9807147084746366,0.40424276413557997,0.48349970406775433,0.3208281148473925,imL
0.7109356456453543,0.42499406606513396,1.0,0.6093564564535436,0.48594157958022044,0.7434504804825195,0.7218950270301729,imL
0.7278753709949758,0.47920118718392246,1.0,0.7787537099497577,0.44867418381105334,0.6248724030351697,0.5389459932542617,imL
0.739997713997173,0.5179926847909536,1.0,0.89997713997173,0.4220050292062194,0.5400160020197889,0.40802468883053156,imL
0.7499808834002192,0.5499388268807014,1.0,0.9998088340021916,0.40004205651951785,0.4701338161984659,0.3002064592776331,imL
0.7193947475383062,0.45206319212258006,1.0,0.6939474753830626,0.46733155541572624,0.6842367672318561,0.6305367265862925,imL
0.7451879507277881,0.5346014423289218,1.0,0.9518795072778806,0.4105865083988663,0.5036843449054835,0.35197013213988887,imL
0.7218568783858578,0.45994201083474506,1.0,0.7185687838585783,0.4619148675511128,0.6670018512989953,0.6039457134327355,imL
0.7241370147038305,0.4672384470522578,1.0,0.7413701470383056,0.4568985676515728,0.651040897073186,0.57932024119863,imL
0.7125439560453429,0.4301406593450976,1.0,0.62543956045343,0.48240329670024545,0.732192307682599,0.7045252747102957,imL
0.705705919298665,0.4082589417557281,1.0,0.5570591929866502,0.497446977542937,0.7800585649093448,0.7783760715744178,imL
0.7091044829634027,0.4191343454828885,1.0,0.5910448296340267,0.48997013748051416,0.7562686192561813,0.7416715839952511,imL
0.7242557424501865,0.467618375840597,1.0,0.7425574245018656,0.4566373666095896,0.650209802848694,0.5780379815379851,imL
0.7293014465449388,0.48376462894380423,1.0,0.793014465449388,0.4455368176011346,0.6148898741854283,0.5235443773146609,imL
0.7316641177020962,0.49132517664670794,1.0,0.8166411770209621,0.44033894105538834,0.5983511760853265,0.49802752881736084,imL
0.7112766401215307,0.4260852483888983,1.0,0.612766401215307,0.4851913917326325,0.741063519149285,0.7182122866874684,imL
0.7179033644630709,0.4472907662818271,1.0,0.6790336446307097,0.4706125981812439,0.6946764487585032,0.6466436637988335,imL
0.7072753508304848,0.41328112265755135,1.0,0.5727535083048478,0.4939942281729335,0.7690725441866064,0.7614262110307642,imL
0.7075172197977562,0.41405510335282003,1.0,0.5751721979775626,0.49346211644493626,0.7673794614157061,0.7588140261842323,imL
0.7096151280381375,0.42076840972204027,1.0,0.5961512803813758,0.48884671831609733,0.7526941037330369,0.7361566171881141,imL
0.7066547568851972,0.4112952220326313,1.0,0.5665475688519728,0.495359534852566,0.773416701803619,0.7681286256398694,imL
0.7340872742453451,0.4990792775851046,1.0,0.8408727424534519,0.4350079966602406,0.5813890802825836,0.4718574381502719,imL
0.7048176631308984,0.40541652201887524,1.0,0.5481766313089851,0.4994011411120233,0.7862763580837104,0.787969238186296,imL
0.7073176707031034,0.4134165462499309,1.0,0.5731767070310341,0.4939011244531725,0.7687763050782761,0.7609691564064832,imL
0.7031753357505206,0.400161074401666,1.0,0.5317533575052062,0.5030142613488546,0.7977726497463556,0.8057063738943773,imL
0.7270748327819204,0.4766394649021453,1.0,0.770748327819204,0.4504353678797751,0.6304761705265571,0.5475918059552596,imL
0.7179429503449951,0.4474174411039844,1.0,0.6794295034499511,0.4705255092410108,0.6943993475850341,0.6462161362740527,imL
0.7144825090625442,0.43634402900014135,1.0,0.6448250906254416,0.4781384800624029,0.7186224365621908,0.6835889021245231,imL
0.7172383275168435,0.4451626480538994,1.0,0.6723832751684354,0.4720756794629442,0.6993317073820952,0.6538260628180896,imL
0.7311943842550167,0.4898220296160534,1.0,0.8119438425501668,0.4413723546389633,0.6016393102148831,0.5031006500458197,imL
0.7436826445471876,0.5297844625510003,1.0,0.9368264454718758,0.41389818199618733,0.5142214881696869,0.36822743889037407,imL
0.7004512335276107,0.3914439472883544,1.0,0.5045123352761076,0.5090072862392564,0.8168413653067247,0.8351266779018038,imL
0.7215966640529329,0.4591093249693855,1.0,0.7159666405293296,0.4624873390835475,0.6688233516294693,0.606756028228324,imL
0.7473003866096997,0.5413612371510391,1.0,0.9730038660969973,0.4059391494586606,0.4888972937321019,0.32915582461524295,imL
0.7112919765419914,0.42613432493437253,1.0,0.6129197654199141,0.4851576516076189,0.74095616420606,0.7180466533464926,imL
0.7344657747098531,0.5002904790715299,1.0,0.8446577470985308,0.43417529563832324,0.5787395770310284,0.46776963313358666,imL
0.7069905415761369,0.4123697330436383,1.0,0.5699054157613697,0.4946208085324987,0.7710662089670413,0.7645021509777208,imL
0.7377457151595599,0.5107862885105917,1.0,0.877457151595599,0.42695942664896824,0.5557799938830807,0.43234627627675304,imL
0.7139292694244799,0.4345736621583358,1.0,0.6392926942447994,0.4793556072661441,0.7224951140286403,0.6895638902156165,imL
0.7049190369843081,0.40574091834978615,1.0,0.5491903698430816,0.49917811863452205,0.7855667411098428,0.7868744005694718,imL
0.7136449326221586,0.4336637843909075,1.0,0.636449326221586,0.4799811482312511,0.7244854716448897,0.692634727680687,imL
0.7433510667349159,0.5287234135517309,1.0,0.9335106673491588,0.41462765318318506,0.5165425328555888,0.37180847926290844,imL
0.7148923692907535,0.4376555817304114,1.0,0.6489236929075355,0.4772367875603422,0.7157534149647251,0.6791624116598616,imL
0.7172448419606461,0.44518349427406745,1.0,0.6724484196064606,0.47206134768657865,0.6992861062754775,0.6537557068250224,imL
0.7246841135556026,0.46898916337792823,1.0,0.7468411355560256,0.45569495017767436,0.647211205110782,0.5734115735994922,imL
0.729831185979013,0.48545979513284176,1.0,0.7983118597901304,0.44437139084617133,0.6111816981469087,0.5178231914266591,imL
0.7389165208358811,0.5145328666748195,1.0,0.8891652083588107,0.42438365416106166,0.5475843541488324,0.41970157497248434,imL
0.7107368030335459,0.42435776970734723,1.0,0.60736803033546,0.4863790333261988,0.7448423787651779,0.7240425272377031,imL
0.7232609963578666,0.4644351883451732,1.0,0.7326099635786663,0.45882580801269346,0.6571730254949336,0.5887812393350405,imL
0.7000319338227216,0.39010218823270926,1.0,0.5003193382272163,0.5099297455900125,0.8197764632409485,0.8396551147146064,imL
0.7053370002193098,0.40707840070179163,1.0,0.5533700021930987,0.4982585995175183,0.7826409984648308,0.7823603976314534,imL
0.7397823546441625,0.5173035348613201,1.0,0.8978235464416251,0.4224788197828425,0.5415235174908624,0.4103505698430448,imL
0.7266048954865904,0.47513566555708914,1.0,0.7660489548659035,0.4514692299295012,0.6337657315938675,0.5526671287448242,imL
0.7435623269902739,0.5293994463688765,1.0,0.9356232699027389,0.41416288062139744,0.5150637110680827,0.36952686850504185,imL
0.7486785205114255,0.5457712656365615,1.0,0.9867852051142547,0.40290725487486395,0.4792503564200216,0.3142719784766048,imL
0.7146288160549046,0.4368122113756948,1.0,0.6462881605490463,0.47781660467920983,0.7175982876156676,0.6820087866070299,imL
0.7105158564812545,0.4236507407400144,1.0,0.605158564812545,0.4868651157412401,0.7463890046312185,0.7264287500024513,imL
0.7061635072811141,0.40972322329956523,1.0,0.5616350728111412,0.49644028398154894,0.776855449032201,0.7734341213639674,imL
0.7273582011504003,0.47754624368128085,1.0,0.7735820115040026,0.44981195746911945,0.6284925919471981,0.5445314275756772,imL
0.7344038672631369,0.5000923752420382,1.0,0.8440386726313693,0.43431149202109876,0.5791729291580414,0.4684382335581211,imL
0.7363539757297851,0.5063327223353125,1.0,0.8635397572978515,0.4300212533944727,0.565522169891504,0.44737706211832035,imL
0.730381849816011,0.4872219194112351,1.0,0.8038184981601096,0.4431599304047759,0.6073270512879232,0.5118760219870815,imL
0.7002742587287145,0.3908776279318867,1.0,0.5027425872871458,0.509396630796828,0.8180801888989978,0.8370380057298824,imL
0.7014821880281449,0.3947430016900638,1.0,0.5148218802814495,0.5067391863380811,0.8096246838029854,0.8239923692960346,imL
0.7049884076099843,0.4059629043519498,1.0,0.5498840760998431,0.4990255032580345,0.7850811467301098,0.7861251978121694,imL
0.7356865690753361,0.5041970210410757,1.0,0.8568656907533614,0.43148954803426054,0.570194016472647,0.4545850539863697,imL
0.7391315129375092,0.5152208414000297,1.0,0.8913151293750927,0.42391067153747963,0.546079409437435,0.41737966027489987,imL
0.7172952712806591,0.445344868098109,1.0,0.6729527128065906,0.4719504031825501,0.6989331010353865,0.653211070168882,imL
0.721821003047239,0.4598272097511649,1.0,0.7182100304723903,0.46199379329607415,0.6672529786693268,0.6043331670898184,imL
0.7406727627770892,0.5201528408866852,1.0,0.9067276277708913,0.42051992189040394,0.535290660560376,0.4007341620074374,imL
0.7414100701447197,0.5225122244631033,1.0,0.9141007014471978,0.41889784568161653,0.5301295089869615,0.3927712424370264,imL
0.7275347904544017,0.47811132945408563,1.0,0.7753479045440175,0.44942346100031616,0.6272564668191878,0.5426242630924611,imL
0.730978797657182,0.48913215250298253,1.0,0.8097879765718203,0.4418466451541995,0.6031484163997257,0.505428985302434,imL
0.7279419811165491,0.479414339572957,1.0,0.7794198111654905,0.4485276415435921,0.6244061321841565,0.5382266039412702,imL
0.7216352180990663,0.4592326979170121,1.0,0.7163521809906628,0.4624025201820542,0.668553473306536,0.6063396445300842,imL
0.744086989889235,0.51074308907077,0.48,0.5,0.5348142277323076,0.6355414655753799,0.5618260202215298,imS
0.7696373542313522,0.5153886098602458,0.48,0.5,0.5336528475349386,0.6076683408385248,0.5107252915372955,imS
0.8212497219576533,0.5247726767195734,0.48,0.5,0.5313068308201067,0.55136393968256,0.40750055608469327,imS
0.7425155715101533,0.5104573766382097,0.48,0.5,0.5348856558404476,0.6372557401707417,0.5649688569796932,imS
0.6748070207860082,0.49814673105200147,0.48,0.5,0.5379633172369996,0.711119613687991,0.7003859584279835,imS
0.811340768212461,0.5229710487659021,0.48,0.5,0.5317572378085246,0.5621737074045879,0.42731846357507797,imS
0.7595379686224984,0.5135523579313633,0.48,0.5,0.5341119105171592,0.6186858524118198,0.530924062755003,imS
0.8159060386037209,0.5238010979279493,0.48,0.5,0.5315497255180127,0.5571934124323046,0.41818792279255823,imS
0.7962134437616863,0.5202206261384884,0.48,0.5,0.5324448434653779,0.5786762431690694,0.45757311247662724,imS
0.6868649520044864,0.5003390821826339,0.48,0.5,0.5374152294543416,0.6979655069041967,0.6762700959910273,imS
0.7557026510720176,0.5128550274676396,0.48,0.5,0.5342862431330901,0.6228698351941626,0.5385946978559647,imS
0.8260967120751893,0.5256539476500345,0.48,0.5,0.5310865130874914,0.5460763140997934,0.3978065758496212,imS
0.6521130120848961,0.49402054765179926,0.48,0.5,0.5389948630870502,0.7358767140892042,0.7457739758302078,imS
0.81315893002357,0.5233016236406491,0.48,0.5,0.5316745940898377,0.5601902581561055,0.4236821399528599,imS
0.767553258250617,0.515009683318294,0.48,0.5,0.5337475791704265,0.6099419000902359,0.5148934834987657,imS
0.7965735807266048,0.5202861055866554,0.48,0.5,0.5324284736033362,0.5782833664800675,0.45685283854679043,imS
0.8233602842704969,0.5251564153219086,0.48,0.5,0.5312108961695229,0.5490615080685488,0.40327943145900613,imS
0.7493904734388147,0.5117073588070572,0.48,0.5,0.5345731602982358,0.6297558471576568,0.5512190531223706,imS
0.7550150364620508,0.5127300066294638,0.48,0.5,0.5343174983426341,0.6236199602232173,0.5399699270758984,imS
0.7550330645778733,0.5127332844687043,0.48,0.5,0.534316678882824,0.6236002931877745,0.5399338708442534,imS
0.8427461831339471,0.5286811242061722,0.48,0.5,0.5303297189484569,0.5279132547629667,0.3645076337321056,imS
0.6670053881560787,0.4967282523920143,0.48,0.5,0.5383179369019965,0.7196304856479142,0.7159892236878428,imS
0.8478936368335916,0.5296170248788349,0.48,0.5,0.5300957437802913,0.522297850726991,0.35421272633281675,imS
0.8493888199177313,0.5298888763486784,0.48,0.5,0.5300277809128304,0.5206667419079295,0.35122236016453734,imS
0.6765934487983416,0.498471536145153,0.48,0.5,0.5378821159637118,0.7091707831290819,0.6968131024033168,imS
0.7457779962038036,0.5110505447643279,0.48,0.5,0.534737363808918,0.6336967314140325,0.5584440075923929,imS
0.8042504057504465,0.5216818919546267,0.48,0.5,0.5320795270113434,0.5699086482722402,0.4414991884991069,imS
0.6899370325689658,0.5008976422852665,0.48,0.5,0.5372755894286834,0.694614146288401,0.6701259348620685,imS
0.6666284230435919,0.49665971328065306,0.48,0.5,0.5383350716798367,0.7200417203160816,0.7167431539128162,imS
0.7510576404635688,0.5120104800842853,0.48,0.5,0.5344973799789288,0.6279371194942885,0.5478847190728624,imS
0.6965557877595752,0.5021010523199227,0.48,0.5,0.5369747369200193,0.6873936860804634,0.6568884244808495,imS
0.7737997835509428,0.5161454151910805,0.48,0.5,0.5334636462022299,0.6031275088535168,0.5024004328981142,imS
0.8189005871241166,0.524345561295294,0.48,0.5,0.5314136096761766,0.5539266322282363,0.41219882575176664,imS
0.7357299103909187,0.5092236200710761,0.48,0.5,0.535194094982231,0.6446582795735432,0.5785401792181625,imS
0.6448295018481602,0.4926962730633019,0.48,0.5,0.5393259317341745,0.7438223616201888,0.7603409963036794,imS
0.6973244031129158,0.5022408005659847,0.48,0.5,0.5369397998585038,0.6865551966040918,0.6553511937741683,imS
0.7242197332795424,0.5071308605962804,0.48,0.5,0.53571728485093,0.6572148364223175,0.6015605334409153,imS
0.6778749356504067,0.4987045337546194,0.48,0.5,0.5378238665613452,0.7077727974722836,0.6942501286991867,imS
0.7177949782255963,0.5059627233137448,0.48,0.5,0.5360093191715638,0.6642236601175313,0.6144100435488075,imS
0.8288993766986913,0.5261635230361257,0.48,0.5,0.5309591192409686,0.5430188617832458,0.39220124660261724,imS
0.765576456775976,0.5146502648683593,0.48,0.5,0.5338374337829103,0.6120984107898444,0.518847086448048,imS
0.6457004686289349,0.49285463065980634,0.48,0.5,0.5392863423350485,0.7428722160411619,0.7585990627421302,imS
0.7027115149186703,0.5032202754397582,0.48,0.5,0.5366949311400605,0.6806783473614505,0.6445769701626592,imS
0.6850936484203815,0.5000170269855239,0.48,0.5,0.537495743253619,0.6998978380868566,0.6798127031592371,imS
0.8352011482588042,0.527309299683419,0.48,0.5,0.5306726750791453,0.5361442018994863,0.3795977034823915,imS
0.7637858667522179,0.5143247030458579,0.48,0.5,0.5339188242385355,0.6140517817248532,0.5224282664955641,imS
0.8338945007152962,0.5270717274027812,0.48,0.5,0.5307320681493047,0.5375696355833132,0.3822109985694074,imS
0.7255639586581961,0.5073752652105811,0.48,0.5,0.5356561836973548,0.6557484087365133,0.5988720826836078,imS
0.8251518746515073,0.5254821590275468,0.48,0.5,0.5311294602431134,0.5471070458347193,0.3996962506969853,imS
0.6761344279755178,0.4983880778137305,0.48,0.5,0.5379029805465674,0.7096715331176169,0.6977311440489644,imS
0.6810533543963884,0.4992824280720706,0.48,0.5,0.5376793929819824,0.7043054315675764,0.6878932912072233,imS
0.7723701258135481,0.5158854774206452,0.48,0.5,0.5335286306448388,0.6046871354761293,0.5052597483729037,imS
0.8148995491606021,0.5236180998473823,0.48,0.5,0.5315954750381545,0.5582914009157067,0.42020090167879565,imS
0.7504972935109079,0.511908598820165,0.48,0.5,0.5345228502949587,0.6285484070790096,0.5490054129781842,imS
0.7876029652148242,0.5186550845845135,0.48,0.5,0.5328362288538716,0.5880694924929191,0.4747940695703516,imS
0.7411392525354344,0.5102071368246245,0.48,0.5,0.5349482157938439,0.6387571790522534,0.5677214949291312,imS
0.8300998404054465,0.5263817891646266,0.48,0.5,0.5309045527088434,0.5417092650122401,0.38980031918910696,imS
0.7886805990662101,0.5188510180120383,0.48,0.5,0.5327872454969905,0.5868938919277707,0.4726388018675798,imS
0.8201107618075563,0.5245655930559193,0.48,0.5,0.5313586017360202,0.552606441664484,0.40977847638488735,imS
0.7492289368438431,0.5116779885170624,0.48,0.5,0.5345805028707344,0.6299320688976258,0.5515421263123139,imS
0.6670288161729517,0.49673251203144575,0.48,0.5,0.5383168719921386,0.7196049278113253,0.7159423676540966,imS
0.7849105435028321,0.5181655533641513,0.48,0.5,0.5329586116589622,0.5910066798150924,0.4801789129943359,imS
0.6733420158681765,0.49788036652148665,0.48,0.5,0.5380299083696284,0.7127178008710802,0.703315968263647,imS
0.8415836548527924,0.5284697554277805,0.48,0.5,0.5303825611430549,0.5291814674333173,0.36683269029441506,imS
0.796189643149481,0.5202162987544511,0.48,0.5,0.5324459253113872,0.5787022074732934,0.45762071370103785,imS
0.7690995233614997,0.5152908224293636,0.48,0.5,0.5336772943926591,0.6082550654238186,0.5118009532770007,imS
0.7372164540064576,0.5094939007284468,0.48,0.5,0.5351265248178884,0.643036595629319,0.5755670919870848,imS
0.7002228630860451,0.5027677932883718,0.48,0.5,0.5368080516779071,0.683393240269769,0.6495542738279099,imS
0.6704100219776614,0.49734727672321116,0.48,0.5,0.5381631808191972,0.715916339660733,0.7091799560446772,imS
0.7334114323187995,0.5088020786034181,0.48,0.5,0.5352994803491455,0.6471875283794916,0.5831771353624011,imS
0.7680010982370977,0.5150911087703814,0.48,0.5,0.5337272228074047,0.6094533473777116,0.5139978035258046,imS
0.6431649301526605,0.4923936236641201,0.48,0.5,0.53940159408397,0.7456382580152794,0.7636701396946789,imS
0.7928576616140951,0.5196104839298356,0.48,0.5,0.5325973790175411,0.5823370964209871,0.4642846767718097,imS
0.6811942345140022,0.4993080426389095,0.48,0.5,0.5376729893402726,0.704151744166543,0.6876115309719957,imS
0.8472637547702896,0.5295025008673254,0.48,0.5,0.5301243747831687,0.5229849947960477,0.35547249045942075,imS
0.7317928295407856,0.5085077871892337,0.48,0.5,0.5353730532026916,0.6489532768645975,0.5864143409184286,imS
0.773833041804208,0.5161514621462197,0.48,0.5,0.5334621344634451,0.6030912271226823,0.5023339163915841,imS
0.6755993000589968,0.4982907818289085,0.48,0.5,0.5379273045427729,0.710255309026549,0.6988013998820064,imS
0.7527914317164616,0.5123257148575384,0.48,0.5,0.5344185712856154,0.6260457108547692,0.5444171365670769,imS
0.6633324184918332,0.49606043972578784,0.48,0.5,0.538484890068553,0.7236373616452729,0.7233351630163336,imS
0.6928788958511136,0.5014325265183843,0.48,0.5,0.537141868370404,0.6914048408896942,0.6642422082977728,imS
0.7765642375539642,0.5166480431916298,0.48,0.5,0.5333379892020925,0.6001117408502209,0.4968715248920716,imS
0.7248483532543293,0.5072451551371507,0.48,0.5,0.5356887112157124,0.6565290691770953,0.6003032934913415,imS
0.7073356883159881,0.5040610342392706,0.48,0.5,0.5364847414401824,0.6756337945643766,0.6353286233680238,imS
0.6353584211080291,0.490974258383278,0.48,0.5,0.5397564354041805,0.7541544497003319,0.7792831577839417,imS
0.7499011595333213,0.5118002108242402,0.48,0.5,0.53454994729394,0.6291987350545587,0.5501976809333575,imS
0.6852465835472209,0.5000448333722219,0.48,0.5,0.5374887916569445,0.6997309997666682,0.6795068329055582,imS
0.6556192495428558,0.4946580453714283,0.48,0.5,0.5388354886571429,0.73205172777143,0.7387615009142884,imS
0.7917488749248771,0.5194088863499777,0.48,0.5,0.5326477784125057,0.583546681900134,0.4665022501502457,imS
0.7566871887941271,0.513034034326205,0.48,0.5,0.5342414914184488,0.6217957940427704,0.5366256224117456,imS
0.6692294950736377,0.4971326354679341,0.48,0.5,0.5382168411330165,0.7172041871923953,0.7115410098527246,imS
0.7626785211116126,0.5141233674748387,0.48,0.5,0.5339691581312903,0.6152597951509681,0.5246429577767748,imS
0.7625816893050786,0.5141057616918325,0.48,0.5,0.533973559577042,0.6153654298490052,0.5248366213898428,imS
0.7127497572715158,0.5050454104130029,0.48,0.5,0.5362386473967493,0.6697275375219828,0.6245004854569685,imS
0.6601745303809774,0.4954862782510868,0.48,0.5,0.5386284304372283,0.7270823304934791,0.7296509392380451,imS
0.7568174922234487,0.5130577258588089,0.48,0.5,0.5342355685352979,0.6216536448471468,0.5363650155531023,imS
0.7835230955360899,0.5179132900974709,0.48,0.5,0.5330216774756323,0.5925202594151746,0.4829538089278201,imS
0.752378513085,0.5122506387427272,0.48,0.5,0.5344373403143182,0.6264961675436362,0.5452429738299999,imS
0.7198663010196634,0.5063393274581206,0.48,0.5,0.5359151681354699,0.6619640352512762,0.6102673979606732,imS
0.8030044547847868,0.5214553554154158,0.48,0.5,0.532136161146146,0.5712678675075054,0.4439910904304265,imS
0.7037351902284772,0.5034063982233595,0.48,0.5,0.5366484004441602,0.6795616106598431,0.6425296195430457,imS
0.7528573918401162,0.5123377076072939,0.48,0.5,0.5344155730981766,0.6259737543562368,0.5442852163197675,imS
0.7803549587953886,0.5173372652355253,0.48,0.5,0.5331656836911187,0.5959764085868489,0.4892900824092228,imS
0.8347227891699968,0.5272223253036358,0.48,0.5,0.5306944186740911,0.5366660481781853,0.38055442166000647,imS
0.7382047397450875,0.5096735890445614,0.48,0.5,0.5350816027388597,0.6419584657326318,0.573590520509825,imS
0.6608742147839618,0.49561349359708395,0.48,0.5,0.538596626600729,0.7263190384174962,0.7282515704320764,imS
0.7393867067621375,0.5098884921385705,0.48,0.5,0.5350278769653575,0.6406690471685773,0.5712265864757251,imS
0.7948941547049884,0.519980755400907,0.48,0.5,0.5325048111497733,0.5801154675945581,0.46021169059002315,imS
0.8484342119848249,0.5297153112699682,0.48,0.5,0.530071172182508,0.5217081323801911,0.35313157603035017,imS
0.7121764579810459,0.504941174178372,0.48,0.5,0.536264706455407,0.6703529549297681,0.6256470840379083,imS
0.7123592354448123,0.5049744064445113,0.48,0.5,0.5362563983888722,0.6701535613329321,0.6252815291103755,imS
0.8249221133256093,0.5254403842410199,0.48,0.5,0.5311399039397451,0.5473576945538807,0.4001557733487813,imS
0.7703823083320139,0.5155240560603662,0.48,0.5,0.5336189859849085,0.6068556636378031,0.5092353833359722,imS
0.7028734660365316,0.5032497210975512,0.48,0.5,0.5366875697256123,0.6805016734146928,0.6442530679269368,imS
0.6820833168090201,0.4994696939652764,0.48,0.5,0.5376325765086809,0.7031818362083416,0.6858333663819597,imS
0.6378142438104347,0.49142077160189723,0.48,0.5,0.5396448070995258,0.7514753703886167,0.7743715123791306,imS
0.6903985146705524,0.5009815481219186,0.48,0.5,0.5372546129695204,0.6941107112684883,0.6692029706588953,imS
0.6637864637297217,0.49614299340540396,0.48,0.5,0.5384642516486491,0.7231420395675763,0.7224270725405565,imS
0.7288152436111468,0.5079664079292995,0.48,0.5,0.5355083980176751,0.6522015524242034,0.5923695127777063,imS
0.8137807024082848,0.5234146731651427,0.48,0.5,0.5316463317087143,0.5595119610091438,0.42243859518343024,imS
0.7603646918315137,0.5137026712420935,0.48,0.5,0.5340743321894766,0.6177839725474397,0.5292706163369727,imS
0.7393451245361616,0.5098809317338476,0.48,0.5,0.5350297670665382,0.6407144095969145,0.5713097509276767,imS
0.7129018541972032,0.5050730643994915,0.48,0.5,0.5362317339001271,0.6695616136030511,0.6241962916055936,imS
0.8446021716626526,0.5290185766659369,0.48,0.5,0.5302453558335158,0.5258885400043789,0.3607956566746946,imS
0.7504335434298438,0.5118970078963353,0.48,0.5,0.5345257480259162,0.6286179526219886,0.5491329131403123,imS
0.6483882833247767,0.49334332424086846,0.48,0.5,0.5391641689397829,0.7399400545547891,0.7532234333504466,imS
0.7156063152621439,0.505564784593117,0.48,0.5,0.5361088038517208,0.6666112924412976,0.6187873694757121,imS
0.8390608434605705,0.5280110624473765,0.48,0.5,0.5304972343881559,0.5319336253157412,0.3718783130788589,imS
0.8228764348973389,0.5250684427086071,0.48,0.5,0.5312328893228483,0.5495893437483576,0.40424713020532216,imS
0.6438867391050669,0.4925248616554667,0.48,0.5,0.5393687845861334,0.7448508300671998,0.7622265217898664,imS
0.641055682559203,0.4920101241016733,0.48,0.5,0.5394974689745817,0.7479392553899604,0.7678886348815942,imS
0.7726075965635375,0.5159286539206432,0.48,0.5,0.5335178365198392,0.6044280764761409,0.504784806872925,imS
0.7231091981757558,0.5069289451228647,0.48,0.5,0.5357677637192838,0.6584263292628119,0.6037816036484883,imS
0.6988802201073223,0.5025236763831495,0.48,0.5,0.5368690809042127,0.684857941701103,0.6522395597853555,imS
0.8365933288902094,0.5275624234345836,0.48,0.5,0.5306093941413541,0.5346254593924988,0.3768133422195812,imS
0.7629794517758224,0.5141780821410586,0.48,0.5,0.5339554794647354,0.6149315071536483,0.5240410964483551,imS
0.7715945984097244,0.5157444724381317,0.48,0.5,0.5335638818904671,0.6055331653712097,0.5068108031805512,imS
0.7534328120427767,0.512442329462323,0.48,0.5,0.5343894176344193,0.6253460232260619,0.5431343759144467,imS
0.6890036965087181,0.5007279448197669,0.48,0.5,0.5373180137950583,0.6956323310813985,0.6719926069825639,imS
0.6687432059265285,0.4970442192593688,0.48,0.5,0.5382389451851578,0.7177346844437872,0.7125135881469432,imS
0.6635526488684733,0.487868410678916,1.0,0.5,0.5385789404526107,0.5621315893210841,0.35573682135783197,omL
0.7336723838767482,0.5435799155467259,1.0,0.5,0.4261426794632074,0.5466050211133185,0.12558786948307404,omL
0.6828041877103362,0.47631748737379825,1.0,0.5,0.5308783249158655,0.5736825126262017,0.33263497474759646,omL
0.6614527932654589,0.4987167595927532,1.0,0.5,0.5574335191855063,0.5629055865309177,0.3309441346908228,omL
0.6669591781397095,0.49,1.0,0.5,0.567836712558838,0.5565204109301453,0.33216328744116197,omL
0.6898605246445386,0.4720836852132768,1.0,0.5,0.5280557901421846,0.5779163147867232,0.32416737042655364,omL
0.7293268471008865,0.540419525164281,1.0,0.5,0.4328585090259028,0.5473951187089298,0.13941457740627036,omL
0.6968483161795307,0.4678910102922816,1.0,0.5,0.5252606735281877,0.5821089897077184,0.31578202058456306,omL
0.7056717890626331,0.4625969265624202,1.0,0.5,0.5217312843749468,0.5874030734375798,0.30519385312484026,omL
0.6843365742857875,0.5076993267533,1.0,0.5,0.5023889306492375,0.5555751683116751,0.2825654454543124,omL
0.7313292969045885,0.5418758522942462,1.0,0.5,0.4297638138747269,0.5470310369264385,0.133043146212673,omL
0.6967807689108655,0.4679315386534807,1.0,0.5,0.5252876924356538,0.5820684613465194,0.31586307730696134,omL
0.6777069294835314,0.49,1.0,0.5,0.6108277179341254,0.5511465352582344,0.28917228206587464,omL
0.7281250321197994,0.5395454779053086,1.0,0.5,0.43471585945121916,0.5476136305236728,0.14323853416427468,omL
0.6602924946636902,0.491754967982141,1.0,0.5,0.5435099359642821,0.5605849893273804,0.3541501067261966,omL
0.6681758095905695,0.49,1.0,0.5,0.5727032383622782,0.5559120952047153,0.32729676163772176,omL
0.6602250202470187,0.49,1.0,0.5,0.5409000809880747,0.5598874898764907,0.3590999190119253,omL
0.7598082702151119,0.5625878328837176,1.0,0.5,0.38575085512209994,0.5418530417790706,0.04242823113373517,omL
0.6688739049201823,0.5432434295210934,1.0,0.5,0.6464868590421867,0.5777478098403644,0.1825219015963556,omL
0.6639795907895554,0.5138775447373319,1.0,0.5,0.587755089474664,0.5679591815791106,0.2804081842088934,omL
0.686163694372291,0.5090281413616661,1.0,0.5,0.4995651996064595,0.5552429646595836,0.27675188154271074,omL
0.709446251765713,0.46033224894057223,1.0,0.5,0.5202214992937149,0.5896677510594278,0.30066449788114435,omL
0.6602982631529672,0.49178957891780334,1.0,0.5,0.5435791578356066,0.5605965263059345,0.35403473694065557,omL
0.6748369864380678,0.49,1.0,0.5,0.5993479457522708,0.5525815067809662,0.30065205424772923,omL
0.6672713306396932,0.48563720161618407,1.0,0.5,0.5370914677441228,0.564362798383816,0.3512744032323681,omL
0.677941603694285,0.49,1.0,0.5,0.6117664147771398,0.5510291981528576,0.28823358522286024,omL
0.6715921999479042,0.49,1.0,0.5,0.5863687997916167,0.5542039000260479,0.31363120020838325,omL
0.7081874855386673,0.5250454440281216,1.0,0.5,0.4655284314402416,0.5512386389929697,0.20667618237696797,omL
0.7670488081041286,0.5678536786211844,1.0,0.5,0.3745609329299831,0.540536580344704,0.01939015603231814,omL
0.7079623361939743,0.524881699050163,1.0,0.5,0.46587638951840343,0.5512795752374593,0.20739256665553643,omL
0.7056857707732724,0.46258853753603657,1.0,0.5,0.521725691690691,0.5874114624639635,0.3051770750720731,omL
0.6652297655106894,0.5213785930641357,1.0,0.5,0.6027571861282714,0.5704595310213786,0.25540468978621433,omL
0.6790971827560752,0.49,1.0,0.5,0.6163887310243005,0.5504514086219625,0.2836112689756995,omL
0.6871697335190176,0.4736981598885895,1.0,0.5,0.529132106592393,0.5763018401114105,0.3273963197771789,omL
0.6723413246051253,0.49,1.0,0.5,0.5893652984205009,0.5538293376974375,0.3106347015794992,omL
0.6859972401598426,0.47440165590409444,1.0,0.5,0.529601103936063,0.5755983440959056,0.32880331180818884,omL
0.6672235694653981,0.49,1.0,0.5,0.5688942778615923,0.556388215267301,0.3311057221384077,omL
0.7668005833212346,0.5676731515063523,1.0,0.5,0.3749445530490012,0.540581712123412,0.020179962159708353,omL
0.6658691631055091,0.5252149786330547,1.0,0.5,0.6104299572661094,0.5717383262110183,0.24261673788981775,omL
0.663463672766272,0.49,1.0,0.5,0.5538546910650883,0.558268163616864,0.34614530893491174,omL
0.7517712152492205,0.5567427019994331,1.0,0.5,0.39817175825120465,0.5433143245001417,0.06800067875248023,omL
0.660398310773485,0.4923898646409096,1.0,0.5,0.5447797292818193,0.56079662154697,0.35203378453030126,omL
0.6674830663990767,0.49,1.0,0.5,0.5699322655963068,0.5562584668004616,0.33006773440369325,omL
0.6682882410772182,0.4850270553536691,1.0,0.5,0.5366847035691128,0.564972944646331,0.35005411070733816,omL
0.6983840849692362,0.4669695490184582,1.0,0.5,0.5246463660123055,0.5830304509815417,0.31393909803691644,omL
0.6904491421892871,0.5121448306831179,1.0,0.5,0.4929422347983745,0.5544637923292206,0.2631163657613592,omL
0.6610660711904648,0.4963964271427887,1.0,0.5,0.5527928542855775,0.5621321423809296,0.33867857619070435,omL
0.7654557621930701,0.5666950997767782,1.0,0.5,0.3770229129743462,0.5408262250558055,0.024458938476595082,omL
0.6633755532856744,0.5102533197140462,1.0,0.5,0.5805066394280924,0.5667511065713488,0.29248893428651257,omL
0.7072200871969521,0.5243418815977833,1.0,0.5,0.4670235016047105,0.5514145296005543,0.20975426800969807,omL
0.6602898252516576,0.4898261048490055,1.0,0.5,0.539884069899337,0.5601738951509946,0.359652209698011,omL
0.6674781369582397,0.49,1.0,0.5,0.5699125478329583,0.5562609315208803,0.3300874521670418,omL
0.7038899850738012,0.5219199891445827,1.0,0.5,0.4721700230677618,0.5520200027138544,0.22035004749245077,omL
0.6618291844311461,0.49,1.0,0.5,0.5473167377245844,0.559085407784427,0.3526832622754156,omL
0.6850726560065756,0.47495640639605463,1.0,0.5,0.5299709375973698,0.5750435936039454,0.32991281279210927,omL
0.6761454763861392,0.4803127141683165,1.0,0.5,0.5335418094455444,0.5696872858316835,0.340625428336633,omL
0.6609272894755931,0.49556373685355853,1.0,0.5,0.5511274737071171,0.5618545789511862,0.34145421048813823,omL
0.664072409461774,0.49296175233583567,1.0,0.5,0.5337062762863493,0.5592595619160411,0.347042333530719,omL
0.6684317723284673,0.5405906339708035,1.0,0.5,0.6411812679416071,0.5768635446569345,0.1913645534306549,omL
0.6800128996545203,0.5045548361123784,1.0,0.5,0.509070973261196,0.5563612909719055,0.2963225920083446,omL
0.7676037859367989,0.5682572988631264,1.0,0.5,0.3737032399158563,0.5404356752842184,0.01762431747382176,omL
0.6754954350353597,0.5012694072984434,1.0,0.5,0.5160525094908078,0.5571826481753892,0.31069634306931027,omL
0.6640173553513327,0.5141041321079959,1.0,0.5,0.5882082642159917,0.5680347107026653,0.2796528929733471,omL
0.663921457851678,0.48764712528899323,1.0,0.5,0.5384314168593288,0.5623528747110068,0.3552942505779864,omL
0.6844431732543439,0.5077768532758864,1.0,0.5,0.5022241867887414,0.5555557866810285,0.2822262669179968,omL
0.6668535138097107,0.49,1.0,0.5,0.5674140552388429,0.5565732430951447,0.33258594476115716,omL
0.6643043647367999,0.5158261884207992,1.0,0.5,0.5916523768415984,0.5686087294735997,0.2739127052640026,omL
0.6754893908166495,0.49,1.0,0.5,0.6019575632665978,0.5522553045916754,0.29804243673340225,omL
0.6695200296468118,0.5471201778808709,1.0,0.5,0.6542403557617417,0.5790400592936236,0.169599407063764,omL
0.7003474789020754,0.46579151265875474,1.0,0.5,0.5238610084391698,0.5842084873412452,0.3115830253175095,omL
0.6649597537219597,0.519758522331758,1.0,0.5,0.5995170446635161,0.5699195074439194,0.2608049255608066,omL
0.7052163143239405,0.46287021140563567,1.0,0.5,0.5219134742704238,0.5871297885943643,0.30574042281127134,omL
0.6665675708870072,0.5294054253220436,1.0,0.5,0.6188108506440871,0.5731351417740145,0.22864858225985485,omL
0.6694769035215311,0.5468614211291862,1.0,0.5,0.6537228422583724,0.578953807043062,0.1704619295693793,omL
0.6640238707719309,0.5141432246315853,1.0,0.5,0.5882864492631708,0.5680477415438618,0.27952258456138207,omL
0.699887690207447,0.4660673858755318,1.0,0.5,0.5240449239170212,0.5839326141244682,0.3121347717510636,omL
0.6668427561572668,0.48589434630563993,1.0,0.5,0.5372628975370933,0.5641056536943602,0.3517886926112799,omL
0.668804705496964,0.542828232981784,1.0,0.5,0.645656465963568,0.5776094109939279,0.1839058900607201,omL
0.6622437490282732,0.5034624941696393,1.0,0.5,0.5669249883392786,0.5644874980565464,0.31512501943453575,omL
0.6666951961175145,0.5301711767050868,1.0,0.5,0.6203423534101736,0.573390392235029,0.22609607764971063,omL
0.6703673122551803,0.49,1.0,0.5,0.5814692490207211,0.55481634387241,0.31853075097927896,omL
0.6630324006753185,0.49,1.0,0.5,0.5521296027012741,0.5584837996623409,0.34787039729872593,omL
0.6765101503724211,0.5020073820890335,1.0,0.5,0.5144843130608037,0.5569981544777417,0.30746770336047813,omL
0.7432772778465607,0.5505652929793168,1.0,0.5,0.41129875241895164,0.5448586767551709,0.09502684321548871,omL
0.6747749320004219,0.49,1.0,0.5,0.5990997280016875,0.552612533999789,0.30090027199831243,omL
0.6831165898062443,0.5068120653136322,1.0,0.5,0.5042743612085316,0.555796983671592,0.28644721425285913,omL
0.6673431545465589,0.49,1.0,0.5,0.5693726181862356,0.5563284227267206,0.3306273818137644,omL
0.6648006094935057,0.5188036569610341,1.0,0.5,0.5976073139220683,0.5696012189870114,0.26398781012988626,omL
0.6715745319261245,0.4984178414008178,1.0,0.5,0.5221120870232622,0.5578955396497955,0.32317194387142206,omL
0.6664145046861133,0.5284870281166794,1.0,0.5,0.6169740562333588,0.5728290093722265,0.23170990627773536,omL
0.6656214523475006,0.5237287140850032,1.0,0.5,0.6074574281700064,0.571242904695001,0.24757095304998938,omL
0.6801388400722287,0.4779166959566628,1.0,0.5,0.5319444639711086,0.5720833040433372,0.3358333919133256,omL
0.6743395916670573,0.49,1.0,0.5,0.5973583666682288,0.5528302041664714,0.3026416333317712,omL
0.667264217817059,0.5335853069023537,1.0,0.5,0.6271706138047074,0.5745284356341179,0.214715643658821,omL
0.6649936562250841,0.49,1.0,0.5,0.5599746249003363,0.557503171887458,0.34002537509966374,omL
0.7358615966984573,0.5451720703261507,1.0,0.5,0.42275935055692976,0.5462069824184623,0.11862219232309062,omL
0.6606474272999534,0.49388456379972046,1.0,0.5,0.547769127599441,0.5612948545999069,0.34705145400093174,omL
0.6914777125896157,0.47111337244623064,1.0,0.5,0.5274089149641538,0.5788866275537694,0.3222267448924612,omL
0.6602933922756021,0.4917603536536124,1.0,0.5,0.5435207073072249,0.5605867845512041,0.35413215448795854,omL
0.6651939216582562,0.5211635299495371,1.0,0.5,0.6023270598990741,0.5703878433165124,0.2561215668348766,omL
0.6771442887569282,0.49,1.0,0.5,0.6085771550277129,0.551427855621536,0.2914228449722871,omL
0.6612357729695176,0.4974146378171053,1.0,0.5,0.5548292756342107,0.5624715459390351,0.3352845406096489,omL
0.6699169645944593,0.4840498212433244,1.0,0.5,0.5360332141622163,0.5659501787566756,0.3480996424866489,omL
0.6937101939467097,0.46977388363197414,1.0,0.5,0.5265159224213161,0.5802261163680259,0.31954776726394823,omL
0.6975076814378706,0.46749539113727767,1.0,0.5,0.5249969274248518,0.5825046088627224,0.31499078227455535,omL
0.6626232347935729,0.5057394087614373,1.0,0.5,0.5714788175228747,0.5652464695871458,0.30753530412854224,omL
0.6811959754568733,0.505415254877726,1.0,0.5,0.5072425833848323,0.5561461862805686,0.2925582599099489,omL
0.7523005292791162,0.557127657657539,1.0,0.5,0.39735372747772957,0.5432180855856152,0.06631649774826681,omL
0.6605789706587513,0.4904210695700009,1.0,0.5,0.5391052271637481,0.5598947326074998,0.358157820631246,omL
0.6637089303973878,0.5122535823843265,1.0,0.5,0.584507164768653,0.5674178607947755,0.28582139205224505,omL
0.6638558539221905,0.513135123533143,1.0,0.5,0.5862702470662859,0.567711707844381,0.28288292155619016,omL
0.6763343561204815,0.48019938632771103,1.0,0.5,0.5334662575518074,0.569800613672289,0.3403987726554221,omL
0.6675453237343424,0.535271942406054,1.0,0.5,0.630543884812108,0.5750906474686847,0.20909352531315334,omL
0.7508418288695518,0.5560667846324012,1.0,0.5,0.39960808265614733,0.5434833038418997,0.07095781723324446,omL
0.6769760202216359,0.49,1.0,0.5,0.6079040808865435,0.5515119898891822,0.2920959191134565,omL
0.6642274555374903,0.4874635266775058,1.0,0.5,0.538309017785004,0.5625364733224942,0.35492705335501157,omL
0.662310829888758,0.48861350206674525,1.0,0.5,0.5390756680444969,0.5613864979332548,0.35722700413349046,omL
0.6963611635057675,0.4681833018965395,1.0,0.5,0.525455534597693,0.5818166981034605,0.31636660379307896,omL
0.7039559517158354,0.46362642897049877,1.0,0.5,0.5224176193136658,0.5863735710295013,0.3072528579409975,omL
0.6655157646729866,0.523094588037919,1.0,0.5,0.606189176075838,0.571031529345973,0.24968470654027003,omL
0.6886492796811272,0.4728104321913237,1.0,0.5,0.5285402881275492,0.5771895678086763,0.32562086438264737,omL
0.6719407598515229,0.4828355440890863,1.0,0.5,0.5352236960593909,0.5671644559109137,0.3456710881781726,omL
0.6684401453912143,0.49,1.0,0.5,0.5737605815648573,0.5557799273043929,0.3262394184351427,omL
0.6667440241486189,0.5304641448917131,1.0,0.5,0.6209282897834263,0.5734880482972377,0.22511951702762292,omL
0.6799738382124778,0.49,1.0,0.5,0.6198953528499112,0.5500130808937611,0.28010464715008887,omL
0.6729420282025963,0.49,1.0,0.5,0.5917681128103852,0.5535289858987019,0.3082318871896148,omL
0.6999961057663215,0.46600233654020706,1.0,0.5,0.5240015576934713,0.5839976634597929,0.31200467308041413,omL
0.6668688158855605,0.5312128953133629,1.0,0.5,0.6224257906267258,0.5737376317711209,0.2226236822887904,omL
0.6644001518806008,0.5164009112836044,1.0,0.5,0.5928018225672088,0.5688003037612015,0.27199696238798543,omL
0.6915458271715597,0.5129424197611343,1.0,0.5,0.4912473580075897,0.5542643950597165,0.25962691354503753,omL
0.6605252524114386,0.49,1.0,0.5,0.5421010096457541,0.5597373737942808,0.3578989903542458,omL
0.664464414372586,0.49,1.0,0.5,0.5578576574903438,0.5577677928137071,0.3421423425096563,omL
0.6634268106964524,0.49,1.0,0.5,0.5537072427858095,0.5582865946517739,0.34629275721419045,omL
0.7258273725350884,0.5378744527527916,1.0,0.5,0.4382667879003179,0.5480313868118022,0.15054926920653686,omL
0.6960004984128976,0.4683997009522614,1.0,0.5,0.525599800634841,0.5816002990477386,0.3167994019045228,omL
0.6999795721525531,0.46601225670846813,1.0,0.5,0.5240081711389788,0.5839877432915319,0.3120245134169362,omL
0.6938315977879342,0.46970104132723944,1.0,0.5,0.5264673608848263,0.5802989586727606,0.31940208265447884,omL
0.6692794335106739,0.5456766010640429,1.0,0.5,0.6513532021280858,0.5785588670213476,0.17441132978652368,omL
0.7663363098650392,0.6856262253496898,0.48,0.5,0.8042801126871326,0.39437377465031026,0.2932149859141084,om
0.7541131901129103,0.7490314930322393,0.48,0.5,0.83,0.5466919226935083,0.2986289366290299,om
0.6791944107276613,0.7588721750187257,0.48,0.5,0.8369387607651126,0.449355528582129,0.2701611178544678,om
0.6551632042200668,0.6598041549359198,0.48,0.5,0.6902611267521068,0.40496735915598664,0.2900652816880267,om
0.6349680263500409,0.6969552368900572,0.48,0.5,0.6688785001301554,0.4139744210800327,0.27900639472999184,om
0.6554013295013431,0.7384934472298368,0.48,0.5,0.631526305817205,0.43771054127419246,0.2823092117728494,om
0.663339782065881,0.7366756948922333,0.48,0.5,0.7766911718503474,0.43667182565270474,0.27333204358682384,om
0.6581047449759425,0.7321571174639138,0.48,0.5,0.7090199644494793,0.4577780664591023,0.2828104744975943,om
0.6411023610518879,0.8274588382761597,0.48,0.5,0.740508232344768,0.4632211867933118,0.30254116172384027,om
0.6333012039224908,0.8170877781528414,0.7526196280043542,0.5,0.7509707406157196,0.5471841663853689,0.391552499156107,om
0.7106021829749163,0.8219968814644054,0.48,0.5,0.7416006237071189,0.5232012474142379,0.19199688146440536,om
0.6402719718880706,0.5728103761767298,0.48,0.5,0.7002719718880706,0.33154117403240024,0.2599093427039765,om
0.7429443695431079,0.7473738735579858,0.48,0.5,0.7963130632210071,0.43368693677899284,0.27652522528840284,om
0.6189819498376797,0.6961083009739217,0.48,0.5,0.5668856823053049,0.33,0.309042117045414,om
0.6289062390816433,0.75436297824961,0.48,0.5,0.54490382599688,0.36054084774727,0.30382213050234,om
0.638263717375159,0.7015479130711562,0.48,0.5,0.5988288260362137,0.35826371737515894,0.31788697826778906,om
0.6686411485515663,0.877055821861727,0.48,0.5,0.7250175446890764,0.49614992089610455,0.2518118019312449,om
0.7125667734726882,0.8269250801045162,0.48,0.5,0.8091530892953407,0.5436807780681004,0.2958110755091039,om
0.6185258976604544,0.6391633304140921,0.48,0.5,0.6293625672463624,0.38115538596272674,0.30868525584886386,om
0.754832173421385,0.6903632227088415,0.48,0.5,0.7826252676167246,0.38963677729115853,0.2959218415479094,om
0.6501503188186704,0.7339398724725319,0.48,0.5,0.5782555419917397,0.3701503188186704,0.3420450956456011,om
0.6188068473931632,0.6355109838888793,0.48,0.5,0.6332958635042839,0.38284108435897884,0.3079828815170922,om
0.6073414674037262,0.7526585325962738,0.6182436950062347,0.5,0.5791218475031173,0.3991218475031173,0.38051211932920115,om
0.6275286090048215,0.7512520435003444,0.48,0.5,0.5500653920110208,0.3600490440082656,0.32624386949896683,om
0.7093161900616572,0.824487142546243,0.48,0.5,0.799672221013167,0.5369087292951193,0.2968946033127809,om
0.6535954586867818,0.7826965940150864,0.48,0.5,0.6371534211697805,0.4208238722641289,0.3154681804377394,om
0.6734198115128557,0.828885612583219,0.48,0.5,0.7348702827307165,0.5305955183396469,0.3691450471217861,om
0.7216267778500634,0.7649065049453624,0.48,0.5,0.7822400909682337,0.4742931918271921,0.33245325247268115,om
0.6685159984644614,0.8383039982450987,0.4910240114068584,0.5,0.740636000658088,0.5410600010968133,0.37318000329043993,om
0.6798550634446101,0.7611594924431196,0.48,0.5,0.8385506344461005,0.45130442899850953,0.27144936555389954,om
0.6550546454314482,0.7092281475251713,0.48,0.5,0.7586816932106898,0.5063729522207584,0.33637295222075836,om
0.74183883635406,0.8742562910431606,0.48,0.5,0.617809745205559,0.5373553454162399,0.29183883635405994,om
0.7136167507539677,0.8892068525811686,0.48,0.5,0.5879885790313857,0.5120114209686143,0.3007931474188314,om
0.6908664879285439,0.8578855610816091,0.48,0.5,0.6893242436021076,0.5370190731530652,0.34615258522452125,om
0.7183355360571105,0.8061206562474792,0.48,0.5,0.5916644639428894,0.5324071626603211,0.2996286506412842,om
0.7675507360082355,0.5969419039094094,0.48,0.5,0.8546909387517669,0.53,0.2073477919752935,om
0.6599311872338282,0.6015616978715412,0.48,0.5,0.7301376255323437,0.47176813617005686,0.2827210170212571,om
0.656384790519567,0.6240698087145711,0.48,0.5,0.6786997723245628,0.36276958103913404,0.2649154371558701,om
0.5200423388624014,0.8100173204437097,0.48,0.5,0.7199711325938172,0.38002886740618275,0.3799826795562904,om
0.6904208224846577,0.8858345207099022,0.48,0.5,0.6833238343207824,0.5087517810648533,0.2616690414198044,om
0.658769325079481,0.8007180639860325,0.48,0.5,0.6602563054672432,0.45328214035284325,0.3622050443737946,om
0.7618724319070697,0.6594032490222338,0.48,0.5,0.7960151297063864,0.53,0.22438270427879103,om
0.6736168652106173,0.8319452664586596,0.48,0.5,0.8224112434737448,0.526301776391064,0.3141642006240211,om
0.6573388399502955,0.5856859398260346,0.48,0.5,0.809137187965207,0.48554049193538423,0.2827338839950296,om
0.7397149144282705,0.8982894865696232,0.48,0.5,0.5782674815801547,0.5314254278586474,0.29,om
0.7601215963601677,0.6638448345784066,0.48,0.5,0.8553039909004193,0.5497568072796646,0.24939201819916135,om
0.759388794611644,0.6708064511893819,0.48,0.5,0.85347198652911,0.551222410776712,0.25305602694178,om
0.6766093687803719,0.633234364257006,0.48,0.5,0.7432656176495305,0.4098749864299024,0.27331249773831706,om
0.6678636255696005,0.5189318127848003,0.48,0.5,0.6927499802109343,0.5385113645358667,0.31064773896626613,om
0.6978852094835448,0.7935558506010112,0.48,0.5,0.7718278142253171,0.5083655628450634,0.2360573952582276,om
0.5442678172549769,0.7867028954352223,0.48,0.5,0.7355314030431852,0.39456069035298613,0.3625271715764167,om
0.7471422144101173,0.7300044991291786,0.48,0.5,0.7809495957771752,0.5376192618632942,0.1619036906835289,om
0.6228823207177563,0.7529728432425592,0.48,0.5,0.5337827459404733,0.3508099026979141,0.3121629405446451,om
0.6913220137960636,0.5950236524250417,0.48,0.5,0.7694711944815745,0.3939660413881909,0.20841358344472363,om
0.7322442273380372,0.7782102063087778,0.48,0.5,0.7356816504702225,0.5274714441614448,0.16073876214733313,om
0.7465534669560832,0.7636163326097921,0.48,0.5,0.7631069339121663,0.517062865653709,0.17293713434629104,om
0.68,0.7262105836868084,0.48,0.5,0.8114089554272994,0.43700407064877245,0.27779755761073655,om
0.7678817178981385,0.6896946256814892,0.48,0.5,0.8312118282101861,0.40605914105093077,0.2875763435796277,om
0.656343674122942,0.7268811437721188,0.48,0.5,0.7501059616671797,0.4310749392983536,0.27473126517541163,om
0.6420675811530755,0.6458051745195519,0.48,0.5,0.7426441396156415,0.3873558603843585,0.3474155235586557,om
0.6545626451158406,0.6145335533813411,0.48,0.5,0.77,0.3818221488728863,0.27542280901690963,om
0.7023796125027658,0.7084759225005531,0.48,0.5,0.6845722324983405,0.42644381916795737,0.3645722324983405,om
0.5691112417911028,0.6850618009950571,0.48,0.5,0.7689876398009886,0.3691112417911028,0.4348145970148287,om
0.6019363588488283,0.622337506582861,0.48,0.5,0.7333056860072752,0.34427386543168936,0.35040114773403264,om
0.6771654793760891,0.5643309587521781,0.48,0.5,0.734705068284245,0.438129452339666,0.24850356187173278,om
0.6550076036762427,0.5300304147049706,0.48,0.5,0.6716844085778995,0.5166311828442011,0.32499239632375737,om
0.7001329053261256,0.6771096844204186,0.48,0.5,0.6767109684420419,0.4480896735687697,0.3550664526630628,om
0.6870696028465415,0.6706349456683464,0.48,0.5,0.6229303971534585,0.5358811552392732,0.31352462095709266,om
0.6419129626722605,0.5585222239664371,0.48,0.5,0.6923481493109581,0.37017221611747,0.2733907387058233,om
0.7094389305807733,0.7081297686025778,0.48,0.5,0.6798129768602579,0.43102862726858215,0.3597194652903867,om
0.635801075529346,0.58099462235327,0.6276688144948017,0.5,0.6912376338354388,0.554198924470654,0.38395591298848525,om
0.6913439059978778,0.6133597649946942,0.48,0.5,0.730284640196392,0.5524031717993633,0.31759682820063667,om
0.6521724386946869,0.528103655789057,0.48,0.5,0.6730346321681211,0.5334826839159396,0.32565512261062635,om
0.5212559464297705,0.8071016620851452,0.48,0.5,0.719420332417029,0.38154578022125596,0.37951694368085753,om
0.6984716260067408,0.7200437126958767,0.48,0.5,0.6115283739932592,0.5346142637770288,0.3084570551081152,om
0.6624985021954205,0.7654692180639311,0.48,0.5,0.8268738766465653,0.4423430947104965,0.28203227974064843,om
0.6770880357017184,0.6067096008565995,0.48,0.5,0.7662023634416819,0.3892404726883364,0.22291196429828153,om
0.5901315316624837,0.7730886675460612,0.48,0.5,0.7052354670184245,0.3984556662269694,0.37261773350921223,om
0.7103973659755174,0.8371996237107882,0.48,0.5,0.8469315773170116,0.561330824738588,0.29840112886763537,om
0.5790239115347761,0.7706507256434826,0.48,0.5,0.5822775397521891,0.34720893803623554,0.34720893803623554,om
0.7523074125279143,0.5869848839732023,0.48,0.5,0.8686767440178651,0.5193844475167486,0.2127386629799017,om
0.6774599860204354,0.626189979030653,0.48,0.5,0.7280949895153265,0.3955549755357619,0.29745998602043533,om
0.6828747860997694,0.6600370508095157,0.48,0.5,0.7214373930498846,0.4200370508095157,0.2128377352902537,om
0.6588871729369035,0.6323276706917814,0.48,0.5,0.6754466751820255,0.367774345873807,0.26566615188107107,om
0.6468074731643073,0.5291551610141565,0.48,0.5,0.672770107342771,0.4729569364504522,0.30765231215015076,om
0.6028150149765683,0.7466286788613006,0.9634048053046123,0.5,0.7650737237910055,0.5717024026523061,0.5017024026523061,om
0.6393300717953422,0.5740195692279472,0.48,0.5,0.6957571213705,0.33,0.2615631658108684,om
0.6268098939723423,0.6259505301382884,0.7211771026876397,0.5,0.7110182332608469,0.5631901060276576,0.41812240290509917,om
0.6290459126697949,0.6220319148184743,0.6224031352926664,0.5,0.7191696528278589,0.4012015676463333,0.33120156764633324,om
0.6054428761408969,0.7545571238591031,0.7169704406733597,0.5,0.6284852203366799,0.4484852203366798,0.4165853533229584,om
0.655579884015953,0.8235198674468034,0.5871208615957779,0.5,0.7461800497074488,0.5503000828457479,0.40090024853724365,om
0.6151232016600399,0.7772836590400456,0.8876562162397037,0.5,0.7635186278599829,0.5791977130999715,0.48759313929991455,om
0.6346811268991986,0.7946811268991987,0.8711843858029763,0.5,0.7204555330011447,0.5751366599003433,0.4630238629513165,om
0.6245758808695686,0.7325328390281292,0.924826717340143,0.5,0.7859020405626621,0.5813261596930934,0.4737395183631649,om
0.7004144005476962,0.7743449143639566,0.6270322265371284,0.5,0.7556550856360434,0.5541377140901085,0.254619084266803,om
0.7382916037617095,0.6054387957957363,0.5769903884935944,0.5,0.8594828024340473,0.5411911986723379,0.25968639291913503,om
0.5760350219048934,0.7120700438097869,0.6884552847636143,0.5,0.77,0.4522013759531371,0.4780612883335635,om
0.6669357992462278,0.633565712534903,0.6132598265773503,0.5,0.77,0.44125377945282707,0.28944335815188194,om
0.6141292453668762,0.7333114254181228,0.9183643601024932,0.5,0.77,0.5586016769624974,0.471332599291871,om
0.6401295030605824,0.5593524846970885,0.5826531681699441,0.5,0.681715093266719,0.5498704969394177,0.36750788836978726,om
0.6299296889992133,0.7784182701533621,0.8802812440031466,0.5,0.7907205539225324,0.5876977162308297,0.467047473309084,om
0.7268374212757936,0.6943726936147486,0.48,0.5,0.8068374212757936,0.5005122638273809,0.2652561319136904,om
0.6423347347803833,0.5709338939121533,0.48,0.5,0.7032686286925366,0.33280168173645996,0.2576652652196167,om
0.6822493380589122,0.6210026477643515,0.48,0.5,0.7389973522356484,0.3977506619410879,0.27975595746979093,om
0.6601565088806347,0.5402608481343911,0.48,0.5,0.7799478303731218,0.4198434911193653,0.24481740630592622,om
0.6728623002563838,0.6242753994872321,0.48,0.5,0.7143024758332478,0.377146725192288,0.23570654961542412,om
0.6544731996427877,0.5450646991962723,0.48,0.5,0.7981577332142625,0.47447319964278767,0.2840788666071313,om
0.6130567890414483,0.7102617424611717,0.48,0.5,0.5527950465802767,0.34834073424869,0.3223580273963792,om
0.63570662661108,0.53565301288864,0.48,0.5,0.73864036050028,0.38152048066704003,0.26858674677784,om
0.6660684282819592,0.8055987474671424,0.48,0.5,0.7449144646475511,0.5311539636344081,0.36115396363440805,om
0.7186359253692302,0.6894308320807677,0.48,0.5,0.81954530845641,0.5386359253692301,0.29477265422820503,om
0.6366538331289018,0.5148006507531793,0.48,0.5,0.7766923337421965,0.454839151366474,0.2806048939208093,om
0.7618508552379307,0.6877782048980298,0.48,0.5,0.7911089755098514,0.40777820489802974,0.30814914476206934,om
0.6814163901328406,0.7576393497785991,0.48,0.5,0.832445919291517,0.44905573991143966,0.27424917039852165,om
0.744724522989842,0.695118061575782,0.48,0.5,0.7544096921210901,0.415118061575782,0.32527547701015797,om
0.692364710430922,0.7849499806685816,0.48,0.5,0.7020441119613475,0.46086175674588653,0.31150295368503544,om
0.7110199747792274,0.716629836064978,0.48,0.5,0.6891797730130466,0.43764981084420546,0.3564300882727041,om
0.689502457425818,0.6553398864688479,0.48,0.5,0.7141625709569701,0.409502457425818,0.31900491485163585,om
0.6995685332180989,0.7180583994814447,0.48,0.5,0.6778172447517364,0.44239848863921416,0.29673857779698354,om
0.6269628163723655,0.7161854233949061,0.8247416935796243,0.5,0.7565185918138173,0.525963311115632,0.4458522549759949,om
0.7237776269844589,0.826999321430065,0.48,0.5,0.6132596613747763,0.4948515251329943,0.2927037288359235,om
0.6741697805096472,0.7757554872588233,0.48,0.5,0.73,0.4583021949035293,0.27084890254823535,om
0.6807620342146832,0.6320320912391549,0.48,0.5,0.7287299429755282,0.4007620342146831,0.3015240684293662,om
0.6700399809630893,0.4699600190369107,0.48,0.5,0.5584066317656637,0.7117133111236041,0.7483666508025744,imU
0.6538123056059505,0.4530938471970248,0.48,0.5,0.5093511494126448,0.7369061528029752,0.7651796146022315,imU
0.7691068654863535,0.42,0.48,0.5,0.6101006717923378,0.7577232836284117,0.7777232836284117,imU
0.7731930678148304,0.41262608315393273,0.48,0.5,0.6578991334768538,0.8063234835844942,0.8268487002152807,imU
0.7142849163971366,0.3996752158723368,0.48,0.5,0.45350431744673636,0.699868969304926,0.6579202645389469,imU
0.8158014065617925,0.4551524614831367,0.48,0.5,0.6535496483595519,0.7777482417977595,0.8041985934382075,imU
0.7685030558294215,0.5035135374769859,0.5740541499079436,0.5,0.6337213971313175,0.7509563317396208,0.7809563317396209,imU
0.6722744617824679,0.3768233853474034,0.48,0.5,0.5456861544561695,0.651372308912339,0.6902350780211052,imU
0.7317121963627288,0.38365311515252354,0.48,0.5,0.5807306230305047,0.7539040654542429,0.7792693769694953,imU
0.7033795764359918,0.4255401411880027,0.48,0.5,0.6167591528719838,0.7533795764359918,0.7789197176239946,imU
0.7874244606961146,0.35570743449352427,0.48,0.5,0.4647218220571233,0.816995204145467,0.7034340524051805,imU
0.8344838240196266,0.4756579424510291,0.48,0.5,0.5400708832353279,0.7844129407842988,0.7355870592157012,imU
0.7924398880329531,0.36731966409885924,0.48,0.5,0.4715894681565272,0.8163401679505703,0.7054897480741444,imU
0.7171529914093678,0.48711752147658044,0.48,0.5,0.6721263889597773,0.8407028846644612,0.8528470085906321,imU
0.8040485009952685,0.39613337773698815,0.48,0.5,0.5880363757464513,0.7820242504976342,0.8020242504976343,imU
0.7815210035618692,0.45405600949831765,0.48,0.5,0.603225495844486,0.7893095100919625,0.8135490083110279,imU
0.7874426993016611,0.37680776350939293,0.48,0.5,0.6229805912265177,0.7646737533392327,0.7944621080751434,imU
0.7172350851025369,0.40276491489746313,0.48,0.5,0.6126959042521141,0.7218432765983087,0.7563824574487316,imU
0.599663325256937,0.3162290256974005,0.48,0.5,0.6261952496329471,0.7430976248164736,0.7658585748898842,imU
0.6763034005902638,0.3081691369663713,0.48,0.5,0.6082040103088502,0.7590845684831857,0.7790845684831857,imU
0.6459577242181943,0.412089580112424,0.48,0.5,0.670522395028106,0.8059577242181943,0.8208706583801767,imU
0.6779406277490524,0.3693382810209123,0.48,0.5,0.5347062481672984,0.6519109416235787,0.6813234379581754,imU
0.7745751982822913,0.33197265517007596,0.48,0.5,0.568520508622443,0.7635888706972532,0.7845751982822913,imU
0.5796542718495158,0.41065557766771793,0.48,0.5,0.5761382912601937,0.6851728640752421,0.7206555776677179,imU
0.703000352621204,0.37785722681457234,0.48,0.5,0.5368571092741711,0.6541430082662303,0.6910001175404014,imU
0.6352906357742358,0.5047093642257642,0.48,0.5,0.6223645474192141,0.7164729094838428,0.7564729094838428,imU
0.7001171325154736,0.4309679491477546,0.48,0.5,0.5845745916838595,0.7,0.74,imU
0.675306644041816,0.4731120101811828,0.48,0.5,0.543826661010454,0.714541311839725,0.7522453152334527,imU
0.6501529683801288,0.4898470316198712,0.48,0.5,0.5728234387329041,0.7065646877465808,0.7465646877465808,imU
0.7672022444439586,0.5108808977775835,0.48,0.5,0.6517230299993441,0.8508421322217606,0.7218393266668124,imU
0.7029506833561603,0.44950821944063996,0.48,0.5,0.49049178055936005,0.73,0.75737705486016,imU
0.5809422886903555,0.5978013263891705,0.48,0.5,0.5882724707343483,0.73,0.76,imU
0.7682318904650984,0.3409275302824086,0.48,0.5,0.5624347867275632,0.7666376829900281,0.7874782622425212,imU
0.8329125975112386,0.5094903568440937,0.48,0.5,0.5455703734445242,0.7737985228223339,0.7408859253110952,imU
0.6745024169171674,0.5318800352440989,0.48,0.5,0.4857504028195279,0.7242495971804721,0.7571247985902361,imU
0.5300619340830044,0.5117775293819004,0.48,0.5,0.5951467858966878,0.7337866964741719,0.765857797649448,imU
0.6914241796596818,0.5522756132172683,0.48,0.5,0.5274303281361272,0.7031424179659681,0.7431424179659681,imU
0.8117871870806231,0.5675852355282864,0.48,0.5,0.5323669919253895,0.7553137886955452,0.7435266016149221,imU
0.7752554539779716,0.46841848465932384,0.48,0.5,0.528418484659324,0.7769169263799034,0.7584984417205796,imU
0.7863140056984818,0.5418429971507592,0.48,0.5,0.5018429971507592,0.6821159658091099,0.691057982904555,imU
0.5069300241932793,0.6063721376728687,0.9685585264981956,0.5,0.5569767813940574,0.7142325060483198,0.74,imU
0.6888269902740294,0.47965005823749207,0.48,0.5,0.5478807378721197,0.7854115339817314,0.7778807378721196,imU
0.7746151603667276,0.5446156462388178,0.48,0.5,0.5207687075223645,0.7784616132110909,0.743845966972273,imU
0.7588171173557108,0.4536487687051438,0.48,0.5,0.46094630611543136,0.6802365765288578,0.7004731530577157,imU
0.7415772440907846,0.42479494313128546,0.48,0.5,0.5948581539902171,0.7460252843435726,0.7636278127779299,imU
0.7749468711101494,0.43123671777753736,0.48,0.5,0.3674203066652241,0.6437101533326121,0.6288808537023012,imU
0.7672386342049387,0.543014328720236,0.48,0.5,0.5737183796343531,0.8439713425595279,0.8576897221938811,imU
0.5895267854343739,0.5761830364140652,0.48,0.5,0.6027023805791651,0.7109464291312522,0.7441220242760436,imU
0.5196541953960986,0.5231962486859437,0.48,0.5,0.606457946710155,0.7354859822367183,0.7654859822367184,imU
0.7140365435931586,0.5592062693412126,0.48,0.5,0.5783446483832035,0.8115874613175748,0.8299321097007784,imU
0.6445207062915517,0.3967668699335174,0.48,0.5,0.49306863566239645,0.7670958587416897,0.7970958587416898,imU
0.7351000503010031,0.41343124685618726,0.48,0.5,0.5982375565886284,0.7962750125752508,0.819706259431438,imU
0.6433280988462686,0.4222213498077114,0.48,0.5,0.504434847884826,0.7633359505768657,0.7933359505768657,imU
0.6210000198686779,0.4140000132457853,0.48,0.5,0.4170001390807458,0.7280000927204973,0.7295001556379775,imU
0.8652881587358344,0.48868068444603363,0.48,0.5,0.6094345790483001,0.7605654209516999,0.7903769473011333,imU
0.80638908496044,0.39670136437994497,0.48,0.5,0.5877662118733517,0.8676621187335167,0.8798959068601651,imU
0.6215405888808047,0.42019257361010054,0.48,0.5,0.5787482715343462,0.7894222791696983,0.8087482715343463,imU
0.855742696065421,0.41128651967289487,0.48,0.5,0.581485392130842,0.8665848283598157,0.8659415685233682,imU
0.8672044088493773,0.4620440884937739,0.48,0.5,0.6044088176987548,0.796342684958094,0.8207515026568488,imU
0.7768835943883118,0.45052062653194824,0.48,0.5,0.5236370321436364,0.6845481285745459,0.7077946908192212,imU
0.808835808111187,0.5305820959444065,0.48,0.5,0.5659253283891543,0.8577759851674632,0.8683580811118697,imU
0.6745427721381895,0.350387694384421,0.48,0.5,0.6309418458423368,0.753019384719221,0.7760387694384421,imU
0.8445551631801723,0.5324080613663794,0.48,0.5,0.7287425718258623,0.8957057963724141,0.713665489540517,imU
0.49397157415845466,0.4625233235956268,0.48,0.5,0.6099067056174927,0.7349533528087464,0.7662150146065598,imU
0.834159619756651,0.5440368353284579,0.48,0.5,0.6293374261476065,0.8053619830332451,0.8260245568856386,imU
0.660459795214029,0.6241894786327836,0.48,0.5,0.5411890502562638,0.7202972625640659,0.7568648417093773,imU
0.6100597915576149,0.4249850521105963,0.48,0.5,0.497447682387087,0.7662612109170528,0.7962612109170528,imU
0.497609341466819,0.6043634507653193,0.9853449719898301,0.5,0.5583090352295959,0.7066180704591916,0.7366180704591916,imU
0.7790196188723322,0.43852942830849817,0.48,0.5,0.4524509528191697,0.7231373321063248,0.6770588566169964,imU
0.7293602231543803,0.44234198667037633,0.48,0.5,0.5153198884228098,0.6138309375465931,0.6438309375465932,imU
0.8085224081399631,0.41404353401166355,0.48,0.5,0.5080870680233271,0.6466094761632903,0.6725659421516268,imU
0.7053163421192027,0.5007601183443849,0.48,0.5,0.6867091447019931,0.8360764604635876,0.848734631523189,imU
0.7781350946777714,0.522896809574748,0.48,0.5,0.6076585244717246,0.8031744765979845,0.8202776670232365,imU
0.7801330827311324,0.5071048335053907,0.48,0.5,0.6141431256452152,0.8142096670107815,0.7955907088925199,imU
0.6460743843278757,0.4455822659433632,0.48,0.5,0.6683433497287612,0.6149699508137164,0.6644177340566368,imU
0.7333678205488166,0.5218214004221666,0.48,0.5,0.5550857593245335,0.7320963807176832,0.7174571203377332,imU
0.64,0.4515705123298597,0.48,0.5,0.6401602657326663,0.6288461479583161,0.6757051232985968,imU
0.6266101231729464,0.4299151847594196,0.48,0.5,0.6097455542782588,0.7305088914434824,0.7604240762029021,imU
0.7341093586261017,0.5413442428864089,0.6033222922325848,0.5,0.5676284174570656,0.7633989221994597,0.7857705047423941,imU
0.7875709155491628,0.4950787950546254,0.48,0.5,0.5899369639562997,0.7775078795054625,0.7975078795054625,imU
0.8044102012026938,0.5241923490979797,0.48,0.5,0.5616153018040406,0.78,0.7916153018040406,imU
0.7120594144709432,0.42146526976151055,0.48,0.5,0.6477425372925791,0.8157821469398746,0.8338217565871702,imU
0.7245858058054497,0.26992602269000887,0.48,0.5,0.5672929029027248,0.7400739773099911,0.7709763430090829,imU
0.8547870133032363,0.4948041010621359,0.5008177712692558,0.5,0.60799829122411,0.75799829122411,0.78799829122411,imU
0.6150939481171396,0.5057550432357171,0.7831704899302915,0.5,0.5183020172942868,0.7558677809762845,0.7233208069177147,imU
0.8086664107756927,0.558324365820158,0.552144503774702,0.5,0.6202882398764824,0.7961260569664035,0.817513451269763,imU
0.6267815855219847,0.5878192023477863,0.807766420347481,0.5,0.585877597260916,0.7469679960870229,0.7732711964783205,imU
0.6146544065001172,0.5792073560999297,0.48,0.5,0.5819139718166393,0.73,0.7588448531166627,imU
0.8222777068945945,0.41358641187717715,0.48,0.5,0.6097902337195198,0.7813087049825828,0.8013087049825827,imU
0.8385212050101937,0.5391933845510147,0.48,0.5,0.7488572947806043,0.9191261665969327,0.7007393974949031,imU
0.781209909124954,0.5358007077946396,0.48,0.5,0.7290035389731978,0.8948042467678374,0.7713879674911273,imU
0.686390092851746,0.5261114551004988,0.48,0.5,0.5876377709233788,0.7441671826507483,0.7519442724497506,imU
0.7597595362249419,0.7096300557306798,0.48,0.5,0.5002589609885241,0.710018497213466,0.750018497213466,imU
0.7858066309401427,0.4866290053589786,0.48,0.5,0.6477903315470072,0.7511613261880286,0.7833709946410214,imU
0.6234629803698832,0.4511668233289492,0.48,0.5,0.6007778822192994,0.7657591374108174,0.7926850981505839,imU
0.8432127485053886,0.5038350583898187,0.48,0.5,0.6174095613790415,0.8016063742526943,0.8216063742526942,imU
0.6898995901417085,0.4578622779934255,0.48,0.5,0.5945624146128559,0.7958249658451424,0.8158249658451424,imU
0.7893395236551575,0.5261299967583071,0.48,0.5,0.5046233344138976,0.6672652397932678,0.6872652397932678,imU
0.7812056480531051,0.45205648053105046,0.48,0.5,0.45602824026552524,0.7215604636282646,0.68,imU
0.7650178339246253,0.5046085980598859,0.48,0.5,0.5083273886917916,0.6558363056541042,0.68,imU
0.7863643243421607,0.46365081118537443,0.48,0.5,0.5254497296048751,0.6999924322362325,0.7199924322362325,imU
0.6550547478199813,0.47814009363844,0.48,0.5,0.4787310661906771,0.7320788976414853,0.6833043370983839,imU
0.5820734394653728,0.3830183598663432,0.48,0.5,0.07811015919805928,0.4990550795990296,0.3476070992203354,imU
0.6864831619180807,0.5823128601735086,0.48,0.5,0.32975048023134484,0.6248752401156724,0.5874890947662837,imU
0.5914968869916469,0.3971975095933175,0.48,0.5,0.28356762471312796,0.6189813219498815,0.5363701151198105,imU
0.6664470472159707,0.42485960629546277,0.48,0.5,0.47271059055680587,0.7602807874090745,0.7708423622272236,imU
0.7587809618338467,0.4264969757124479,0.48,0.5,0.46736103122685274,0.7126389687731473,0.68,imU
0.5457652257803329,0.5773100400598048,0.900007181359403,0.5,0.5388476729798738,0.7138458776400229,0.7284623670799312,imU
0.6122552519666835,0.5980917098743447,0.48,0.5,0.4396530381589718,0.3926022138077118,0.3796530381589718,pp
0.6434732452782739,0.6304025523225106,0.48,0.5,0.39367452143952925,0.45224840479843087,0.35122484047984304,pp
0.6323056800649169,0.8522445306907339,0.48,0.5,0.39062882183588643,0.47146725095040165,0.34041921455725765,pp
0.689685259386753,0.6084131168287312,0.48,0.5,0.5465114930442155,0.5160327920718281,0.42206558414365614,pp
0.6702447074275508,0.7757794871893593,0.48,0.5,0.47073412228265266,0.5157492439182215,0.4555045364906707,pp
0.6206406505356187,0.61,0.48,0.5,0.4589971915907875,0.4478551368505625,0.3867130821103375,pp
0.6986994074007067,0.6355434370759008,0.48,0.5,0.4483583407219789,0.3635607111191519,0.3290404740794346,pp
0.7068248509250036,0.6718493043166834,0.48,0.5,0.49502445339167983,0.51,0.43360079506664745,pp
0.735390767669553,0.6128862022438547,0.48,0.5,0.5368738586435754,0.5423446060173184,0.3692984443650838,pp
0.6356142317174156,0.6946766584490645,0.48,0.5,0.4652047439058052,0.4172521829638573,0.45725218296385733,pp
0.6978685804963967,0.5646812688337337,0.48,0.5,0.47,0.5816933544915922,0.3983066455084078,pp
0.6579226775619513,0.6809174858673178,0.48,0.5,0.42246393462829235,0.49376803268585384,0.3832371590087796,pp
0.7114903471799993,0.86,0.48,0.5,0.3657220148600153,0.5414903471799993,0.3036061810200073,pp
0.6324435574907229,0.7600903080148435,0.48,0.5,0.4675112885018554,0.4800451540074217,0.487737058538964,pp
0.6433775112163092,0.8206489955134764,0.48,0.5,0.49740401794609457,0.42078152916240363,0.3205164618645491,pp
0.661798899264941,0.81,0.48,0.5,0.49352709583466553,0.4626629975498032,0.2874077051454132,pp
0.6796214230063438,0.6340535575158593,0.48,0.5,0.4618928849682814,0.4325392495412341,0.3174607504587659,pp
0.6565641325473053,0.61,0.48,0.5,0.4948846491157184,0.37839741715793423,0.37832051656841315,pp
0.6398018295434307,0.6667377955233587,0.48,0.5,0.40881097726058374,0.3923780454788325,0.20574694324051174,pp
0.5853106585853078,0.5809937302439365,0.48,0.5,0.39270188092681907,0.4763043888292444,0.33270188092681907,pp
0.6516074185845651,0.7260123643076084,0.48,0.5,0.31746007236927554,0.388392581415435,0.4206749095384056,pp
0.7336321352019932,0.7336321352019932,0.48,0.5,0.3291035943940205,0.5321226215993357,0.49240591920863713,pp
0.6937372199894217,0.6345711875330571,0.48,0.5,0.3563886774854549,0.4474744399788435,0.40047993250925595,pp
0.6979715018998225,0.6741384193437194,0.48,0.5,0.3498982210707945,0.47993893264247667,0.31793079032814026,pp
0.6685615229176097,0.7223801269098008,0.48,0.5,0.47809936545099596,0.41285961927059756,0.23760253819601618,pp
0.6456397406332085,0.7256397406332085,0.48,0.5,0.4392423343011235,0.408720518733583,0.25767688759850194,pp
0.6416433256016836,0.7816433256016836,0.48,0.5,0.4950700231949492,0.37191411061220614,0.3873949652075762,pp
0.6883928761788446,0.677321104959641,0.48,0.5,0.5898219044711162,0.507321104959641,0.4341068573173303,pp
0.43712259268990744,0.4178863315928351,0.48,0.5,0.4993250352478814,0.3525044621413713,0.374422733681433,pp
0.6193353305501513,0.7791359297151967,0.48,0.5,0.4701329338899697,0.48953473138510595,0.5396455096267474,pp
0.33352513225287467,0.39547445829283023,0.48,0.5,0.5280678382495894,0.29288107833607113,0.3774237843327858,pp
0.6740329335033302,0.6140329335033301,0.48,0.5,0.5046227553288931,0.3888203563488739,0.39209880050999035,pp
0.6873554345045352,0.6273554345045352,0.48,0.5,0.4736127329987042,0.5443209634876901,0.42122810451749293,pp
0.6550047889940478,0.6750201137750008,0.48,0.5,0.4599942532071426,0.5699750972309513,0.3100210715738104,pp
0.626989779515048,0.573010220484952,0.48,0.5,0.484732114151334,0.6789284566053361,0.21279343706104598,pp
0.6337317682815058,0.7845772560938353,0.48,0.5,0.4722886280469176,0.49,0.5251239176950354,pp
0.7037412357946282,0.8134074974172051,0.48,0.5,0.4801112461258077,0.4306674767548462,0.37044498450323077,pp
0.6388924606336754,0.6821507873264905,0.48,0.5,0.40778492126735094,0.3988603149305962,0.21550555112854333,pp
0.63,0.852583872109286,0.48,0.5,0.392472042630238,0.450223658958096,0.30291936054643004,pp
0.6611759319391605,0.7879398298479011,0.48,0.5,0.3272105955323461,0.4155879659695802,0.28088423821293845,pp
0.6237162659112491,0.7854048090650105,0.48,0.5,0.5120277227574876,0.37486506364499644,0.3962837340887509,pp
0.6773149548714303,0.71,0.48,0.5,0.48171261282142414,0.48280117102500314,0.39,pp
0.6940254475534299,0.7588278345050555,0.48,0.5,0.4479236573397105,0.4654520885826725,0.3306497016310468,pp
0.7172583464802643,0.5874985431853011,0.48,0.5,0.4734680708936417,0.5207264173739059,0.42,pp
0.5930402325080812,0.6239850695371737,0.48,0.5,0.41695976749191876,0.4218241395048487,0.3718241395048487,pp
0.6849469700827936,0.6571803017185017,0.48,0.5,0.42843106110763174,0.4709045461490285,0.43101060598344126,pp
0.7262296138721815,0.5181963514473644,0.48,0.5,0.5206555791917277,0.552787017340227,0.4234425965319546,pp
0.7258664311193901,0.6537363954479287,0.48,0.5,0.45288810373130034,0.55586643111939,0.3728881037313003,pp
0.7403188308192622,0.7431883081926218,0.48,0.5,0.31127532327704877,0.5296811691807378,0.5139422144340184,pp
0.6399792951861856,0.6400207048138145,0.48,0.5,0.4016425110505498,0.44,0.3782746696941924,pp
0.6501902778580273,0.7609936506102234,0.48,0.5,0.3909936506102234,0.3729386905105831,0.3309936506102234,pp
0.684871577451811,0.7629494789186615,0.48,0.5,0.4275642112740945,0.5374315490362198,0.5247389152139362,pp
0.37114867594558915,0.453335551957533,0.48,0.5,0.5002076400132709,0.4870863839416079,0.5532317319508975,pp
0.699761001396232,0.7088050069811603,0.48,0.5,0.41976100139623207,0.8318740474718905,0.8356600837739245,pp
0.643774809738489,0.7487774918723799,0.48,0.5,0.4687453062656913,0.5337694454707076,0.2749919535983279,pp
0.68383900795812,0.7317365584769238,0.48,0.5,0.3860878138410254,0.44180973667777823,0.25180973667777823,pp
0.6509057792566213,0.7456449739327846,0.48,0.5,0.4725434675539728,0.34763040266191836,0.31090577925662133,pp
0.678113983801955,0.6798100269967416,0.48,0.5,0.41,0.5,0.28962005399348334,pp
0.6502450509946996,0.5701225254973498,0.48,0.5,0.46993873725132507,0.4698162117539752,0.5100612627486749,pp
0.4792921034448561,0.4761038396999222,0.48,0.5,0.49986365610502725,0.3488830717599378,0.44027268778994555,pp
0.4345518483315879,0.49378081418678105,0.48,0.5,0.5088806270514163,0.4,0.4281095929066095,pp
0.6597663259882595,0.6635252243162431,0.48,0.5,0.49242804088140885,0.40728412264422664,0.35780563313033176,pp
0.682346413509236,0.822346413509236,0.48,0.5,0.3253210442744018,0.4605727320844354,0.29001387129287365,pp
0.6387542345197429,0.7824915309605143,0.48,0.5,0.4950169380789715,0.3537711725987144,0.3687881106776859,pp
0.7280720163261096,0.8298793921505121,0.48,0.5,0.3702412156989757,0.514939696075256,0.36542212747320757,pp
0.6458409310969243,0.8115421920736254,0.48,0.5,0.4563084384147251,0.36553734237791236,0.39815421920736255,pp
0.6524229667211763,0.7752156931807065,0.48,0.5,0.3526078465903532,0.39,0.3903081331152949,pp
0.4779214903693028,0.5349680068563194,0.48,0.5,0.4609389601696477,0.39463081456087706,0.32966280770455775,pp
0.5541413717000162,0.568295425897511,0.48,0.5,0.4473611227824955,0.46603534292500404,0.32811871127249065,pp
0.5649674792521578,0.49387660327303745,0.48,0.5,0.4894480578608713,0.5710908759791204,0.37001300829913686,pp
0.5994198181724703,0.6790786665981157,0.48,0.5,0.4325597575632938,0.40116036365505936,0.37941981817247034,pp
0.5634567037103456,0.5477775833482775,0.48,0.5,0.43259252778275914,0.37216043981896596,0.2952470323982749,pp
0.34222841302606666,0.40389275814129166,0.48,0.5,0.5207381612391389,0.28833565488477503,0.3725905289913111,pp
0.68126061995666,0.6745656334055666,0.48,0.5,0.41,0.5,0.27913126681113315,pp
0.6718002342118425,0.7191591099949981,0.48,0.5,0.5353612179015815,0.46908014052710556,0.40636004684236854,pp
0.69,0.6943865780387696,0.48,0.5,0.5796952115560612,0.5066319468232617,0.3656134219612304,pp
0.6766869635607876,0.6965956275372434,0.48,0.5,0.5767478542431504,0.4777811605934646,0.3944681241542522,pp
0.33470394437097306,0.4167344443108601,0.48,0.5,0.528663277784457,0.3080711665264031,0.40406099987977406,pp
0.47478411648741975,0.6099040517721865,0.48,0.5,0.5034132901898445,0.5480534843355441,0.608101458449451,pp
0.5213604557990529,0.5808639544200946,0.48,0.5,0.5062959316301421,0.5859284785890055,0.3955511795617048,pp
0.7228991320114744,0.5942017359770512,0.48,0.5,0.47,0.6073213110487663,0.37267868895123374,pp
0.5072151363392229,0.47205905150592864,0.48,0.5,0.49586498485119745,0.5351560848332942,0.39311394546431083,pp
0.74,0.5085826254226369,0.48,0.5,0.43327330387331203,0.5771652508452738,0.3440720353520255,pp
0.7096938862323968,0.5712244550704126,0.48,0.5,0.48229585325702384,0.35198973948942064,0.3213775119542143,pp
0.7364970473970454,0.7908087283087117,0.48,0.5,0.48883234913234846,0.4736528878528786,0.39949114219113624,pp
0.6490347043280442,0.6292760282460332,0.48,0.5,0.4253619858769834,0.4436727184510609,0.31656860546692805,pp
0.6292321985898583,0.6769287943594333,0.48,0.5,0.47205366431643053,0.4092321985898583,0.25819607559756397,pp
0.7242983108769687,0.5652338963743438,0.48,0.5,0.4647661036256562,0.6527837388534123,0.3073274549240813,pp
0.6214746445262233,0.7358985781048932,0.48,0.5,0.3885253554737767,0.401115213284266,0.4140645023367126,pp
0.7168112422849399,0.6820281057123496,0.48,0.5,0.4027550308602406,0.5184056211424699,0.4910140528561748,pp
0.4241690084401175,0.5512630631548198,0.48,0.5,0.6192212610593965,0.8201472073631936,0.610821441065239,im
0.3237041510227776,0.5021083309265811,0.48,0.5,0.5552416835139318,0.8009958778582483,0.8173208706379919,im
0.6428107787265279,0.4587905686142881,0.48,0.5,0.5420269468163198,0.8007838319102081,0.8239865265918401,im
0.4017042703594107,0.5146817081437642,0.48,0.5,0.5738295729640589,0.8376591459281179,0.8092556405539116,im
0.5592811378724083,0.4287291417494241,0.48,0.5,0.5704236194168586,0.7643645708747121,0.7560590485421466,im
0.5587717039302108,0.5720108831037651,0.48,0.5,0.5331847636547289,0.8144130597245182,0.832010883103765,im
0.4582793877581396,0.4284497448992248,0.48,0.5,0.5518398639462532,0.8118398639462532,0.8266098809529716,im
0.517346704112012,0.3928945046050778,0.48,0.5,0.6471054953949222,0.7109648348683593,0.731206043585449,im
0.41953442880600994,0.40523278559699505,0.48,0.5,0.5897180303944193,0.7425245920042929,0.7732721328038635,im
0.5469929039910851,0.46473758198439896,0.48,0.5,0.57,0.7679716159643406,0.7902269379710267,im
0.5118026521502896,0.6021880025124499,0.48,0.5,0.5440986739248551,0.7306933277501114,0.7053466638750557,im
0.3239518628739874,0.3817028978039804,0.48,0.5,0.5908514489019902,0.9213975161680167,0.9244979301400139,im
0.2947272086717138,0.4688181978320715,0.48,0.5,0.7080661419070261,0.65279335057874,0.6924710408965776,im
0.29554319364874637,0.4847498744946236,0.48,0.5,0.5545831241577059,0.7174583124157705,0.6952501255053765,im
0.3941395687566871,0.47862014374777095,0.48,0.5,0.5141395687566871,0.6989095927146489,0.580578897933756,im
0.436181430113596,0.5009282705143583,0.48,0.5,0.5147468404007624,0.7825738358851334,0.8035021063994918,im
0.6646357367807192,0.37307285264385615,0.48,0.5,0.5247708589424576,0.9073854294712288,0.9095417178849151,im
0.5531442355022,0.61128445078965,0.48,0.5,0.3631442355022001,0.9111426274163,0.913356970562225,im
0.6013183159482497,0.4669812755324559,0.48,0.5,0.5518876531947354,0.7437753063894709,0.7698127553245591,im
0.4943732946931868,0.5360724030324647,0.48,0.5,0.4790249219853689,0.7256685465884772,0.6751391662994977,im
0.3707166513416625,0.5722149954024988,0.48,0.5,0.3747883164758288,0.7650705611747238,0.7877850045975013,im
0.5840020872967019,0.5701180154053003,0.48,0.5,0.512939948648999,0.7569420359457008,0.7365879897297998,im
0.5718342290794007,0.5472612649432852,0.48,0.5,0.5509045059773141,0.7463315418411987,0.6890198426483685,im
0.4830301922066324,0.4792433662436243,0.48,0.5,0.5265150961033163,0.7795452883099486,0.8030301922066325,im
0.3017256212192793,0.4710346136369952,0.48,0.5,0.705861545452019,0.656897424246635,0.6958628106096396,im
0.6038024126826812,0.4265029950104389,0.48,0.5,0.5137425124739027,0.7639880199582443,0.7872395174634638,im
0.3930930303118826,0.443146873997133,0.48,0.5,0.6093598564635233,0.7525336523032815,0.7800269218426252,im
0.74,0.5413520323457324,0.48,0.5,0.5928797059924252,0.790342432924929,0.8120368981955904,im
0.46471679501286306,0.47405657053801126,0.48,0.5,0.46443394232280677,0.8415094871391819,0.8587264583005854,im
0.4626456134486905,0.4055324558838021,0.48,0.5,0.5617885987268676,0.7447421050432589,0.7344342121755582,im
0.42211890998036555,0.42878810900196346,0.48,0.5,0.5588624277396919,0.7647732452544178,0.7975762180039269,im
0.533085967959326,0.3954507445840969,0.48,0.5,0.6218238831238546,0.6858113402513745,0.7281761168761454,im
0.6385334421150276,0.5858130505009284,0.48,0.5,0.5341869494990716,0.7501595431168843,0.7544528546938787,im
0.726972400389494,0.5200612163907752,0.48,0.5,0.5082568999026266,0.6911620667315823,0.7258715500486868,im
0.714138296629305,0.46848244786509075,0.48,0.5,0.633172340674139,0.756344681348278,0.7805515961797432,im
0.2541195528567112,0.572458507013301,0.48,0.5,0.6973255968183192,0.7750829859733981,0.7946012694150546,im
0.6384404256289785,0.5252292551492876,0.48,0.5,0.6563303192217339,0.7805045211673992,0.8026146275746439,im
0.5057689097338954,0.4534135498231788,0.48,0.5,0.4920191184068634,0.7386055685836846,0.5920669144240219,im
0.5218058578827349,0.5159284363572206,0.9247019372204114,0.5,0.5327598016558088,0.7917205950325736,0.7377342942399556,im
0.45463665238917084,0.4849245402221982,0.48,0.5,0.442839569000108,0.6595611926113691,0.705679138000216,im
0.41496371248656133,0.4979504158700246,0.48,0.5,0.4228113577604637,0.7466324098012926,0.7778476452739024,im
0.4726407915025138,0.41584882584009375,0.48,0.5,0.4727357849555816,0.6678300989378142,0.7078300989378142,im
0.8336414135484864,0.5233038274703357,0.48,0.5,0.5248312069609247,0.7377974483531096,0.7511012758234452,im
0.45827508632178565,0.4112069396487897,0.48,0.5,0.5172416378927381,0.8879306035121032,0.8715514224584722,im
0.3784638450958585,0.4956277731679851,0.48,0.5,0.5704652835400186,0.7979541908680782,0.7454430981961377,im
0.4878733136964054,0.4465446369437117,0.48,0.5,0.5221925175167658,0.654784039808982,0.675647880573054,im
0.33709762038249796,0.5236499538904893,0.48,0.5,0.6427704482577941,0.687229551742206,0.7272295517422059,im
0.7220922229820802,0.5360076852485067,0.48,0.5,0.5169961573757467,0.73049423606362,0.7669961573757467,im
0.48439131952634984,0.4629254463232645,0.48,0.5,0.47122051098875345,0.5968323415038568,0.6256118305151033,im
0.5660610622048559,0.5264854870867982,0.48,0.5,0.47818318661456755,0.8335145129132019,0.8487267253541729,im
0.5155557502242837,0.4097225628924964,0.48,0.5,0.57,0.6422230008971347,0.688056188228922,im
0.5923730520731292,0.4989438060975929,0.48,0.5,0.5678876121951859,0.7592180071950547,0.7879011490243326,im
0.6960521356337865,0.4224143817085183,0.48,0.5,0.5168188769626341,0.7682382018983537,0.7924143817085183,im
0.47415052364481325,0.4615553629477178,0.48,0.5,0.4350380642788382,0.7937785482091286,0.8181487901742739,im
0.5971506918713649,0.50426482167636,0.48,0.5,0.2441368544440647,0.7571689729045501,0.4998903138008898,im
0.216494675767777,0.4987010648464446,0.48,0.5,0.3808452081909993,0.47474201365166546,0.5477936109213324,im
0.4535564537988645,0.4777935507187887,0.48,0.5,0.5369483876796972,0.7581338722793187,0.7838967753593944,im
0.3142541305100639,0.501063532627516,0.48,0.5,0.5742541305100639,0.8261740758422923,0.8383011410973242,im
0.31433303379052807,0.42483438173315174,0.48,0.5,0.49133393241894385,0.7596687634663035,0.7918352803615675,im
0.5808821914964661,0.6361763384971088,0.48,0.5,0.5261768375080313,0.8011760889916474,0.8217643829929324,im
0.513389657336763,0.501129885778921,0.48,0.5,0.5489377030251946,0.7744519543115684,0.7322597715578419,im
0.17201583019885167,0.4859054931366246,0.48,0.5,0.543354282155224,0.7651024219628012,0.7391969288261766,im
0.6064916728011898,0.502649167280119,0.48,0.5,0.6401670891611302,0.757350832719881,0.7542720854804164,im
0.6213610517079903,0.40961112808343136,0.48,0.5,0.5798055640417157,0.7665370426944771,0.7932685213472386,im
0.33693559410228124,0.5021246056763341,0.48,0.5,0.601062302838167,0.8357507886473319,0.8531256572061099,im
0.5109490294917486,0.5512787375862711,0.48,0.5,0.431328641288448,0.7477722329219804,0.33393602016316715,im
0.47331774668645055,0.5137412325111285,0.48,0.5,0.5499766200296758,0.7687529224962906,0.6091062684099959,im
0.394032719926755,0.4435366496509088,0.48,0.5,0.47343193636259795,0.6889895286711689,0.5824214650337669,im
0.3013807894751579,0.3849317620129611,0.48,0.5,0.45377843249459954,0.6524886270021603,0.6302729519481556,im
0.3903271027711316,0.5777453270783487,0.48,0.5,0.3703200934758776,0.750007009295254,0.6019485980362818,im
0.6855182730822246,0.4616090807686417,0.48,0.5,0.4698914769560641,0.7832181615372834,0.6640276884856897,im
0.6261951175143248,0.7187999636174628,0.48,0.5,0.6339121880229196,0.7406536709598908,0.6714146474570258,im
0.5668946348904412,0.4341367809342648,0.48,0.5,0.5899131222116544,0.7280998062918382,0.761031415824706,im
