stat_mean,stat_std,stat_var,stat_skew,stat_kurt,stat_min,stat_max,stat_range,stat_median,stat_q25,stat_q75,stat_iqr,temp_rms,temp_energy,temp_zcr,temp_autocorr_max,temp_peak_count,temp_peak_mean,temp_onset_count,temp_onset_rate,spec_centroid_mean,spec_centroid_std,spec_bandwidth_mean,spec_bandwidth_std,spec_rolloff_mean,spec_rolloff_std,spec_flatness_mean,spec_flatness_std,spec_contrast_0_mean,spec_contrast_0_std,spec_contrast_1_mean,spec_contrast_1_std,spec_contrast_2_mean,spec_contrast_2_std,spec_contrast_3_mean,spec_contrast_3_std,spec_contrast_4_mean,spec_contrast_4_std,spec_contrast_5_mean,spec_contrast_5_std,spec_contrast_6_mean,spec_contrast_6_std,mfcc_0_mean,mfcc_0_std,mfcc_1_mean,mfcc_1_std,mfcc_2_mean,mfcc_2_std,mfcc_3_mean,mfcc_3_std,mfcc_4_mean,mfcc_4_std,mfcc_5_mean,mfcc_5_std,mfcc_6_mean,mfcc_6_std,mfcc_7_mean,mfcc_7_std,mfcc_8_mean,mfcc_8_std,mfcc_9_mean,mfcc_9_std,mfcc_10_mean,mfcc_10_std,mfcc_11_mean,mfcc_11_std,mfcc_12_mean,mfcc_12_std,chroma_0_mean,chroma_0_std,chroma_1_mean,chroma_1_std,chroma_2_mean,chroma_2_std,chroma_3_mean,chroma_3_std,chroma_4_mean,chroma_4_std,chroma_5_mean,chroma_5_std,chroma_6_mean,chroma_6_std,chroma_7_mean,chroma_7_std,chroma_8_mean,chroma_8_std,chroma_9_mean,chroma_9_std,chroma_10_mean,chroma_10_std,chroma_11_mean,chroma_11_std,mel_0_mean,mel_0_std,mel_1_mean,mel_1_std,mel_2_mean,mel_2_std,mel_3_mean,mel_3_std,mel_4_mean,mel_4_std,mel_5_mean,mel_5_std,mel_6_mean,mel_6_std,mel_7_mean,mel_7_std,mel_8_mean,mel_8_std,mel_9_mean,mel_9_std,tonnetz_0_mean,tonnetz_0_std,tonnetz_1_mean,tonnetz_1_std,tonnetz_2_mean,tonnetz_2_std,tonnetz_3_mean,tonnetz_3_std,tonnetz_4_mean,tonnetz_4_std,tonnetz_5_mean,tonnetz_5_std,spec_entropy_mean,spec_entropy_std,stat_entropy,label
-0.0004990535,0.17033494,0.029013988,0.8313750521764113,8.420624907205832,-0.8612535,0.9999916,1.8612452,0.0,-0.011117335641756654,0.008793344954028726,0.01991068059578538,0.17033567,639.764,0.07046786221590909,637.49274,1,0.9999915957450867,3,3.0,2208.122653300918,1096.06498762483,2590.1761701266864,617.1392538041798,4821.235240589489,2868.415043964866,0.06835071,0.06752044,21.872584553698744,7.225036119922042,13.837172968886868,4.915232467917845,14.874911585346778,4.287913115853703,15.860294698582818,4.410885223033755,13.301202972328003,2.105552867545847,15.251051112098024,2.8944624678582,16.888219360612865,4.0463325243278065,-260.75647,64.952255,103.94265,37.46307,22.870098,24.92758,12.663209,9.980005,1.9164814,8.834141,-2.711851,7.443245,2.411198,10.209305,2.4480803,6.768747,-1.4692047,7.803411,-5.2935667,4.4163213,-16.771366,12.122604,-6.080768,4.148835,-12.301111,8.900259,0.46642944,0.28964147,0.37726936,0.27429476,0.43348733,0.35327697,0.45410958,0.28576514,0.54877645,0.28694177,0.48779202,0.2700127,0.44111082,0.3326494,0.42645016,0.2987429,0.50555366,0.25898442,0.5431845,0.26059654,0.629157,0.1840355,0.6956201,0.32956344,47.963505,77.21193,2.8646479,4.701539,0.40390483,0.6290945,0.07845391,0.21835563,0.012941628,0.037580278,0.0053778426,0.009364449,0.0036327357,0.0089691635,0.0022016875,0.0039483784,0.0018532008,0.0032308854,0.0023768535,0.0040400466,0.05024351355015564,0.13316754123628807,-0.018520840303502054,0.046254039103501496,-0.026840740010481437,0.14683903351563501,-0.020059219180522288,0.0741853774160125,-0.004448402531634559,0.02914799557588555,-0.0016633886420590776,0.05610232396087865,5.4032574,1.7922527,-49.01127211903348,buka
-0.00048032094,0.12494387,0.015610971,2.2855439517963165,21.17483594865525,-0.6591576,0.9999949,1.6591525,0.0,-0.014727267669513822,0.01254821545444429,0.02727548312395811,0.1249448,344.22702,0.04616477272727273,341.4091,9,0.3116561472415924,3,3.0,1728.9911465414264,390.5919968207604,2351.5179623322692,301.9854376016327,3694.9018998579545,918.5095598533823,0.01563139,0.011866854,23.736936247351238,6.615743762597194,11.780391545796936,4.3735379688851435,15.576127830434132,3.9489415131119117,13.416381657624562,2.8231536955895216,14.193604165363416,1.7558282288585545,15.417247380516757,2.1755059364257066,14.7993841475813,3.0340402565353166,-254.7461,74.44952,122.00932,13.751921,12.963769,8.780151,19.263618,12.771291,-3.2285044,10.678152,-3.120195,6.2431726,-3.2495642,3.7376525,-11.557873,8.319537,-10.255043,7.7372727,-10.452053,4.719951,-9.188916,9.195166,-2.0515249,3.7768583,-6.370917,3.2035773,0.41659692,0.23454021,0.45390624,0.25419387,0.49914896,0.21804641,0.5006412,0.2897415,0.5151295,0.247829,0.57915044,0.336368,0.55232984,0.2765144,0.61291033,0.31517872,0.49550465,0.30224976,0.47062215,0.24153872,0.5511374,0.21871684,0.4174733,0.2107717,26.448336,73.5693,3.7754898,9.379615,0.3008101,0.86690736,0.12657107,0.35760102,0.022283154,0.05144606,0.0130061,0.029472722,0.021916827,0.060875323,0.028887128,0.08403038,0.004283246,0.01111056,0.0007013521,0.0013924368,-0.04062897607169138,0.0613341378323848,0.07344693447200074,0.047535372716521855,-0.01983508217910512,0.1169923557970494,-0.09718112529001505,0.06422824234798888,0.015906298992455756,0.028172111325879476,-0.0123841402819379,0.04325549333001486,5.2987924,0.7889973,-77.40435973363883,tutup
-0.00014281638,0.14956734,0.022370389,1.768263506470713,9.883081834387184,-0.61726236,0.9999962,1.6172585,0.0,-0.007218897924758494,0.005351096973754466,0.01256999489851296,0.1495674,493.2675,0.06356534090909091,491.52124,1,0.7207149267196655,2,2.0,2613.783429808901,1214.7309520557985,2768.9186340601013,694.698084264754,5674.73310990767,2964.3648549726317,0.08220225,0.07201811,20.876222389231994,6.490846138153371,11.474973069097036,3.728966147578042,15.503337215473465,3.6651697823898157,14.547824499894357,3.8261497468980115,13.648243641429264,2.4963111693301605,15.25590292417815,2.6653079212439907,17.30675612905644,4.3421900683903845,-288.55905,91.175026,97.61621,45.81239,26.742775,12.164974,11.289249,5.2802496,0.4317607,7.428268,0.33207548,6.4261174,-10.212888,6.321457,-0.5884723,10.615544,-7.028294,5.46408,1.8576648,11.075997,-8.242398,7.3542957,-1.2509434,5.1646276,-6.0901093,3.5806763,0.37644717,0.27368084,0.4154747,0.27539062,0.50765216,0.3664016,0.49075252,0.3866255,0.46575963,0.30004117,0.49424866,0.3089995,0.39849484,0.25722742,0.34113818,0.19148535,0.36947152,0.21738526,0.41613248,0.30329204,0.44030854,0.26445788,0.3792963,0.22768793,30.686157,59.2528,2.5790138,4.8663197,0.938369,1.6846523,0.043644503,0.08524754,0.015876235,0.032589722,0.00740274,0.016478606,0.0027067682,0.0060552093,0.0012726637,0.0016913172,0.0017322719,0.0031746977,0.0018801283,0.0035528415,0.03294577931485349,0.055991045558977416,0.011031924007671357,0.04978522796337346,0.002674801698462109,0.13032895460709673,-0.008467426438901153,0.06093123447326572,-0.014289160054468085,0.028327895781836317,-0.012189399249936329,0.04674955619024246,5.4698215,1.563141,-68.03828393972735,buka
0.0070062387,0.22894041,0.05241371,-0.5503984855775664,2.097142401037982,-0.9315004,0.9999975,1.9314978,0.005249449,-0.019917278084903955,0.09951394610106945,0.1194312241859734,0.2290476,1156.8048,0.024502840909090908,1151.9047,1,0.41051003336906433,3,3.0,977.7234648376158,474.27976993411255,1572.3168310405679,642.5270978416231,1915.7209916548295,1344.8625081285354,0.02572581,0.14862,17.919777334597622,5.764865039651179,16.93778697078269,6.123858644823101,18.123430447378524,6.079635223833857,17.88663344269847,5.582199120386909,16.44563307131906,2.688822150834591,16.780042785275537,2.6311020485054226,15.83621368278146,2.8550933666142577,-254.22389,95.33825,155.36403,48.15106,20.20187,9.92123,18.939135,8.300572,-6.7149935,15.350134,9.28205,7.569154,1.2263639,4.7064924,-1.0476066,12.095593,0.8326511,7.856436,-0.16821624,6.1059966,-6.519525,7.98716,2.205972,4.6565995,-3.4701273,7.95287,0.3871789,0.25957403,0.72952944,0.32230124,0.6914328,0.2203099,0.50223726,0.40418017,0.3271309,0.3379228,0.19189253,0.2268351,0.18069595,0.23187682,0.256174,0.3140821,0.3238896,0.20475367,0.3151262,0.28494647,0.20664501,0.23069952,0.22642556,0.25127438,83.79502,87.62562,13.638278,20.754877,2.0295115,2.1236095,0.34144875,0.4641288,0.03195954,0.06175218,0.004359366,0.004471222,0.0025570744,0.0046886387,0.0057610185,0.013888161,0.0007241192,0.0013167504,0.0002111766,0.0003393244,-0.11031476832505739,0.15441934935010387,-0.1425140213480354,0.16678743335996746,-0.19262613620693744,0.2141666936732699,0.01098097033206004,0.09553631927661367,0.05311285690944024,0.07535748293799334,-0.048082255917093294,0.0641426180374052,3.7777107,1.0717975,-20.832315783094025,tutup
-4.7619174e-05,0.121627934,0.014793355,2.2551941298946656,22.611123127472997,-0.6323724,0.9999964,1.6323688,0.0,0.0,0.0,0.0,0.12162794,326.1935,0.04917214133522727,323.9258,3,0.24618475139141083,3,3.0,2584.318642337437,677.1144516944235,2858.3804682139257,500.02846450577636,5970.08056640625,1972.3428577550667,0.06486476,0.031669475,16.9559773434489,5.363062158511376,11.849455075316415,4.922047765400295,15.201799765629842,4.630025526624922,15.220158608840443,4.16950346166836,13.441937561630022,1.8003022634018826,15.947830920558413,3.545378913144875,16.027883705891206,4.543441887120164,-324.75177,72.32337,91.7301,24.002174,16.667953,16.834372,18.583616,15.221794,-1.6438733,11.15302,-4.146404,5.51111,-0.80389875,3.8695948,-2.70525,5.7984896,-10.730933,13.096745,-3.8351393,4.923245,-9.7633295,13.398381,-1.9729378,4.791453,-4.714741,6.2750163,0.4242295,0.21994,0.40014008,0.23134594,0.51225924,0.27631015,0.52777815,0.31951532,0.5966373,0.3174562,0.65494466,0.3250581,0.6419943,0.28459954,0.6485134,0.25996011,0.49087164,0.2745017,0.39310896,0.24921016,0.38667518,0.24254292,0.40718395,0.21297741,26.75251,74.13402,6.223587,17.597439,0.1524143,0.43635404,0.014458817,0.031147756,0.0046922653,0.016222365,0.005548375,0.019844927,0.013673073,0.04607496,0.008506888,0.030463168,0.0022802667,0.006212739,0.0016875681,0.00421794,0.021546741598582633,0.034641886381354015,-0.002755045799511745,0.043685878242944766,0.0357850381088523,0.07399636844890786,0.028188040395351544,0.06668776659724845,-0.007687441209778978,0.015761257055275903,0.005013397005810004,0.03480940539162377,5.8609405,1.091098,-111.85230560429439,tutup
-7.03409e-05,0.12216361,0.014923947,2.257993800463977,18.985828188559353,-0.6075602,0.999994,1.6075542,0.0,-0.007859939709305763,0.006675376323983073,0.014535316033288836,0.12216363,329.07315,0.07195490056818182,324.80377,7,0.42086926102638245,3,3.0,2536.3516412679637,695.906017955168,2838.2984440228925,467.44821466993574,5860.701682350852,1904.8379950913468,0.04820616,0.030999638,19.255221953888682,5.406028693165109,12.127470913779735,3.9661543317849044,15.59110966058277,4.155100503262197,14.333890908343328,3.806219411677062,14.274411736347245,2.1071069115061074,16.06879628245287,3.4307908173482446,16.923780367847392,3.8891468767781983,-283.34982,76.69491,91.926674,22.088999,18.991941,11.3612385,17.247301,13.840118,-4.195999,11.784478,-4.9749365,7.52441,-2.072521,10.2053795,-12.786939,9.104438,-14.016769,12.742309,-4.067119,4.787707,-13.774808,13.277632,0.7160941,5.9095488,-9.48731,6.282674,0.35257724,0.21826264,0.31744596,0.25987414,0.36924303,0.2709411,0.63805723,0.33729884,0.64046204,0.29740348,0.5749975,0.30910105,0.62970835,0.25531667,0.5363118,0.25888178,0.35530335,0.2298329,0.33038506,0.21871176,0.36803284,0.25823465,0.36611366,0.20253235,24.574308,63.796944,7.3391743,19.142466,0.14899725,0.3455856,0.08023783,0.18326366,0.011373046,0.025762672,0.005872849,0.017422043,0.043470543,0.17019776,0.05271482,0.21056053,0.0042467033,0.016058346,0.0037820614,0.011487454,0.007578187975745681,0.05310806662627238,0.03550671563831227,0.04173661444790064,0.03565353675830051,0.08229857013893348,0.01660903615199661,0.05979758769877796,-0.00789387735524204,0.015540080296942274,0.005870712921023402,0.020695950529169352,5.551727,1.0914202,-89.76404733164607,tutup
0.006056734,0.28749013,0.08265058,0.31134323263712593,1.124538798999315,-0.99999744,0.97475994,1.9747574,0.0,-0.11341272294521332,0.06381583027541637,0.1772285532206297,0.28755394,1823.2542,0.026322798295454544,1815.1488,0,0.0,2,2.0,849.2604962501343,433.46977678523507,1409.9945485418777,568.8357807591645,1473.0668501420455,968.3367001128837,0.025641017,0.14865234,17.604355472242204,5.380394264135495,17.774704380668172,7.880122700974408,21.10208363594802,8.343983066306663,20.13131497546004,7.445600989076562,15.557437558382231,2.2058667492063675,16.802067120305985,1.8698592518182484,15.596777185506436,1.9580834074501463,-252.06236,69.76703,163.02892,44.951088,21.578627,15.748242,17.170662,8.457751,4.93288,10.519272,1.2180628,6.197287,1.6536559,7.332747,7.748514,7.3730903,-0.3777336,3.5188744,-0.48923123,6.787894,-5.222055,5.463772,-2.6343167,9.662142,-1.992728,4.843269,0.5811951,0.29777387,0.7927675,0.2862077,0.44565022,0.21655272,0.26249266,0.29054692,0.2709479,0.35496846,0.2583308,0.3262599,0.21734476,0.28072646,0.30606478,0.25195417,0.5652723,0.29478353,0.28275192,0.19654343,0.27497748,0.30389258,0.38396072,0.35106865,137.31648,163.74615,24.697174,30.8382,4.706176,6.068042,0.21076109,0.48085782,0.009391453,0.006241561,0.004602575,0.0029229831,0.0013135164,0.00056624523,0.00039576108,0.00014344057,0.0004227171,0.00047129104,0.0001196789,5.1084568e-05,-0.04708847441693107,0.10687639298182958,-0.10541879250372198,0.1387738893201741,-0.22484054139137982,0.2089420911068249,-0.008610819466412555,0.08371097472936655,-0.004928219270157282,0.037105527304016554,-0.05216552426149567,0.05781917219446979,3.737155,1.1162161,-6.529868670532429,buka
0.0071098935,0.25942767,0.06730272,0.3501854948604197,0.9890452978388948,-0.84863156,0.99999756,1.8486291,0.0,-0.11771529354155064,0.06132654473185539,0.17904183827340603,0.25952506,1485.1395,0.022261186079545456,1478.946,0,0.0,3,3.0,895.0555494100815,571.0793740887009,1503.2552975447436,696.5935017744297,1657.0778586647727,1444.1844074199987,0.049001213,0.20761554,22.067212824385106,4.810265858002427,20.118144036148564,7.625984477127414,21.428678135185105,8.072805131385019,21.138475228933974,7.892077042906613,16.41992382365144,2.8602468513348884,17.20298713857363,1.6463754224872051,16.63455141759658,3.0897312278070306,-288.75812,74.41712,150.53197,46.821587,32.077377,18.034195,15.862179,17.177212,6.6320376,11.528808,-4.6468816,8.317241,1.6550164,6.171623,6.981679,7.4789577,-2.2193086,3.6907377,-5.4336762,12.20487,-5.7249722,12.077261,-3.7155213,11.170796,-6.2160234,6.9071307,0.5539368,0.32174063,0.647527,0.3698302,0.26907519,0.1911168,0.131576,0.16726094,0.16608125,0.24497975,0.2254499,0.3356499,0.25898466,0.32818797,0.4251289,0.34726804,0.4330716,0.24186109,0.22653341,0.21473251,0.2555499,0.300851,0.32504922,0.25993887,115.40632,131.37332,13.773635,18.880844,3.453843,5.0788503,0.69753224,0.96907806,0.0047987653,0.008132743,0.0035149762,0.0050462885,0.0006884188,0.00045365345,0.00024212999,0.00020518474,0.00026962507,0.00025504656,0.00023915744,0.0003787584,-0.1493985210720446,0.14896181247194312,-0.10656514041550982,0.24316492779424376,-0.18341790570411867,0.2542185335571157,0.0636085963236503,0.14021355091376664,0.08474111350824452,0.058740140832165645,-0.08697152618763283,0.061825371509338034,3.2583597,1.0333338,-11.165223992823913,buka
0.00010329106,0.11467512,0.013150383,1.1112595791341022,8.103309490950167,-0.6128999,0.9999919,1.6128918,0.0,-0.008570175152271986,0.006900003761984408,0.015470178914256394,0.114675164,289.9662,0.08700284090909091,288.50162,2,0.615513801574707,3,3.0,2624.7983767288124,973.3499400832326,2859.192283128683,456.5645223115272,5861.435768821023,2529.0018892113244,0.09293191,0.06844752,20.23091705950316,8.17991218782336,13.028342483431489,3.9147348093405214,13.799797719147096,3.9149638408218244,15.577884892156208,3.048193847839633,14.025544339704167,2.079173705216499,15.03493281726735,1.9022504061547227,16.230873704175902,3.1642858289263294,-264.42142,58.653126,87.69232,25.775455,17.725725,23.49473,9.420072,11.824641,0.3667514,10.2383585,-4.201623,7.553273,-1.1339902,6.209562,2.2025175,7.19773,-2.5454993,7.6588597,-5.2188416,6.5792456,-10.888728,5.030707,-5.0401516,4.9429393,-8.475099,6.103553,0.6564602,0.2970435,0.53643006,0.30131382,0.47476494,0.259241,0.45520318,0.28739896,0.44272092,0.25681466,0.5363007,0.3087696,0.47063196,0.3148044,0.43464383,0.31252968,0.47277653,0.28124857,0.49592134,0.23450832,0.63062,0.23884082,0.7507965,0.2657903,18.810482,34.20879,1.6261052,3.6944065,0.2880167,0.7626601,0.07999431,0.30695793,0.011793279,0.03224123,0.0053010816,0.007870847,0.0025081136,0.0032426957,0.0022280244,0.0037188947,0.0031099992,0.0063345586,0.0023721003,0.004473763,0.0635862581535775,0.05601376589671591,0.019343112457366984,0.02978830323489828,0.002626459516415153,0.09227116500126009,0.016855039041150172,0.06375959117528927,0.0007315027946762244,0.024796207106662915,0.004055291615341928,0.029427421293822812,5.843999,1.9640101,-73.29370381022994,buka
6.639606e-05,0.16935207,0.028680122,0.922473013545072,5.212853828610777,-0.7374083,0.99999595,1.7374042,0.0,-0.03175823204219341,0.009423932991921902,0.041182165034115314,0.16935207,632.3967,0.04432262073863636,629.5993,0,0.0,5,5.0,1906.9660886386882,1152.525793416276,2430.6811519195576,607.0363735395218,3851.507013494318,2904.8186567614994,0.061616167,0.09487782,23.20487138814354,8.308600267887888,15.874727703628956,6.536767121737129,16.407831148003993,6.754086493099332,17.566046284646603,5.36908336115483,13.966855941513018,2.2687342721891146,16.38895889183665,3.2688811400610858,18.28514618178311,5.365409465110059,-289.73938,66.10665,112.435135,40.049248,34.088043,25.280956,17.248472,10.248429,2.6383207,9.064658,-4.3697276,12.511087,1.274245,8.459593,7.3258348,5.347805,-1.8826221,8.075974,1.9039761,6.482156,-18.36521,11.902173,-4.7178717,4.670356,-13.441806,11.997093,0.54901356,0.4077322,0.4234189,0.35386696,0.350865,0.30890393,0.32440856,0.28022772,0.46709004,0.30759823,0.55760324,0.32793352,0.35186717,0.2919901,0.35060966,0.33203825,0.33166206,0.27656913,0.38696134,0.21094705,0.45249388,0.20181067,0.53317016,0.34566757,51.75094,80.182785,6.4515257,11.684235,0.76826745,1.4415227,0.013467079,0.023362944,0.0027378164,0.0035813157,0.0020408956,0.0024159027,0.0012882057,0.0013476217,0.0008486141,0.00092839345,0.000992397,0.0010451614,0.002296396,0.0029700014,0.08442147293507035,0.20160862150273098,-0.010030244735558002,0.07340526340715682,-0.08270252104425342,0.17015152531682087,-0.021996562517333503,0.12344059402556093,0.027225342175612097,0.04838738012542481,0.015131002842364094,0.05180740875040659,4.713168,2.0127397,-43.07105545814617,buka
-0.00019847027,0.17837359,0.03181714,0.46879467618484877,12.403727742915908,-0.93053246,0.9999955,1.9305279,0.0,-0.009378327755257487,0.009551084600389004,0.01892941235564649,0.1783737,701.5687,0.08188698508522728,698.3076,2,0.525607168674469,2,2.0,2493.8611038644603,876.7688946598367,2867.6708414927016,449.7743386990862,5733.460027521307,2338.948577324757,0.05599196,0.04833008,22.825773200790994,5.477027498740142,11.364618617611079,4.123786770799642,14.764757788323147,3.8717683956731235,15.346992848055462,5.416625521502563,14.518363244522362,1.577568692335192,15.413740876890769,3.0583122504958786,17.16977404719508,4.75442112216926,-261.16824,73.454956,94.84583,24.364027,28.181019,20.407227,12.975127,5.582746,0.007115375,7.269186,1.1181184,4.9087076,-6.2218184,6.248297,-2.7402802,13.763496,-6.0987377,6.3582015,-4.3400507,4.2836003,-7.8591065,9.750886,-2.3049715,7.999463,-5.3898625,5.295352,0.6287591,0.30413225,0.53955644,0.29935265,0.45184806,0.2863704,0.37862796,0.2321428,0.43275273,0.23396339,0.53547114,0.24884136,0.44602597,0.22952303,0.4366256,0.30090886,0.39895293,0.20437337,0.6012812,0.26734492,0.7276026,0.22335134,0.6385988,0.21311975,44.777054,105.30302,3.5102694,7.854912,1.1167755,2.5380251,0.059065923,0.20084229,0.013100129,0.039965842,0.007917662,0.02149877,0.0052403184,0.0149736265,0.0038712202,0.006300716,0.008250082,0.01629764,0.005324461,0.010440129,-0.013401375792526008,0.036324850317718115,-0.03515730026542121,0.03419705371471208,0.019790389956059435,0.10446891634455356,-0.06326427348804792,0.06772159859866937,-0.00827654442245243,0.02219276129421695,0.006592952519316604,0.030308853585182653,5.5559993,1.2929903,-61.806714270744685,buka
0.0061355853,0.25908917,0.0671272,0.2813888531710794,1.6658971321241953,-0.96946806,0.9999977,1.9694657,0.0,-0.09381743334233761,0.05050702206790447,0.14432445541024208,0.2591618,1480.9849,0.021273526278409092,1474.3597,0,0.0,3,3.0,898.7558112582774,606.0661733557689,1472.2791791383752,698.279447106179,1641.4173473011363,1541.4067949556288,0.028313441,0.14859685,17.65037727449327,6.087621313373015,18.50926961211682,8.10593544657865,20.51219798492784,8.798440343620744,19.976940284716616,7.731043804753117,15.939707395418383,1.800288322199071,15.868701292299777,1.2595196071546124,16.088706982107873,2.961864685494543,-285.1946,66.660934,159.25212,50.06048,28.888166,19.462326,14.866485,15.352219,8.854565,11.8468,-0.35299164,13.236377,5.731616,8.774361,5.2668447,4.737708,1.0728402,4.1771107,0.11134656,8.269183,-0.85943866,8.409507,-1.5490547,8.044419,-6.8831253,5.1410413,0.49173114,0.29095432,0.7384112,0.26989087,0.5678965,0.25976068,0.32144666,0.34297547,0.26327455,0.34398448,0.26211995,0.3246387,0.3285905,0.39306244,0.40470445,0.3688391,0.6480963,0.32152894,0.3900139,0.23370619,0.24164969,0.27122733,0.31751,0.30300862,113.47896,136.93477,21.788506,29.617458,3.2442336,4.4799027,0.12683524,0.25747862,0.005364385,0.006948036,0.0021652149,0.0018328261,0.00055591547,0.0002288642,0.00019741183,9.7389464e-05,0.00010663054,7.4785836e-05,0.00014263339,0.00015999637,-0.09404227462288764,0.20163459849526577,-0.15050438652860523,0.1987904114726522,-0.1660759381484245,0.2232937462922879,0.15153285374187578,0.08535093036621477,0.05150728923679046,0.058632966940629326,-0.043578169266269985,0.0803586980612544,3.6535437,1.1534618,-10.85318708301896,buka
0.0050310157,0.23121208,0.053459026,-0.5905713290774783,2.4915137652643047,-0.9999978,0.97381556,1.9738133,0.0082091475,-0.008768120547756553,0.038541752845048904,0.04730987339280546,0.23126681,1179.3296,0.020363547585227272,1174.582,0,0.0,2,2.0,1017.1588288047525,585.6074873537386,1587.5351010963482,708.7028464325651,2069.3897594105115,1551.3395144550357,0.028240873,0.14855514,18.574905424022887,6.23373911939394,17.052380679886845,8.138626574047,19.066117959616825,7.730293598600662,18.28339447874118,7.326290200267536,14.61796156987785,2.162538992462819,15.924364778101586,1.8806494180965916,15.52698316508288,2.790777248656809,-289.19006,85.91307,149.83275,51.43161,24.459967,17.052265,16.56384,9.362221,-11.169221,16.754547,7.2437725,4.3660502,1.4296683,6.22292,4.2303004,9.333439,0.546191,7.893776,-4.3463306,8.752699,-1.9880177,7.0938654,-1.4534467,9.617146,1.9342551,4.7213435,0.4582621,0.20064455,0.7405975,0.296322,0.6166307,0.2580672,0.4161348,0.3811281,0.29537514,0.30155498,0.26578048,0.28215972,0.2643331,0.2926642,0.37933567,0.30181223,0.61229837,0.18837626,0.44091424,0.30990756,0.3111355,0.3054005,0.31345975,0.29563773,88.89328,104.79943,13.900431,17.600441,1.7500637,2.1651595,0.27470985,0.5071431,0.009730596,0.02757275,0.0016988077,0.0032868234,0.0021742836,0.0075604687,0.0023505616,0.008291935,0.00048915844,0.0008266174,8.379531e-05,0.00012486697,-0.0550618381140082,0.06849519770737009,0.06405712018379867,0.12157872888752623,-0.07007400651293084,0.09400033303627298,0.14611574596810037,0.21049729065682465,0.04890831967650397,0.06382312222215608,0.012862644560465826,0.04206792686504318,3.4350355,1.2283713,-28.804753587670774,tutup
0.0053033778,0.10195233,0.010394278,-0.9443809997080737,38.44270243141363,-0.9999981,0.86838156,1.8683796,0.0,-0.00881805969402194,0.01987386867403984,0.02869192836806178,0.10209017,229.81401,0.030362215909090908,228.41194,3,0.5956242680549622,2,2.0,1374.1151626652477,408.86076725148155,2124.216361503868,557.5265227657995,2747.930353338068,929.2645570887469,0.053221274,0.20667575,12.461762309533663,4.077763082779476,10.839693575201684,2.9737266930814257,16.0709067153143,3.6810828806005578,13.690637943657276,2.3258614421936072,15.709440318514195,1.9324876964094382,15.678025564274726,1.3168008237054112,14.6889879858722,1.8798301239052728,-288.80374,82.17793,127.85452,34.257618,10.215407,7.8241663,12.371911,5.92499,11.284867,9.502236,4.4531064,4.196852,5.2652607,4.611202,-3.4682214,5.543989,-3.0221846,8.01837,5.7106624,6.194884,1.2021943,5.8240266,5.8967376,4.3244686,3.671996,5.3229384,0.6982224,0.33037215,0.5586004,0.274308,0.4635313,0.25909352,0.39756167,0.24856643,0.30315828,0.20900533,0.2915683,0.20023368,0.28292757,0.21297939,0.2967818,0.2182065,0.35444564,0.24212018,0.37757242,0.19706486,0.5780272,0.27342665,0.71682435,0.29316258,16.041054,58.8674,3.5143723,12.727926,0.41908005,1.4108261,0.21762143,0.75520456,0.027278787,0.07978055,0.003749913,0.008355856,0.00551818,0.020973146,0.0029685893,0.011542916,0.00042033504,0.0012950161,0.0003714095,0.0011027566,-0.02835546074227655,0.029138531632712888,0.027041469254173504,0.042868427027469826,0.02991300821304279,0.07649300826760697,0.05690951806239067,0.040614429492783106,-0.02117130198487053,0.011883424362149887,0.00971490650607104,0.018552652114037074,4.403682,1.2699262,-75.93082485825198,tutup
-3.107056e-05,0.048621092,0.0023640106,7.039791422372656,164.9178126936877,-0.54628974,0.9999956,1.5462854,0.0,-0.005787686328403652,0.005718663102015853,0.011506349430419505,0.048621107,52.12646,0.05636319247159091,51.203274,4,0.23758146166801453,3,3.0,2407.0408298096822,320.931536143449,2802.4844849887872,195.6301646961976,5548.959628018466,757.195673819191,0.04811132,0.021590386,18.714520595141316,3.8798745664074135,9.675096546253444,2.2596506656060735,15.269398279762152,3.2464688806864967,12.861427395810326,2.0131340589964717,14.326300217179243,1.7821528039336385,14.992613031950322,1.4859305076225167,14.209967692384573,1.442094962975784,-306.1914,57.12975,97.577644,9.628697,8.630975,8.076022,13.449268,5.963297,1.0475491,7.3213143,-0.8265121,5.6295767,-5.4434776,5.371849,-11.150786,7.8430934,-5.4954033,5.696133,-6.4356413,3.98485,-6.7491136,6.1320853,-4.1607213,3.6158876,-5.170406,5.5666814,0.46612588,0.17933469,0.47268564,0.20877889,0.5181682,0.192942,0.56316036,0.22942826,0.6113293,0.27319202,0.60806775,0.2583253,0.5606158,0.2548966,0.5993791,0.2268199,0.58096004,0.21014999,0.71750206,0.2570986,0.46326688,0.17133696,0.41522816,0.1634761,3.6121407,17.06837,0.7187012,3.3356223,0.04193081,0.13578977,0.022469878,0.07584186,0.010596196,0.034452807,0.0025996813,0.005770709,0.008153446,0.032352064,0.012247988,0.05179296,0.0022324137,0.008957499,0.00065162557,0.0022544723,0.0732954442776404,0.04016804143107885,0.04967117917908506,0.028007625638741263,-0.032996751706708995,0.03134527249353169,-0.04273620959032721,0.044493681209274306,-0.027706250138282377,0.02195218514204497,-0.016335513082925548,0.01980462125322633,6.1119795,0.36288384,-134.7412130780966,tutup
0.0035460193,0.24051455,0.05784725,0.29410572958447284,2.274033650999023,-0.82148474,0.999998,1.8214827,0.0,-0.08064358681440353,0.06359389424324036,0.1442374810576439,0.24054068,1275.8091,0.030550870028409092,1266.7119,7,0.5924338102340698,3,3.0,910.2489394036858,507.9791943454815,1540.9816271189068,618.0498132664626,1506.8348277698863,1289.863529612966,0.048323914,0.20775713,20.731517912515503,5.260514842097883,17.2738880516731,5.761394588006334,20.185947150049476,6.898017846279621,19.675003839312943,6.491263747924249,16.690162365126394,2.228561375558976,16.898532610150088,1.92083478472645,18.470891814737357,3.7610664173591735,-251.41338,96.06187,159.46791,46.70864,30.57532,21.609772,9.326196,23.231483,5.221092,12.480707,-7.1914186,10.811633,4.9476056,10.519361,-0.63302785,10.397363,-7.2937684,8.446508,2.9391863,6.185884,-4.1681004,14.468557,-3.0981102,8.732408,-9.441828,5.986844,0.6326132,0.28513473,0.3857295,0.19485839,0.16636449,0.1691791,0.19605754,0.2762377,0.24706095,0.31024522,0.23624676,0.3243533,0.29749903,0.26066414,0.6265387,0.3776192,0.4186638,0.31656727,0.20113586,0.24744366,0.26443917,0.25305676,0.42607012,0.3252961,81.37394,92.123604,40.345993,54.70694,3.446781,4.800237,0.51334786,1.0015414,0.21165372,0.46619344,0.006677444,0.01091644,0.0028281698,0.0032931676,0.00054961024,0.00047777343,0.0003207005,0.0003457076,0.0012317835,0.0022709605,0.055730177706970536,0.058327902354402474,0.16213534543658079,0.24334893288601306,0.18176845012401965,0.07976125356058901,0.15899883708069923,0.17722406898120055,0.010285807489737793,0.05164258030662747,0.055431344482878474,0.0607249597845903,3.735031,1.1833831,-13.3228124658235,buka
0.006566095,0.23469181,0.055080246,0.40259018694871324,3.32102381114223,-0.9188643,0.9999976,1.9188619,0.0063930075,-0.028204261790961027,0.03601998183876276,0.06422424362972379,0.23478363,1215.47,0.019697709517045456,1210.4209,0,0.0,2,2.0,989.0416189037628,515.9595249919817,1668.1031254981374,630.8997019284963,1874.1227583451705,1333.8017625990585,0.026845915,0.14855081,18.940831319625257,5.067426944852072,17.951641255124912,7.628094566195102,18.875377355317507,8.18674378099714,18.310420495002727,7.263518769512381,14.802836558677928,2.568201294074589,16.85130514436927,1.782986869369771,16.634360177890986,4.117578108553855,-293.78943,69.25728,145.63312,44.394657,29.834558,20.874111,20.7166,13.557362,4.2959156,13.836073,-3.0639124,6.6985903,2.8677282,8.226958,4.7068357,8.27448,-1.7211136,3.8197484,1.4839188,6.3798165,-1.8478923,8.343659,-2.5683858,10.354921,-3.7480576,9.402514,0.7304899,0.27419567,0.6153607,0.27508348,0.32350793,0.27598128,0.2591313,0.26034507,0.24084197,0.2605258,0.24495192,0.2708323,0.3678796,0.35959807,0.54913163,0.3214897,0.4764081,0.292391,0.34495947,0.29486182,0.43807924,0.32184198,0.4774435,0.27062133,90.89871,137.2309,16.91932,26.98596,1.9920446,3.7138495,0.13615777,0.28130263,0.0027320979,0.0022439728,0.0013692017,0.0007821748,0.00080850197,0.0005147107,0.00033766835,0.000538313,0.000274777,0.00034014595,0.00024164747,0.00035322062,0.013584028627172772,0.0566716846186868,0.15529271942558737,0.16924969026233375,0.11309343045154048,0.08016865448689059,0.11589257278352605,0.21752162677032819,0.036948965277889614,0.038484626256909495,0.029459995236142077,0.06307829188256206,3.4513185,1.1476746,-23.10006401167852,buka
-0.00027331608,0.101880915,0.010379721,-0.2888145853793438,2.1415804764289534,-0.9999037,0.48773387,1.4876375,0.0,-0.06463420018553734,0.06636427342891693,0.13099847361445427,0.10188129,228.87451,0.14197887073863635,200.0007,105,0.26351428031921387,5,5.0,2953.2511571257014,325.4797448174352,2990.9185371637413,196.6925884174235,6917.052112926136,883.4533361286287,0.07677457,0.025923528,24.595764559587295,2.458295392385394,11.93274135194958,3.2304014118861057,12.732116088410203,3.7104613292636355,14.663577314587824,1.9157006118886244,14.521153302671225,2.0096038030243,15.471271341987704,1.3721857561320396,24.631780559501575,2.1253104478416365,-54.896385,25.839668,79.29192,11.333344,3.1789565,8.967193,9.786948,6.6598945,-0.9520692,5.1231546,-11.117196,4.896279,-5.3221984,6.676512,-0.5418969,3.26026,-0.841872,6.489102,-4.412531,3.4946222,-12.495635,4.980318,-3.8372138,2.912798,-13.775193,4.3791957,0.63513136,0.2112016,0.49109343,0.1746029,0.5562018,0.19961461,0.6667319,0.2501644,0.6067661,0.2200069,0.47686347,0.19678314,0.5389733,0.19817859,0.6770578,0.2503928,0.57117105,0.19711848,0.43518972,0.16818595,0.48514903,0.13981676,0.77454644,0.221077,10.067861,4.3775873,3.7804983,1.6272836,2.342265,1.0464057,0.6649099,0.43245226,0.6100441,0.6772532,0.5494094,0.7020276,0.2333444,0.194521,0.12402756,0.11125317,0.06583952,0.05842549,0.082952105,0.06367165,0.05928339219587683,0.03613221923225507,-0.0200927629008039,0.03336226137444234,0.05840581774034233,0.04384554689018718,-0.0049946124411446545,0.029962573726679556,0.01024498124373107,0.015266776164098472,0.0017291511705315307,0.015665513600529864,6.6620927,0.503473,-42.37646258573732,buka
0.0066350875,0.23927674,0.057253357,0.10439343619540263,4.584863940236758,-0.9465596,0.9999976,1.9465573,0.006831657,-0.018527408130466938,0.03559139650315046,0.0541188046336174,0.23936872,1263.4073,0.030772816051136364,1257.2015,0,0.0,3,3.0,1105.1343154775332,663.8316106456471,1714.7939842716928,725.3333278776112,2042.2285600142045,1566.5779841874546,0.0526125,0.20703088,19.78640322986877,5.534658215484688,16.422141399487035,7.153511557150244,19.576735942164724,8.93124543836826,20.080777984183,6.5478012883244245,16.096574854445766,1.8956216371944217,17.958122810564916,2.0405132856640438,16.74890893536969,3.1413829350121056,-287.09705,68.04955,141.61269,45.43361,23.264734,27.501793,9.103395,12.677164,4.2907176,10.916144,-1.7979678,9.672981,12.522981,7.774465,2.1698902,7.778772,-6.6830387,6.2973714,5.5972424,10.672662,-1.0994076,12.927609,-2.839361,11.766564,-6.227869,8.274162,0.54092383,0.3019437,0.35306898,0.23418504,0.2552101,0.28782374,0.22988838,0.24668974,0.35820812,0.38917154,0.25688854,0.2870048,0.4197833,0.30732664,0.68516046,0.3084621,0.36842585,0.18617703,0.22991005,0.20651774,0.21388121,0.1726712,0.3359674,0.23572595,94.97022,135.90457,24.808077,38.8384,2.1951864,3.9911108,0.115534686,0.1630079,0.009305408,0.008025662,0.0014983893,0.0010051449,0.0014651779,0.001458872,0.00032929826,0.00020046534,0.00016488972,0.00014109582,0.00030658042,0.00036359916,0.052578236686179995,0.028562106516023728,0.23224719590275544,0.19933265177915868,0.11573072909165821,0.07213623940310201,0.24449779156764767,0.1555497124309193,0.033631970416437555,0.04584771074157942,0.04994291839168672,0.06062578018873308,3.5554564,1.4894699,-28.64259922430705,buka
0.005351863,0.23304534,0.054310128,-0.26299164015146337,3.170564663910529,-0.991936,0.999998,1.9919341,0.006956978,-0.01445410423912108,0.035531725734472275,0.049985829973593354,0.23310679,1198.17,0.028775301846590908,1191.5627,1,0.29637953639030457,2,2.0,1099.0173995425478,667.3372288626297,1633.5774440464447,809.3927088900956,2204.9510609019885,1694.4902971541558,0.0526085,0.20706041,20.080824373904008,5.55076727485357,15.141994045269445,6.689980214059694,18.27531931218782,6.776514454386875,19.812619691043402,6.501451501838177,16.479905408222876,2.1654458547256668,16.561752074218244,1.8488661642618383,17.108691641748837,3.6351873844572586,-278.27933,83.64952,151.53941,57.19276,22.17684,20.364521,4.1986933,9.889572,-1.7734551,17.313404,-3.2581427,10.18246,-0.8446827,9.096839,6.430727,8.81284,-0.92701036,8.478885,3.6920717,6.5335784,-11.433279,14.823656,-3.2786012,8.517564,-4.259732,8.1490965,0.5463168,0.25863355,0.6615477,0.29430613,0.39477035,0.21698369,0.28936636,0.29438812,0.28109637,0.3028586,0.31399378,0.29054427,0.36410627,0.33726743,0.61495125,0.33672166,0.73912585,0.23923519,0.44238675,0.34980044,0.3219529,0.300257,0.4005002,0.3172486,85.790886,111.84494,23.727192,35.77607,4.1946383,5.00113,0.26713514,0.4377139,0.010028209,0.02118106,0.0030053547,0.00380794,0.0026842123,0.0097505,0.0011325842,0.0040059714,0.00043675725,0.0010987901,0.00047487716,0.0015349957,-0.06567278364382713,0.11232112364789287,-0.09363359833349984,0.153148712950563,-0.16430878080427697,0.19921007132928478,0.10063635001212999,0.07131901486859817,0.020765402163479805,0.03229845134922977,-0.06231642028697852,0.05746793566522472,3.52602,1.3368416,-23.414449202462798,tutup
1.0558334e-05,0.08700397,0.0075696907,0.37086412966309673,23.815231084490474,-0.999997,0.9056574,1.9056544,0.0,0.0,0.0,0.0,0.08700397,166.91168,0.03335848721590909,166.246,0,0.0,7,7.0,2455.647955175931,1032.8267699575013,2688.748798539412,674.6864055703559,5422.941450639205,2724.487672246222,0.08653819,0.062930375,16.15569788806391,8.069080762688015,11.335789100702671,4.3872119308986814,14.33620228743585,2.9585398230536235,13.682487912882271,3.1804375325572494,13.984498613408318,2.0786133397811883,14.668799816386427,2.1715052950461065,15.056002971823268,2.656132561716319,-341.26907,74.34889,97.40746,38.76962,20.476042,27.827772,15.620847,8.795962,2.5910718,7.687442,0.61805356,8.5806,0.18285269,8.685148,-1.4388076,4.963459,-8.297293,7.422692,-2.4879065,7.0176964,-7.320227,8.668798,-5.861334,6.591678,-8.940191,7.971219,0.60158753,0.22476882,0.5833996,0.24903901,0.5644794,0.27685478,0.58116907,0.29676577,0.5201077,0.31703135,0.5070473,0.3143273,0.5224163,0.31173915,0.47172013,0.27174836,0.47953036,0.24109252,0.5105054,0.24490583,0.6166657,0.26099208,0.6467604,0.27892062,13.223801,32.873447,1.2026793,3.8750117,0.13436164,0.3816243,0.013511823,0.035485703,0.004135361,0.010500301,0.0009952418,0.0014976833,0.0011102435,0.0021745167,0.00054556836,0.0011942845,0.0003924776,0.00087623205,0.00051452906,0.0013399307,-0.0029271256222245146,0.02110623549545439,0.01013777874515319,0.020376048875473802,0.0005362601527431993,0.04458929953522721,-0.00459711050445429,0.022366052768040896,-0.006974252063540396,0.02161299976464886,-0.014899810532700576,0.015223299824524158,6.1115904,1.4986453,-76.7109422831397,buka
0.00015320488,0.1483961,0.022021405,1.495560340690984,13.876242215989638,-0.8101777,0.99999464,1.8101723,0.0,0.0,0.0,0.0,0.1483962,485.5725,0.05411044034090909,483.26132,2,0.8475990295410156,4,4.0,2770.336717546816,1120.0729348879197,2777.5623967109195,481.7291547282519,5833.785178444602,2367.3583777742924,0.10909495,0.08146154,18.181984987258833,8.232934079998403,12.727583817735455,4.585674344848411,13.123590583741132,3.2288687148094315,14.727549274856603,3.223167789142782,13.565904070229514,2.63634683050076,14.771749070913527,2.683893995330531,15.278067392982791,4.282212982801477,-297.17706,98.58889,82.43292,38.14886,12.249209,16.640705,15.649457,12.958034,1.0982512,11.638825,-3.277942,6.0797343,-1.0118312,8.021661,2.3692253,6.3742833,-3.5012703,8.442821,-1.0466009,7.3392277,-7.9793854,6.127531,-5.890945,4.2881036,-6.492309,4.7035055,0.5219163,0.25218013,0.38400134,0.21314652,0.48402584,0.30304956,0.5021466,0.33843246,0.45602,0.27077186,0.5719035,0.26148197,0.51074195,0.277889,0.47137964,0.3114841,0.46786296,0.2372805,0.5401465,0.21238147,0.76673144,0.17551136,0.767113,0.2285244,28.40832,63.33182,2.6653287,6.106718,0.4975448,1.1909539,0.08882637,0.2928317,0.048237417,0.17669703,0.022425197,0.078281075,0.011180544,0.031449847,0.0038936653,0.00923884,0.0042999596,0.009875149,0.0031581318,0.007500058,-0.005295225440145834,0.07119569795489539,0.07258936907608603,0.05719597196828111,0.008426205720752079,0.07440325436581947,-0.09271828428080192,0.08597263256705821,0.0127308982225933,0.03245426205724766,-0.017779661152003703,0.01654528570322195,6.127096,1.954207,-77.55434309229787,buka
-3.244438e-05,0.13010271,0.016926713,2.475962154019987,12.8850998986188,-0.4462375,0.9999955,1.446233,0.0,-0.01438557100482285,0.007975736865773797,0.022361307870596647,0.13010271,373.23407,0.058660333806818184,370.76227,3,0.21089379489421844,3,3.0,1916.9898328116758,813.1929547715512,2374.4199444890405,582.1148662469061,4087.393465909091,2161.5704328366614,0.030666806,0.02533605,22.92352762752967,6.415750629319244,13.83707719799176,6.2595158522550465,14.86940753449165,3.5752418186197064,16.747580837966566,5.135455532957166,14.952423597899974,1.888317451913388,16.132998390517812,2.341819373717467,15.865235297405883,2.5583719595770082,-275.73663,59.182957,111.42456,28.359041,16.646402,18.460457,19.306515,12.459051,-4.5053864,12.136066,-5.105232,6.6936407,-6.1570735,8.602802,-9.342273,9.091684,-3.7741318,4.973023,-7.2008815,4.422695,-13.69039,9.979079,-7.1118364,6.4226627,-13.028057,8.586729,0.44505206,0.17459197,0.40273362,0.269388,0.42257252,0.34107104,0.41276047,0.33133748,0.4527713,0.3399126,0.5708247,0.3560049,0.6614352,0.2640976,0.55314046,0.2537084,0.34444964,0.27466697,0.3087793,0.23342432,0.4450841,0.2661391,0.5071135,0.22894992,28.91234,51.459045,5.388158,10.363836,0.28920734,0.42537925,0.024619065,0.05289708,0.006112942,0.0096002715,0.003508624,0.005803111,0.011441195,0.043151308,0.022558434,0.0930826,0.0020468098,0.007439905,0.00091456977,0.0028017897,0.06865295243630079,0.04923784042610585,-0.08859853443345166,0.1763891195749864,0.10718218863687694,0.16042149768225378,-0.009474157906053082,0.11587366710657422,-0.034464118704128424,0.0635394346285521,-0.012988729063760186,0.025441074352307982,5.1208377,1.3672963,-81.80781082307337,tutup
-5.630944e-05,0.11044003,0.012197,2.3023406925970327,28.012085670116505,-0.6355086,0.99999636,1.635505,0.0,-0.006307153846137226,0.005757698207162321,0.012064852053299546,0.11044004,268.9439,0.05032626065340909,265.83664,11,0.46892908215522766,3,3.0,2547.9435107699014,727.38102281058,2895.687983691369,467.150016062885,6045.691472833807,1729.6990069934307,0.04047372,0.031579792,20.827085819919645,6.005816550654957,11.120124366892044,3.1281390731541823,15.71281839749701,6.572752884197476,14.015556261347939,2.5700434197259834,14.868846739009609,2.7945272853275367,16.02065446740553,3.7512609814026256,15.593684383291542,3.1386212340215254,-313.33582,81.6026,91.16617,21.652252,17.35351,10.445678,19.70092,11.459276,3.9621935,12.20325,1.3813889,4.5885663,6.905649,7.2149935,-8.842559,10.187102,-11.839622,14.817243,-0.20390773,6.98128,-8.988576,11.511284,-1.6068115,5.800225,-6.5187197,8.449625,0.52049315,0.1959585,0.5231891,0.22932647,0.6418644,0.3430092,0.6129971,0.30443406,0.5356045,0.30024916,0.442046,0.30392817,0.3720649,0.23085189,0.40940094,0.2762725,0.34675944,0.21139438,0.37379473,0.20865948,0.52537525,0.26983893,0.50984156,0.21883799,19.994184,63.757374,6.96693,22.844275,0.119049884,0.3551893,0.14069322,0.4398883,0.030629372,0.09405515,0.009220145,0.03070097,0.044295043,0.14507736,0.029014772,0.1052947,0.0018097406,0.0054528457,0.0013940065,0.003026713,0.07086170747351954,0.08764930213206512,0.014432524850184496,0.05990405721808578,0.0773140667853027,0.08220811885971159,-0.00689670261503653,0.12979859856618403,-0.030392680498276595,0.06513747204204165,-0.04124850524716419,0.049300152110646936,5.0659213,0.8378636,-110.2029073024382,tutup
-1.3250878e-05,0.1252542,0.015688615,1.6509792955971838,13.824907586114211,-0.7724901,0.9999946,1.7724847,0.0,-0.007772862911224365,0.005639483570121229,0.013412346481345594,0.12525421,345.934,0.04471102627840909,343.32285,7,0.2462223321199417,2,2.0,2189.259105269907,864.9821792486576,2558.444357269722,717.0286209508023,4960.711669921875,2403.4407450575127,0.045926474,0.03437812,20.91633207800933,7.399246913910665,11.696215578267806,5.201157525845432,16.029890012379752,4.788886850215158,15.879082483524702,5.522377495405437,14.076897620654142,1.7264721825081535,16.952631735247135,4.53819128826515,15.02446371566736,2.640222085360663,-304.03043,74.02908,105.92921,35.194443,15.702648,15.070958,23.244627,12.289003,-1.8456932,13.84069,-2.5521252,6.536827,0.5068439,5.781876,-13.378333,10.787995,-1.5816455,8.1972275,-5.495277,3.593005,-13.7719965,14.024037,-5.173621,3.9352405,-10.570297,9.020942,0.38493204,0.20725952,0.411538,0.2878799,0.46102288,0.3201838,0.4088646,0.2778146,0.403704,0.24476169,0.8033378,0.23827784,0.7057095,0.22953102,0.43370464,0.25815174,0.41631076,0.26031235,0.35029128,0.20199169,0.41097295,0.2066674,0.43423498,0.18659015,26.871794,58.995667,5.688588,13.802219,0.307897,0.56722635,0.031515058,0.082184106,0.022334062,0.0765055,0.0043656062,0.010947786,0.020130308,0.06813208,0.025125176,0.093645014,0.002162868,0.008161313,0.00048260158,0.0014169201,-0.03784528187499537,0.08272810169027768,0.04108657875940877,0.04071268898096777,-0.015417381655425205,0.07206902512447246,-0.05203601315786943,0.11605720470696734,-0.023167230579031584,0.014956970182388047,-0.03715093664570963,0.030175289615816895,5.3311105,1.2276933,-70.21613353803379,tutup
0.00531693,0.23952045,0.05737004,0.5043851185047443,2.122358893737527,-0.7415061,0.99999774,1.7415038,0.0,-0.09369565546512604,0.0511265629902482,0.14482221845537424,0.23957945,1265.6328,0.0291748046875,1256.9131,11,0.7540538311004639,4,4.0,1003.9448431938748,586.2056685740595,1569.7059251428138,659.2312510336086,1709.197998046875,1358.2340010874334,0.049930885,0.20748541,20.089212867388692,5.604719454408137,17.094987563923667,7.109742536564836,19.083777632792675,5.9836541812313815,19.017091198753548,5.534820534831005,17.499621530524024,2.016644361855501,17.802529042533237,2.470265509731595,18.50084610826011,4.269451109097559,-245.01007,94.458824,160.52402,51.030273,21.737587,21.982462,3.8325286,28.40209,5.198478,8.340214,-7.599119,9.860148,2.3774736,9.358764,-5.5083776,9.260623,-3.1711297,5.6033974,6.2063565,6.298017,-2.30241,12.682788,-1.7213111,9.864123,-9.867644,8.291978,0.67820334,0.34671876,0.3747366,0.19323322,0.272143,0.29835844,0.26985186,0.33657077,0.2564955,0.3087592,0.2275239,0.2928203,0.37826803,0.2575895,0.59371597,0.33437058,0.2810887,0.23263514,0.21173944,0.23067589,0.29468897,0.24207851,0.45440766,0.22585054,78.32858,91.43559,32.989895,48.31978,4.7703443,6.8351707,0.76646876,1.4944793,0.25908926,0.51585287,0.0088213375,0.013052227,0.0027693303,0.0035934788,0.00071770116,0.00066962483,0.00022014059,0.00018179885,0.0011769141,0.0021787211,0.05502157392032616,0.08284329428519263,0.035054279485301224,0.13108770804516248,0.17902026424946405,0.13726591740187763,0.0726939534599128,0.15131558634871917,-0.01609847167614706,0.03842379482531602,0.03281849588331007,0.0653600764186639,3.9418688,1.2439762,-16.880058372482598,buka
0.00013246856,0.12864517,0.01654958,2.2625462209442784,18.18215492632517,-0.60404414,0.99999624,1.6040404,0.0,-0.005837186239659786,0.0051914326613768935,0.01102861890103668,0.12864523,364.91858,0.046098188920454544,362.88632,3,0.37594151496887207,4,4.0,2494.666046192641,852.5797553958033,2795.1753334472332,466.9268552176615,5608.175936612216,2200.5811795664895,0.065076955,0.0662532,18.702994943832902,6.6556829836346285,12.481490613632083,4.867310635166176,15.396442054002328,5.037665939042351,14.269717231606428,4.730819134828551,14.161896000349229,1.98744584504311,14.942369910224766,1.6129067037824039,16.156074070269483,4.3886870710225745,-300.48132,99.25293,94.28904,27.923767,17.055498,19.831615,11.088848,12.512338,-2.210594,11.510486,-2.6661713,7.89728,-3.5514295,6.724525,-3.0284674,10.530694,-5.6035886,6.5481563,-0.98805654,6.6237545,-8.212948,11.120093,0.47058046,6.0200486,-6.300282,6.373016,0.42292958,0.34134778,0.40487,0.3351896,0.36599728,0.22382209,0.65849024,0.3806889,0.46686858,0.32028267,0.3200619,0.28867167,0.29758286,0.28996333,0.3465764,0.3306864,0.29635894,0.25054455,0.31028214,0.2892267,0.34602687,0.292404,0.36126164,0.2796628,24.862251,66.3587,1.9650712,3.7580638,0.559887,1.3210135,0.12850045,0.38187122,0.014357025,0.034899868,0.005879709,0.014858058,0.004484923,0.010368509,0.0043777265,0.012191667,0.0029439158,0.0059926016,0.0039530066,0.0079412395,-0.041635606505127626,0.05454344143816688,0.0017797415206086875,0.04896892535090519,-0.03262611586515913,0.10352187605878457,0.030922557523643056,0.07260275051192605,0.018164633531471994,0.042614901823536035,-0.009416463472668722,0.025118227725076638,5.394909,1.5078558,-83.96054683877753,buka
0.0067607835,0.21263845,0.04521511,-0.036478519302545774,6.970288644019487,-0.976031,0.9999977,1.9760287,0.006458016,-0.020588781218975782,0.036801508627831936,0.05739028984680772,0.21274589,998.001,0.026267311789772728,993.39844,0,0.0,2,2.0,1061.0139886472653,445.9102102288873,1751.85158162604,522.9981174097006,1911.8058638139205,1063.5562454154006,0.027095227,0.14846267,15.49648325695708,4.9839591899012,14.095324031867138,6.124219343049407,17.389720325941937,7.1234938449871725,17.15625899850667,5.4997559143364425,16.582314623129033,2.530584598036544,17.305033601361163,1.7135179309819708,16.647632435321306,3.8985012520947477,-264.88605,70.76571,147.55804,43.56467,18.109873,19.526184,13.886512,9.098386,10.219913,7.7224545,0.9222658,12.541201,10.849061,6.3551335,0.8512687,5.919691,2.3002224,5.254762,7.8013806,6.103764,-6.4760075,9.267878,0.2806617,9.134466,-5.550336,9.5708475,0.7546886,0.22129653,0.5763147,0.19941932,0.41963682,0.3109668,0.36439788,0.32919604,0.3541565,0.30624613,0.4905021,0.41848066,0.49485663,0.36432144,0.6590391,0.29341036,0.610817,0.31662416,0.39253533,0.2936295,0.4038806,0.23349422,0.514739,0.2557012,74.25711,127.838524,17.165276,32.647533,1.6300744,3.0405657,0.07423544,0.1116386,0.013288516,0.010162076,0.0031326031,0.0019080306,0.0017778057,0.0015159126,0.00059833407,0.00029756993,0.00012156092,5.2103744e-05,0.00042871397,0.00059370964,-0.00019738099030506732,0.03521867174198712,0.1792696159678008,0.13488779871319873,-0.014577166600661188,0.13470464858509382,0.1421094362369987,0.15104605253374945,0.01332212712267525,0.04131849364327137,0.012973326348318704,0.057109450937051054,3.9777968,1.2125591,-30.21014599664595,buka
-9.478597e-05,0.14682946,0.021558888,1.3174047288541715,9.066766216712825,-0.70589733,0.9999944,1.7058917,0.0,-0.014274058397859335,0.008820387767627835,0.02309444616548717,0.14682947,475.37366,0.046952681107954544,471.7711,9,0.3805724084377289,2,2.0,1886.087859933114,807.4734471781941,2395.4532115269135,635.0631460223993,4140.49238725142,2237.8813433541936,0.02741211,0.027081408,23.176727823940077,7.810034494932879,13.377403671339176,4.79276225118675,17.5289517097422,5.424628064503331,15.381450654368422,3.9722553079066074,14.004034171395576,1.879923915445223,16.068674527817084,2.6261628072676406,16.0515327514385,2.9683093685750293,-271.8713,71.39533,115.385185,30.670849,22.704115,18.96015,21.75187,8.145517,-2.4379506,14.401128,1.5820652,5.515462,0.90370107,7.6585026,-7.5813556,8.918418,-10.004227,6.3149743,-6.175691,5.7239404,-11.153037,11.135917,-5.306931,7.0438538,-10.731693,5.669897,0.36256397,0.25467205,0.39847234,0.2967318,0.35371503,0.25755933,0.3256926,0.2729457,0.47687605,0.24221833,0.80542564,0.21304049,0.632529,0.34086418,0.4099739,0.29875752,0.42848366,0.3090513,0.45632145,0.25601518,0.4697775,0.24467453,0.39784077,0.25573733,40.307095,80.097404,6.564577,13.390163,0.2638658,0.44924918,0.04777762,0.1274897,0.050158676,0.212359,0.007027848,0.024580238,0.04796265,0.20903334,0.028128944,0.12095532,0.0020038392,0.0063542253,0.00088156894,0.0022158637,0.03233247891111787,0.10838065094250454,0.034028321830932975,0.04444064763141672,-0.07925432166931347,0.1449162338554854,-0.05085652480325306,0.056940809311727895,0.013466800971245335,0.04532962247072757,-0.003862435299776061,0.023963845124332417,5.041847,1.2366482,-63.114554896827535,tutup
-5.5924764e-05,0.1602166,0.02566936,1.4173972850365417,9.692205099327388,-0.6214459,0.99999577,1.6214416,0.0,-0.007626144681125879,0.005937301903031766,0.013563446584157646,0.16021661,566.00946,0.04549893465909091,561.25977,10,0.21989791095256805,3,3.0,2141.2212313455534,726.2073993908567,2617.2295442893483,522.97352001922,4876.781116832386,2073.5257887550883,0.037000112,0.031304367,19.90392458659584,6.915034606415663,13.24000904435499,4.96179251791368,18.380293536956426,6.525213557753018,15.228468903700643,4.179982552637279,14.334648001690585,2.122815042615144,16.734755198279036,3.8549946843332625,17.54617997166514,5.532800741123614,-294.42365,95.33746,102.19994,25.14983,26.601387,15.806761,26.511812,11.446376,-6.241495,19.152943,-1.568916,6.4582458,4.9768353,6.472572,-8.139741,11.629513,-11.472541,13.255501,-4.6440053,6.253407,-14.504822,17.72789,1.3160167,7.100832,-9.790509,9.5065365,0.40007174,0.23877592,0.47809556,0.23298319,0.49524993,0.28830677,0.37782517,0.25939164,0.40648222,0.3014969,0.49964103,0.39812443,0.3490321,0.21836734,0.54859513,0.33316952,0.6409261,0.2515339,0.6038396,0.30568084,0.45879126,0.32966378,0.41255453,0.3160094,42.586605,81.769775,14.522225,28.231133,0.29529932,0.76840264,0.09014351,0.2127756,0.01019778,0.028104173,0.0035189926,0.006671753,0.021421252,0.041203838,0.030397583,0.06808011,0.0039191656,0.007923601,0.0036804602,0.007080842,0.03961331784299165,0.03416499494790359,0.0561234504079952,0.1242583318325411,-0.06160812156105619,0.12411976018496544,-0.0002725242891099468,0.1255928409699737,-0.011569322159572093,0.049030347782032545,-0.01064431528687814,0.03874412795146183,5.157478,1.2863952,-70.89820018923812,tutup
0.003931186,0.2011597,0.040465225,-0.3068490895117968,3.9557130155375804,-0.9999984,0.866643,1.8666414,0.0,-0.013109035789966583,0.022983094677329063,0.03609213046729565,0.20119812,892.59906,0.02392578125,887.5266,1,0.9286925792694092,2,2.0,1234.4735301054598,584.5232251142179,1858.4362910868747,687.633350688126,2473.1373180042615,1509.1401279607683,0.031505752,0.14824755,18.54650038121488,6.645293708038394,15.103405007044945,7.425343502581052,18.178441063797425,8.373853959437556,17.954710550896607,6.6394894585430135,14.768713356536187,3.4287548867990343,15.087155017416414,3.706491868803043,15.757275077086915,4.673995225741807,-285.30255,91.96326,142.37244,48.91799,11.946298,12.420501,4.8529377,9.79235,4.4319043,8.014076,2.9695268,8.451727,7.624254,7.621741,5.4895344,9.757993,-4.7421775,9.174976,-0.009823149,6.236863,-3.3324013,11.439447,1.4455594,10.326652,-0.3028689,6.9944096,0.64198136,0.26887852,0.7588785,0.23938492,0.50042135,0.23985705,0.35376194,0.30431104,0.27810335,0.26679504,0.2771215,0.24385919,0.315275,0.2879229,0.46251628,0.28388694,0.70660204,0.2846598,0.45667514,0.2931528,0.47830343,0.37943342,0.56617755,0.38863203,65.22035,89.477104,14.626141,20.952946,3.3581498,4.900908,0.63680416,1.1123148,0.027988635,0.07211342,0.0036456622,0.0056169266,0.0022044433,0.0055988426,0.0012771849,0.0038878978,0.0004068422,0.00078657345,0.0003272671,0.0006085347,-0.11195860615942918,0.1874290974650671,-0.20282373019008706,0.17626921199131526,-0.12328123777512183,0.24312683506171293,0.09107273146086761,0.07299173999118592,0.04134303995602462,0.04860846844368479,-0.08674961913758043,0.0620011100412357,3.8690774,1.1445563,-37.261731889930594,tutup
0.008428915,0.18984792,0.036042232,-0.3519617188134838,2.161709464704069,-0.9999979,0.7979829,1.7979808,0.0,-0.02161270147189498,0.04558635875582695,0.06719906022772193,0.19003494,796.2978,0.02532404119318182,793.10626,0,0.0,3,3.0,973.6325143420726,529.1358534498647,1562.1158135851167,693.1418932193368,1917.923251065341,1386.707714702065,0.049351286,0.20752831,16.28247905226168,6.284197191360486,16.62686524839428,7.360568426958489,19.97248620433488,7.322754048525954,18.54664144790513,6.6154084583815695,15.810275958743166,2.609548843624267,16.97423699271166,3.0747441312197714,15.195592640104083,2.9052901580744837,-278.4285,94.480804,151.723,47.932995,22.387117,11.00056,21.814205,7.531944,-7.4242754,13.360437,9.586887,6.837527,3.9714332,3.9315133,0.12400913,13.631342,4.857966,7.281222,0.88881993,5.995676,-6.341402,7.757114,3.625625,6.067185,1.4195887,6.99788,0.44586894,0.28558093,0.7480921,0.3171014,0.57931226,0.27999902,0.41173136,0.35433596,0.31971997,0.35457084,0.2290307,0.26111364,0.1961887,0.25394672,0.22546841,0.27191645,0.32602704,0.20968299,0.3388336,0.31132826,0.28776324,0.281845,0.27371848,0.25872615,59.40067,63.33736,7.5469875,11.571717,1.0282955,1.1326194,0.15630499,0.23607893,0.020312129,0.04723597,0.0026366306,0.0044417935,0.0033013874,0.008199774,0.0067778225,0.017955711,0.00075274095,0.0016110403,0.0001946353,0.00047159064,-0.09346221540810769,0.13198196287271743,-0.10139519886618381,0.15665950667348502,-0.21062703633850308,0.19502974876016682,0.07780902066521983,0.10834989501781639,0.07132680963881546,0.06260494787486104,-0.02523002362894738,0.0603970097150808,3.7949007,1.2184887,-30.500580188681816,tutup
-0.00010745561,0.10898149,0.011876965,2.649504094261288,19.683241216975475,-0.5107173,0.9999939,1.5107112,0.0,-0.013949597487226129,0.0063345220405608416,0.02028411952778697,0.10898154,261.88733,0.05313387784090909,259.36722,7,0.3611532151699066,4,4.0,2112.1657649065846,981.9474715137108,2468.97296989987,728.8438741810905,4681.024724786932,2727.8237500649857,0.043715503,0.03894031,21.8012563267944,6.774884957996898,12.122691496600192,4.983685613687928,15.179904663414549,3.9594219493443754,14.944919468740473,4.06762919446926,14.014158936063343,1.9042230085278622,15.557942395434516,1.9872925539003565,15.329632330220958,2.308478845995087,-280.7822,67.7018,110.6711,39.44763,21.91681,17.54096,19.108421,10.763951,-5.384301,9.502895,-2.2188063,4.6074085,-0.2650824,7.3716555,-5.95759,7.947402,-6.6066546,6.8153567,-4.003906,4.248603,-10.903673,6.3701262,-6.14001,6.430168,-10.61862,6.0762634,0.3793031,0.28418776,0.29912916,0.24027523,0.32280353,0.24978742,0.29648942,0.20664833,0.44465283,0.2127141,0.7228414,0.26609993,0.65751296,0.2900407,0.4936228,0.34139186,0.4417205,0.29866266,0.485863,0.19523306,0.61815,0.26296332,0.48529443,0.21533847,19.178988,43.093853,2.710886,6.4694223,0.23779035,0.5684252,0.060571667,0.17515558,0.019986007,0.07521188,0.012219415,0.04802241,0.06339427,0.2731435,0.023341479,0.09846247,0.0023974655,0.008998171,0.00058448897,0.0012860495,-0.05354899146162224,0.09034359556477091,0.07154090759331101,0.0921216335383503,-0.04187204324725038,0.08853325669960124,-0.10166885627603048,0.1207702274079933,0.018262285545336935,0.04004782387945942,-0.026092063625004346,0.030672505813143538,5.2543187,1.419627,-78.76330905657537,tutup
0.008901352,0.320698,0.1028472,0.2046004343787935,0.7734843719467892,-0.975009,0.9999973,1.9750063,0.007561747,-0.10507481917738914,0.07491065002977848,0.17998546920716763,0.3208215,2269.5278,0.0191650390625,2259.8945,0,0.0,2,2.0,780.1606510858884,447.6536428574615,1419.2358926058298,616.1458921448389,1354.1448419744318,1067.7453627537484,0.0476948,0.20784527,18.57035398579885,6.132506869462812,18.56586524517138,7.911597635780756,20.067789774482318,7.450745771082793,19.794900285469655,7.908739066695321,15.130872691565118,2.1693457631125614,16.734339116189872,2.320264072174417,17.522003381870594,4.666678997426734,-273.35687,68.34482,158.36488,48.138462,34.446304,22.568045,14.748227,10.215799,11.363625,8.593715,2.14238,9.145322,7.7001557,8.322075,7.2623997,4.93152,2.7796125,3.153862,-0.8496059,7.069669,-2.7980013,6.459164,-1.6605178,9.1330185,-4.603568,7.1934237,0.5089628,0.44657636,0.60609645,0.27238426,0.752377,0.31422314,0.414956,0.24587733,0.23805109,0.28365305,0.18094584,0.21975403,0.18973376,0.23765248,0.22134508,0.29285654,0.26160648,0.22498298,0.42478326,0.21668893,0.28097108,0.20564447,0.32804877,0.31286642,175.10258,208.90248,22.871727,28.551336,7.2602315,11.406143,0.11241888,0.31519908,0.004309352,0.0025197319,0.0019554729,0.0011957998,0.00061897654,0.00037460783,0.00024622088,0.00021659538,0.00025299494,0.00023777508,0.0003176798,0.0003372389,0.15434400985409694,0.17440966801783586,0.02535792160341358,0.03894072376316897,-0.1255817198067567,0.15106488773487803,-0.052659301235425636,0.22550865349902136,-0.031094588388538125,0.0712248220604827,-0.02917714510113004,0.04399028566845899,3.2517736,1.0914502,-6.162494586820427,buka
-0.00011547781,0.16723688,0.027968174,1.0679083682318176,11.5237286411272,-0.8349044,0.9999954,1.8348998,0.0,-0.007789699942804873,0.0064903018064796925,0.014280001749284565,0.16723691,616.6985,0.04709694602272727,610.27014,10,0.36609014868736267,3,3.0,2197.1624915993775,678.1800989561567,2584.516614435779,490.0728545155825,4914.95361328125,1792.8008135517268,0.03656579,0.02458549,22.075560875885717,6.469858572827396,11.581217386954894,4.800290251605488,16.024591503081158,5.169434542962661,14.1456824862468,2.635080222339441,14.16237208879935,2.117725001607586,17.444946992605246,4.03604934883254,16.801036173895127,5.189225598796281,-284.9072,86.23862,99.12473,22.314774,17.810415,16.053766,29.05006,18.13796,-4.315338,13.293657,-5.3299627,6.4977756,1.1880629,6.979027,-9.464836,5.3468685,-18.377287,16.89791,-3.9587836,6.257969,-14.190232,14.43295,-3.522583,5.0644116,-11.056476,8.612909,0.27874434,0.12866496,0.338659,0.16497873,0.45302498,0.31018195,0.3976978,0.24575445,0.46406105,0.31809717,0.6228503,0.3882407,0.5619279,0.30138987,0.53632504,0.32585523,0.48203984,0.28967014,0.539095,0.3020054,0.40647566,0.22579172,0.29286468,0.13902898,49.37767,107.01567,11.443505,25.502325,0.08143347,0.15032142,0.03314131,0.06361191,0.0073525384,0.013434128,0.009301639,0.020702438,0.10968959,0.37973857,0.06479725,0.234237,0.0043429304,0.009818019,0.0042295028,0.008790593,0.04298578901606937,0.07692594018244915,0.032859415729855276,0.053477395998534995,-0.021123353730548907,0.11341247859152122,-0.05450294708663819,0.09827260722025837,-0.020260233169965294,0.019737678141687285,-0.02156768658791074,0.027798307320617235,5.332588,1.1250587,-68.82394987949286,tutup
-6.880847e-05,0.16293032,0.026546288,1.618846486057807,8.793764958352815,-0.66013944,0.99999696,1.6601365,0.0,0.0,0.0,0.0,0.16293034,585.34576,0.04271351207386364,581.7618,1,0.37257465720176697,7,7.0,2694.507181497331,1220.474486410521,2803.0993160346256,520.7781251469572,5360.544100674716,3197.970838251696,0.13276419,0.112659805,19.681953569249174,7.797375572288154,12.761930255571896,6.204612185537051,14.186209223455082,5.1060840471178075,17.213928632107923,7.453263639151416,13.677496504893918,2.8138842139568285,14.86713598582474,2.7048572998711626,18.31038034406111,6.750125760158766,-320.001,94.114006,92.08593,42.019295,26.869658,34.809814,8.212033,6.8782682,-0.6215953,8.417755,-6.53632,9.919844,-5.0368557,9.469072,4.8205504,10.468549,-6.8383207,8.324278,-1.0149671,7.664082,-16.630278,15.122538,-6.395666,4.5906305,-10.036025,9.9927225,0.66559535,0.2859773,0.5680275,0.33154225,0.5033006,0.33734187,0.4582823,0.33578452,0.4220537,0.28068385,0.5649614,0.27656496,0.66926503,0.26660308,0.56212336,0.32634696,0.5183524,0.31575218,0.48736763,0.27162135,0.63434464,0.23745298,0.741724,0.18422095,42.27769,73.8081,5.226253,9.384086,1.2897439,2.5839758,0.034759056,0.078725606,0.0036257366,0.009723235,0.002590102,0.005504806,0.001565943,0.003587766,0.00079757604,0.0011068655,0.0048265895,0.008564713,0.009258457,0.016908733,0.0015714540387227775,0.05325726065408503,-0.021695582788764895,0.08638026115234548,0.08604670358313721,0.0922664429034637,-0.006479037544605767,0.1534667771740228,-0.02335511307273498,0.035056180024718685,-0.009370212326757608,0.038657296073682776,6.1902223,2.1387775,-70.00150941868164,buka
0.010534068,0.30682778,0.094143294,0.1836814891458456,0.9513164654508612,-0.98553175,0.99999666,1.9855285,0.0,-0.07329907082021236,0.08286966942250729,0.15616874024271965,0.30700856,2078.3064,0.023326526988636364,2069.3289,0,0.0,2,2.0,808.9538328020691,418.0955572515679,1427.2247680546752,604.1666561568001,1404.7968084161932,980.5361701486687,0.025026584,0.1487183,17.130249372196623,5.476427009720618,16.315625411648394,7.150205815810609,20.36120078780684,6.287609800970591,20.533274589063403,7.78253801237995,15.436836680784593,2.182592301735721,15.631276004767857,1.5796857742862267,16.18190884782155,2.80853291181851,-257.78903,67.81362,161.88438,45.924026,31.83706,15.670501,23.766466,9.879134,9.345355,11.30526,-3.5314004,10.622993,-0.7685923,9.967483,0.75634426,6.045348,0.13413571,4.433772,4.501262,4.137421,-0.1829033,5.3329535,-2.8843482,7.012019,-10.045965,7.752201,0.52873534,0.31195024,0.7356567,0.2843081,0.5198559,0.25079694,0.3169544,0.30273756,0.2647146,0.30095184,0.26857078,0.29396117,0.28704074,0.3358547,0.3795261,0.30979714,0.62777275,0.2820216,0.37111208,0.27920237,0.250502,0.25954923,0.33323434,0.28978163,155.2483,189.97758,23.093826,31.86316,7.2724376,11.136676,0.052438084,0.102694295,0.007489656,0.0038909542,0.003369223,0.0021555123,0.0011431336,0.00039574242,0.00035882872,0.00012199811,0.0001706558,0.00011480831,0.00013944971,8.642102e-05,-0.10728500692532977,0.14107748134689324,-0.03000149670764812,0.18255583313078488,-0.07398226888935036,0.22279603307788695,0.1471413185989312,0.1357881312480999,0.051290456885407405,0.06126934894251051,-0.030997690273745115,0.06266214697302272,3.7427492,1.05632,-5.482450390366367,buka
0.006146704,0.24353668,0.059310112,-0.21165840951620968,2.7700199462408133,-0.99999785,0.7864425,1.7864404,0.0,-0.029673985671252012,0.04559230525046587,0.07526629092171788,0.24361423,1308.621,0.024269797585227272,1301.048,0,0.0,2,2.0,994.2072910180359,482.1990700410689,1697.7925060823945,675.4987605004627,1891.4961381392045,1579.635900864133,0.02584899,0.14863707,16.67977346134542,5.9889616196551625,14.824202870060184,7.966143958465071,18.617541475075225,7.059033642400992,17.7493164055144,6.8064081701460175,15.639164677554595,3.353795492552663,15.951401869896381,3.875239860050513,16.24789509068243,4.459695265838418,-256.55603,86.31862,161.71458,48.204273,19.49405,10.019925,4.1098323,9.61779,12.401359,10.419416,-2.4353294,12.319948,11.632249,6.7345085,1.667576,5.971232,-4.264938,5.654197,-1.6147014,7.3305306,-1.7218957,9.904822,1.1545306,10.573531,-0.07739522,7.1330194,0.50048244,0.2085314,0.79956555,0.23683926,0.6988734,0.32380694,0.4725806,0.33124658,0.2969298,0.25738207,0.21616746,0.21506645,0.2198298,0.21959391,0.3559139,0.2385687,0.62686497,0.29705703,0.45687085,0.30318618,0.37494564,0.28521717,0.36897057,0.24949595,97.43885,125.18655,18.956457,24.939896,6.5181775,9.280938,0.8320102,1.0733373,0.022354476,0.04384929,0.0054158117,0.0076075047,0.0025352954,0.00568455,0.0006341598,0.0015106809,0.0002462054,0.0007900614,0.00047306297,0.0008948535,-0.028738059661481255,0.13936535644130774,-0.10274995975565844,0.15382964476250596,-0.10262105192735162,0.18480435457821495,-0.015211704927920351,0.08717777719895017,-0.03290624011134735,0.04849890676521676,-0.03291958679487427,0.06698311051704968,3.9557657,0.93307734,-24.64263360644342,tutup
0.0065894453,0.26244095,0.06887525,-0.06871785174865278,3.5931458854027056,-0.9587914,0.9999973,1.9587886,0.007642565,-0.023171174805611372,0.04233180172741413,0.0655029765330255,0.26252365,1519.6567,0.021717418323863636,1513.42,0,0.0,2,2.0,984.8034529889663,531.4889854239434,1681.1641764914932,659.5927281990063,1861.8879838423295,1377.3513113276433,0.04906349,0.20758717,19.977672859489942,4.460814874354494,17.035199775905866,6.828520407186941,19.550618937223927,7.034309095296673,18.648933284388804,6.978462748255896,15.771444991541848,1.936545269937687,16.57701139389233,1.801103230008927,18.07224060946155,4.700939718426357,-281.237,77.54847,145.81189,46.391365,30.99188,21.25127,19.220825,11.370315,6.183119,10.191886,-5.515652,7.4797473,2.3380823,8.630639,7.5108933,8.085639,-2.8841414,3.8085628,1.3457698,5.392183,-2.136589,8.600631,-2.9150949,9.746522,-6.8047867,10.361763,0.87797827,0.24265675,0.37781143,0.17168324,0.172283,0.16407128,0.18671675,0.21951815,0.2463391,0.2894104,0.15440024,0.16470855,0.2472252,0.19473512,0.5311869,0.3486382,0.31099823,0.20059197,0.2509073,0.24497075,0.3767842,0.2969463,0.6070283,0.2852015,111.03979,153.12103,20.932497,30.785095,2.5156522,3.5557733,0.09590134,0.22949341,0.004511628,0.0076779015,0.002371151,0.002050236,0.0014207185,0.0010185131,0.0003939884,0.00073829293,0.0002912232,0.0003351815,0.0009964041,0.0016667547,0.06332657357871779,0.04956500748127147,0.1947953316165304,0.24980846996068556,0.19745329847897966,0.060228923445993635,0.15962172871116864,0.22888297565100144,0.021221827743429802,0.04174997910022921,0.05237026254921657,0.0810348903633558,3.2882469,1.0571982,-22.12439453260178,buka
0.004795042,0.23396057,0.054737546,0.345733467982564,1.5855052510524805,-0.89854026,0.999998,1.8985382,0.0,-0.05370292905718088,0.03689173795282841,0.09059466701000929,0.2340097,1207.47,0.025246360085227272,1200.5819,2,0.7159538269042969,3,3.0,933.7947980905402,484.1784645923803,1559.4760633532244,612.3682904363974,1637.991610440341,1214.2689668539576,0.026815953,0.14875107,17.594396374565864,6.138442259168881,17.2761973917701,6.891451551923536,18.017824811120416,6.8079975080796835,19.463163755776137,7.5408332290921605,15.982699273035923,3.267424418310205,16.620258817142243,2.4775171476149027,16.59458645339586,3.6624652269344296,-271.3349,81.57253,159.84157,48.030396,27.359661,19.36795,14.250721,16.947073,9.624238,8.266256,-0.9671024,10.245524,0.3377105,11.574509,4.0571756,11.33229,2.0664523,2.816112,1.5387225,7.0035696,-0.11883846,6.5419316,-1.3363229,8.500841,-5.921747,7.079145,0.5526445,0.42328438,0.60667884,0.28167522,0.65452534,0.35976785,0.41919556,0.2975189,0.22768012,0.23522852,0.18468775,0.20705703,0.22043766,0.24667947,0.25447613,0.2994292,0.28036034,0.2649218,0.36546218,0.2349085,0.30199647,0.24134727,0.35253087,0.32623923,87.37521,116.77044,24.2263,54.66981,3.7633607,5.8118815,0.1787663,0.46607706,0.09886797,0.31044328,0.008498072,0.023552304,0.0007324787,0.00040206328,0.00031755582,0.0004203726,0.00037713518,0.00043414294,0.00022325544,0.0003115376,0.1095279922559972,0.1566715617456182,0.0787763781799905,0.06592235340528879,-0.04273770899850561,0.15006787095459823,-0.037342095747590426,0.2241380021333914,-0.04282339231569428,0.0711610103533421,-0.003089884470682615,0.055728848138163256,3.902388,1.136207,-18.08406617723738,buka
-9.708859e-05,0.0488314,0.0023845055,7.613309736623108,197.1517782477016,-0.68796736,0.9999942,1.6879616,0.0,-0.005532872281037271,0.005317386123351753,0.010850258404389024,0.048831493,52.578552,0.05176890980113636,51.850224,3,0.3327382504940033,2,2.0,2542.5106396275078,317.6125840464891,2943.8996813577023,224.80922550382886,6121.302379261364,883.6859086670527,0.04662556,0.01677067,19.23970588768246,4.826530773791114,10.713359390198862,2.886961474305568,15.060097741890836,2.8946336530768866,13.203854275377813,2.302093335533821,14.517116245279288,2.239261883392288,14.523197470687046,1.4971375493031698,14.041357208773091,1.5238509430657223,-319.09595,61.501938,91.58844,10.375301,13.544305,8.65349,14.758758,5.1462445,3.9758086,6.3418093,-2.575112,7.233433,-3.540744,4.3649244,-8.483798,4.6018443,-6.205011,5.614452,-5.331906,4.3193493,-4.980714,7.678335,0.442453,4.053656,-3.7365966,5.215509,0.4789447,0.272208,0.6580232,0.22851484,0.8085558,0.2564911,0.47250116,0.1755249,0.52050394,0.30643266,0.3925289,0.18764108,0.32952955,0.16515416,0.36990872,0.25949365,0.34007695,0.2249499,0.3333059,0.20762748,0.35977742,0.2264019,0.4328508,0.26376268,3.5386138,17.101849,0.6721433,2.9158175,0.056806196,0.20418176,0.06426327,0.27958056,0.014600873,0.053113505,0.006719534,0.023690805,0.0066077947,0.02597156,0.0056793573,0.023581289,0.0007908465,0.0026312442,0.00080753793,0.0028407087,0.00031643353103478225,0.025925064770628767,0.0515571316846617,0.027351736056362385,-0.005215356888419276,0.02962275946975467,-0.021335362880067852,0.058658206808641256,-0.026971023488502152,0.02548223566446714,-0.02090041102333501,0.0211987108836701,5.6806855,0.385928,-127.34476254867224,tutup
5.031643e-05,0.1289341,0.016624004,1.69044719487489,12.633098341487832,-0.54857314,0.9999962,1.5485693,0.0,-0.007993533741682768,0.006912555079907179,0.014906088821589947,0.12893412,366.55933,0.0665283203125,363.69946,8,0.4384426772594452,3,3.0,2418.8603109249852,942.4754729365025,2652.330482993102,678.4444227812719,5240.398615056818,2483.808929810493,0.051776245,0.038223483,19.861168764138075,6.107510704980797,13.591759374949449,5.354451438598185,15.23381124146158,3.9488116721649473,15.799169987649515,5.413256043233916,14.395223160022361,2.2007963374434762,16.988960884384788,4.397569097671145,16.628901455483938,4.374872313152725,-285.08347,66.95827,98.96321,34.101757,20.249464,20.994926,19.445427,10.799279,-5.446239,12.151602,-6.3373065,10.312375,-3.8718793,8.444629,-5.974361,7.369243,-13.922061,12.054859,-1.5208173,8.31251,-14.107197,15.197651,-6.45351,5.39536,-10.328675,8.190005,0.38837224,0.28326043,0.3559163,0.28296524,0.3202264,0.25135258,0.2975023,0.21146557,0.43282816,0.27856666,0.7115352,0.25415742,0.8182978,0.22891769,0.61702687,0.27547854,0.44879895,0.25486094,0.3546823,0.23544446,0.36122552,0.2272211,0.3816459,0.23511788,29.691925,61.21755,6.5717344,14.283235,0.3450232,0.7618735,0.031991534,0.06813513,0.020339342,0.06967203,0.008062449,0.02160793,0.031861838,0.08746963,0.015047025,0.0497499,0.0018208254,0.0044618566,0.0019095376,0.0050410125,0.0065765696902506665,0.0702804777281222,-0.009859325095221057,0.05612306782839701,-0.012280992147597834,0.05522122207756034,-0.025809120048176662,0.09028890439781397,-0.005797075986221587,0.02435403663485282,-0.004337113117799134,0.02891952967198755,5.5227933,1.3316749,-89.14291689717996,tutup
0.004456364,0.19364215,0.037497282,-0.44426255785067437,4.511259453090571,-0.9999983,0.8147037,1.814702,0.0053663305,0.0,0.02044830285012722,0.02044830285012722,0.19369343,827.25305,0.026711203835227272,822.6683,0,0.0,2,2.0,1377.497077487553,728.7794182136286,1894.0088297475204,808.1001794002174,2845.8085493607955,1764.6178577203154,0.057626367,0.20621228,17.53070328264963,5.488720130480944,14.992612624177246,8.509944813624243,17.57972642185554,7.303077887418188,18.4660287886499,6.239464380716151,16.419919746926624,3.0316209732664943,15.096192839752263,2.8083607863656406,15.316214028458017,3.6333792353279777,-296.71136,87.45884,133.54832,53.375324,10.575327,21.398825,3.8821924,10.813765,3.9763193,11.120812,4.5822377,6.6388917,6.4188886,5.378647,5.57029,7.392774,-5.313351,9.691396,-1.5162905,5.4596214,-3.9211724,13.247177,4.53922,10.092487,-1.8382763,6.367542,0.38342884,0.18987668,0.6905931,0.27257538,0.64742875,0.28587565,0.583829,0.39182222,0.34852862,0.28054324,0.28477693,0.23983213,0.34663814,0.27625543,0.4829975,0.34173068,0.5365024,0.18645717,0.4319092,0.22800948,0.35537502,0.28715652,0.30090794,0.2199503,63.239468,94.36559,12.552142,19.562437,3.0359948,4.6578293,0.46940002,0.7610718,0.011494604,0.023591185,0.0035503989,0.003937106,0.0019162007,0.004909121,0.0011474552,0.0036445651,0.00035607646,0.0007907674,0.0003224153,0.00081758056,-0.059447145978947756,0.1396852366457962,-0.07719894500444568,0.18512858908888677,-0.07740690161220092,0.22652495673320128,-0.013514202765443468,0.09129943859216023,0.03474971015588999,0.04557219365630065,-0.04183953705201429,0.06391633041994824,3.7181501,1.4530246,-50.9900036653019,tutup
0.004416671,0.22398913,0.05017113,-0.9312220051275981,2.695688466724528,-0.9999978,0.800346,1.8003438,0.010135021,0.0,0.045614988543093204,0.045614988543093204,0.22403267,1106.7036,0.02289373224431818,1101.7949,2,0.242160364985466,2,2.0,1181.2606524005564,670.5516047967116,1722.1737859732361,750.5626040002047,2467.998712713068,1702.7482003145421,0.051446024,0.20719238,18.27759468318262,6.178802662597009,15.827188998911499,7.609471244806118,17.623858352182467,7.72137305632269,17.75935640093056,6.836613267573619,15.431823302721375,3.7426843921798727,16.463760173294684,3.662755639770001,14.93794008865557,3.5163709700425283,-273.72382,95.39931,146.16551,51.58826,14.095641,10.633853,18.256794,7.513655,-8.482049,18.117937,7.048079,5.276569,1.1294141,5.611404,1.9593209,10.286248,1.3703367,4.7471642,-3.6118631,5.9516973,-5.6900373,8.47178,3.002054,6.831028,1.255302,6.5886526,0.4257042,0.24913584,0.8465709,0.21760093,0.7458653,0.23484361,0.45162487,0.3669683,0.32662895,0.32913393,0.26522434,0.25593346,0.22926974,0.2421857,0.27941963,0.27988064,0.35496566,0.2245947,0.33906907,0.25006986,0.29964542,0.29787353,0.3264209,0.29026896,84.90362,97.80312,11.307361,15.322155,2.2185748,2.5288432,0.31100255,0.50472534,0.022690887,0.052464306,0.0051041883,0.008767937,0.0034555865,0.009150545,0.009412728,0.035780407,0.0009778398,0.0022500656,0.0002888474,0.0010325918,-0.07297105501573499,0.1763826006500556,-0.13519628872417938,0.22375006056104554,-0.21860216886059158,0.2549500467304919,-0.017321604536846648,0.10089367837713387,0.050383344917451,0.08176427779437295,-0.07508353361944584,0.06767322832296649,3.5885344,1.4247569,-31.922379796613573,tutup
0.0063793594,0.21957941,0.048215117,0.38733619209231085,2.03482883827877,-0.775219,0.9999979,1.7752169,0.0,-0.045190189965069294,0.02599906362593174,0.07118925359100103,0.21967207,1064.0408,0.021706321022727272,1058.7906,0,0.0,4,4.0,1073.877523701782,697.9157348005318,1677.188478120724,777.0547033651764,2054.2186390269885,1832.4262717220415,0.030672353,0.14847954,18.591539057838908,6.145326041017163,16.436841588473396,7.309080891657683,18.917911916755454,8.030299512267488,17.603515288976055,6.8632162658539055,15.838800242210601,2.815169380943481,15.582817105853463,3.8955621097785884,15.127275123747244,3.7233508121814136,-294.004,88.477196,150.01088,49.939926,33.773643,22.981258,15.246154,20.060621,4.353747,13.250921,-3.3868876,8.586837,-1.3987722,8.889468,1.5073555,11.431635,2.1001499,3.2765677,0.18357955,8.26597,1.7215114,7.863561,-1.2526208,9.507822,-5.818565,5.641378,0.7727401,0.29458112,0.54147065,0.24444686,0.2696588,0.25719333,0.27764174,0.31442276,0.30080673,0.32854435,0.2771976,0.31560367,0.33173263,0.30498555,0.5355232,0.2762626,0.42985374,0.31300333,0.27022728,0.26829353,0.2999854,0.25913092,0.48173198,0.28831097,74.19311,91.20035,19.844006,41.79527,1.6498764,3.119887,0.16720146,0.42647702,0.065201044,0.21673033,0.005964497,0.019744357,0.0014466677,0.005785029,0.0008259956,0.0031930434,0.00058826787,0.0019086174,0.00042467497,0.0013322241,0.032856718964787486,0.04113440315728645,0.14107307298855767,0.2312857961779103,0.11701202779923624,0.09086779210828418,0.19644779769111056,0.20500290450522174,0.011496239965672428,0.04342073564284068,0.0530934381637384,0.07840836544597096,3.9038255,1.205756,-24.4934617409,buka
0.005366073,0.22354083,0.049970504,0.23495896694145874,4.204994690434519,-0.9060553,0.99999803,1.9060533,0.0,-0.027773002162575722,0.03441203851252794,0.062185040675103664,0.22360525,1102.4846,0.030617453835227272,1096.8153,0,0.0,2,2.0,1027.8440845499892,533.3985811178879,1628.037370439299,622.5035972432116,1885.1340553977273,1290.328855845908,0.050749876,0.20728447,17.58044436834395,5.341731999639785,16.07362627292568,6.193343124930368,18.757971024099053,6.127310415119336,18.208383363018736,5.944433900032847,16.495374181319544,1.569603965830317,18.023450783344906,1.491134331759151,16.534334441236304,3.701699501000508,-264.5385,71.78179,151.95149,45.817013,20.602169,21.199797,14.320934,9.411146,2.1477013,11.7773905,2.2885303,7.449815,5.9627213,9.006623,-0.6187044,6.276207,-2.1605132,4.7743955,2.303739,4.5532312,-1.5550491,4.3875046,1.6085193,11.776304,0.52221113,7.313181,0.6368396,0.3160946,0.5662068,0.22531317,0.37165058,0.23847598,0.31271875,0.3100719,0.29967952,0.29083005,0.25611043,0.22654922,0.23089634,0.22437578,0.40575856,0.25743595,0.68191195,0.35463074,0.36995366,0.24980263,0.36198494,0.30776533,0.491669,0.3262814,79.183464,127.71258,20.916544,37.00148,3.3097482,5.743327,0.09252379,0.16845798,0.008338881,0.0056787855,0.0025292563,0.0013859606,0.0015418225,0.0012254708,0.0009773881,0.0014313997,0.0003898117,0.0005383741,0.00031551017,0.00066475343,-0.08236176312799558,0.11245156520899978,-0.042743830328645184,0.09999748881009081,0.04858256677504247,0.15921312446288532,0.09934419148008908,0.13829069614197204,0.03474274813483058,0.03301189424834475,0.008859674139371696,0.04674664498323062,4.0924945,1.3795456,-26.918604204878598,buka
-0.00012972309,0.11765358,0.013842364,1.1808798598403791,16.51919629364468,-0.79425156,0.99999756,1.794249,0.0,0.0,0.0,0.0,0.11765365,305.22452,0.024946732954545456,303.33304,2,0.19694316387176514,4,4.0,2396.2859921392233,1253.1843943055464,2539.125942710084,758.3034951158077,4981.266091086648,3091.0477754865915,0.10662088,0.11172523,17.70276304617145,10.317713392782352,14.015114058546766,7.106294026376824,17.19820691472394,5.932963848387873,15.803383416535564,5.759029432345193,13.950571994257347,2.4244518643642823,16.611530647637355,3.6271782736648652,16.012813635971124,3.6880084227329037,-360.8359,90.80123,99.018585,43.56887,26.530224,25.45628,16.643814,15.137204,-10.181073,18.120016,-5.3427105,12.835268,3.7139819,6.0325017,-1.4459739,7.7695866,-12.499955,12.702146,-2.6952379,5.3326387,-14.766171,14.368484,-5.503465,8.560725,-6.953127,7.5791693,0.41643035,0.31962463,0.41874292,0.31592226,0.40536603,0.3189278,0.5003848,0.3727657,0.74829406,0.26652563,0.8078544,0.18944187,0.56863207,0.33591878,0.46205318,0.32189175,0.44827053,0.2958413,0.5671284,0.2670437,0.5998299,0.25906634,0.47077724,0.3105314,26.264698,65.33352,5.58581,15.01032,0.2868989,0.7559428,0.03111696,0.106294125,0.0010623443,0.0028950204,0.00074472185,0.0017811293,0.007188575,0.023307808,0.0071363207,0.028414069,0.0007018757,0.0020096211,0.00065019686,0.001954435,0.026987930850652275,0.08882232207323898,0.031102283698613356,0.04494969247218895,-0.0872705875557259,0.1512231198549999,-0.041839267148383,0.06241513962068013,0.0220614544910097,0.040177283845391286,0.00011849918783737497,0.018625641952670333,5.9154005,2.047532,-67.47594706871757,tutup
0.0060039274,0.26816607,0.07191303,-0.37164775267112776,2.3521640720971853,-0.9999977,0.8645524,1.8645501,0.009347051,-0.005647135432809591,0.03552208933979273,0.04116922477260232,0.26823327,1586.4773,0.024647105823863636,1578.0515,0,0.0,2,2.0,1237.4833204928798,754.6687599630594,1773.5220875502964,715.8772960584286,2435.2095170454545,1772.796112035667,0.052804228,0.20712814,20.036727912030685,6.08838040760715,16.347460884842867,7.892962248085281,20.36602226166738,8.376089527333576,21.045815303098582,8.050805691588018,15.21226452625915,2.7132043717832475,16.14611716182862,2.596282819660889,16.40706624489925,3.61677320049514,-273.4538,86.950005,142.75424,49.365208,19.736464,26.460255,5.5527387,11.391333,0.93966615,12.957524,-8.572918,14.373751,2.6259103,9.118608,8.641368,8.909775,-2.9725716,7.5231495,1.6979232,5.203987,-11.817508,15.514712,-0.38011703,10.024712,-4.073278,11.660845,0.48072225,0.20657218,0.81433034,0.2580828,0.54278225,0.29127246,0.4089408,0.38816515,0.36237073,0.36418357,0.27133438,0.25796416,0.30648986,0.3085168,0.51733243,0.29332486,0.7221847,0.21898982,0.35675937,0.2573475,0.29709423,0.28239498,0.31792477,0.24931124,120.24293,136.85286,25.311705,28.715298,5.701402,6.8943954,0.5306396,0.6566952,0.0072358195,0.008564792,0.0030066192,0.0016081223,0.0017472566,0.0037443647,0.0009017838,0.0027025023,0.00027084525,0.0003502541,0.00063631224,0.0016176236,-0.0727480080554119,0.1673440778988465,-0.16157835767397305,0.186952315425317,-0.20980408722111496,0.22187634863685848,0.054241609547964094,0.05348179741518125,0.03593673174946243,0.03514878789902297,-0.0860060927384025,0.060663503660696706,3.4185166,1.2821808,-26.262674477530698,tutup
-0.00014953405,0.1286635,0.016554296,1.3939499830331115,18.747217680434158,-0.81191134,0.999995,1.8119063,0.0,-0.005291033303365111,0.0,0.005291033303365111,0.1286636,365.02277,0.05701793323863636,363.5532,0,0.0,3,3.0,2825.3628032378147,1229.35684325496,2921.716719178103,620.3933044497933,6048.383123224432,2969.0194819986455,0.10381212,0.07694284,19.42095834566678,7.934694262400769,11.926337369612423,3.883034445574521,14.674547101510685,3.771954953006861,14.725483369217413,3.997216618597881,13.701379038684907,1.6598090641254957,14.504693573646442,2.145204551991129,16.20551680571399,4.3535198078918915,-316.1401,70.92921,87.77028,38.3554,27.18686,22.894302,13.633951,8.233455,3.5503943,9.17091,-3.5932767,5.832802,-0.29917574,4.435632,-1.1481962,7.763081,-6.753692,5.8609996,-1.8625222,6.7202673,-7.834413,6.752106,-4.915667,7.1739006,-8.864571,8.120771,0.5500999,0.25632012,0.45206138,0.23170795,0.45294896,0.2590274,0.4731984,0.27504048,0.5225715,0.29356447,0.7095099,0.33798066,0.6336461,0.27053717,0.5406449,0.24805768,0.53141457,0.28547087,0.47385323,0.26420826,0.46660402,0.2535242,0.5014368,0.23011835,26.05057,60.901123,2.309227,6.0678663,0.52400374,1.4003435,0.012970289,0.029158507,0.0024478287,0.0042943917,0.001304257,0.0018882098,0.0012873395,0.002164121,0.00066146045,0.0008985959,0.0011823428,0.002267318,0.0021412703,0.004391146,-0.00986507956332352,0.03975308413207078,0.04228994484214539,0.03157385037467907,0.0028651349077166294,0.052759959104310014,0.013310151851989515,0.052878569712936106,-0.02676672099511906,0.021810889984537014,-0.011857880681583825,0.02342300719567084,5.8813844,1.5527327,-81.73018106823572,buka
9.9002216e-05,0.14043476,0.019721922,1.779601300279436,11.831709573139747,-0.6745598,0.9999939,1.6745536,0.0,-0.008236657362431288,0.005807643290609121,0.014044300653040409,0.1404348,434.86865,0.05687366832386364,431.1511,6,0.30925148725509644,3,3.0,2347.0563353465473,855.3127856532196,2696.4161259693046,605.7770620718503,5297.16796875,2485.672529187858,0.05144197,0.03581003,19.811054738984012,6.500274961000461,12.22003472749248,4.677919086108429,16.5717168001204,5.199331375009808,16.33160572278427,5.523748996747833,13.718987469197678,2.1712360693420845,16.462555663477342,3.7870802436656628,16.42662975360183,4.526691668874792,-281.19327,79.50464,103.41499,33.90612,19.399382,17.538626,14.830896,8.648778,-4.0999722,15.710667,-7.7412066,8.659969,4.4329276,9.569908,-6.2215514,7.1160846,-13.5503235,12.864593,-2.925001,6.716321,-12.744752,15.33253,-1.9768142,6.006489,-10.202498,7.512704,0.4170225,0.26508826,0.50896955,0.3369034,0.3445257,0.24443951,0.38769177,0.22556998,0.65110946,0.27418742,0.82010424,0.19711247,0.59548527,0.30916533,0.3892443,0.23368806,0.40906772,0.213994,0.49837446,0.25138527,0.46790934,0.20739114,0.34442055,0.20143543,34.04582,71.12828,7.106241,15.249717,1.6681827,3.5432549,0.13997972,0.4117131,0.0067059994,0.01415631,0.004350451,0.011300115,0.022694238,0.08550188,0.020934405,0.08623044,0.0017228845,0.005113994,0.0030788193,0.008934309,0.03709079287340224,0.1288203361096112,0.03390660439605698,0.0389159532977606,-0.09502429307692477,0.11219208539604687,0.005439288067546055,0.058917526634870585,0.008351299307343117,0.04308708729648768,-0.008222350152209333,0.039970275136100346,5.576176,1.140665,-71.29541567425971,tutup
-0.00035922884,0.14990799,0.022472406,-0.056478127912119744,1.8744557258189616,-0.99987286,0.75820684,1.7580798,0.0,-0.09102134592831135,0.08897842466831207,0.17999977059662342,0.14990842,495.5194,0.13115900213068182,457.11102,245,0.2908326983451843,3,3.0,2731.860958947824,427.1092250246667,2905.559602845776,220.64775991413637,6516.974986683239,1098.8015220690395,0.06366803,0.030603316,23.76034912264339,3.5567472052796436,10.746578367839117,2.7710174359496005,13.933462317953458,3.671139174979944,15.03387616176666,2.060998311440991,14.46297968875707,2.139283555901052,15.187095047115248,1.3116320655075744,25.328390043286735,2.4269098475289663,-28.198975,19.105318,87.82372,13.125567,3.885961,7.5657406,3.8298762,8.727776,-5.4104342,7.036364,-13.863819,5.3366575,-8.102901,5.8903217,-2.5685446,4.707556,-2.4094393,6.4249907,-0.77926165,4.7960777,-10.267336,4.619928,-1.241771,5.271575,-11.989651,3.7324643,0.416733,0.21305533,0.3812991,0.20282589,0.4859168,0.25520492,0.51612705,0.23817289,0.6284222,0.273304,0.71971464,0.22538711,0.6163029,0.23780128,0.5663914,0.20983095,0.41959724,0.15736909,0.37007335,0.17440271,0.46442822,0.19940595,0.5266865,0.23308572,19.074902,17.960354,13.124133,6.525417,6.372398,2.6790974,1.4379864,0.8853799,0.9161869,0.7607474,0.67840296,0.77238786,0.2870602,0.19511259,0.17083934,0.1727524,0.07816067,0.061840955,0.09622168,0.050174665,0.02639648452778124,0.023931864837644597,0.022833960211384587,0.03535186949232111,0.057244081473485524,0.0325270442233158,-0.019006841900674247,0.038183399948915814,0.012390724739827991,0.019257177420847513,-0.020513661861927587,0.01461919219109778,6.5264134,0.6277316,-20.61391479629143,buka
0.0057671834,0.24660824,0.06081563,-1.0468962104007213,3.3654911953482145,-0.99999744,0.8298064,1.8298038,0.009419714,-0.012226318940520287,0.059282148256897926,0.07150846719741821,0.24667569,1341.7181,0.026711203835227272,1335.1144,0,0.0,2,2.0,1050.9209646659021,514.8634041305436,1647.8117630694267,704.8863970131822,2072.0814098011365,1307.4671493734375,0.027245326,0.14843555,17.065879596638084,5.451338992383192,16.411225107754266,6.547149572288841,19.785729033393224,6.717468737611807,18.829128937458787,6.904298945651158,15.473243591157406,2.86250968782263,16.377035406515414,2.598227315841519,15.175357255034676,2.3069716906190356,-260.08176,84.72633,155.37494,51.528103,21.133255,13.226332,10.678428,7.633849,-0.24192604,12.373883,-1.5299038,9.893176,6.5601177,5.23199,3.260119,8.026749,-1.3158134,6.627045,-0.16380988,7.833716,-10.337889,10.640002,-1.2989783,9.324823,-3.3678803,5.87933,0.31333062,0.27146825,0.45859054,0.19307442,0.6915515,0.33545992,0.41287553,0.17428985,0.28378388,0.26255697,0.22803144,0.2530505,0.2648177,0.27233002,0.42919236,0.43277857,0.51951134,0.38028592,0.65720147,0.19626637,0.3464326,0.27080145,0.2663935,0.27000263,101.722855,118.16596,19.909906,23.949778,3.404275,4.2634826,0.47809935,0.5572658,0.013335549,0.025574252,0.002899254,0.0019370044,0.0030559443,0.009032591,0.002986055,0.011152335,0.00046888358,0.0014551351,0.0003358234,0.0009449572,0.14658648555545406,0.15631626176184094,0.013967059184843615,0.03886872495884916,-0.09354974816299332,0.14730377281855656,-0.12260662252083467,0.17624744213350074,-0.05118537934143208,0.06016927052689063,-0.04085813826796685,0.02894586984833381,3.790454,1.1106286,-27.202349395145532,tutup
0.0071415617,0.27951413,0.07812816,0.1871125013237734,1.227470916002673,-0.82195103,0.9999976,1.8219486,0.008732306,-0.03479885030537844,0.049599542282521725,0.08439839258790016,0.27960536,1723.8503,0.021262428977272728,1717.2872,0,0.0,2,2.0,942.5316090703938,468.08161224080186,1633.719052074364,550.5233536089899,1743.4553666548295,1149.9351761475095,0.02641246,0.14862266,19.262578563738995,5.759555089200788,17.627719898477224,8.369967712096827,20.43736397581597,9.183511167563141,20.881332047828842,7.240065607892962,16.477420371651522,3.235909738062043,16.61306912675929,2.4468937104719295,17.245812327331787,5.020085063864846,-275.8201,70.29213,151.18575,43.991356,31.361988,25.974272,13.372804,11.616352,7.971912,6.75378,-4.0802364,8.25844,2.9532242,8.005012,7.8688107,5.1512322,5.07796,4.814569,-1.1775601,9.387724,-2.1840267,8.285059,-1.4516059,9.069875,-6.069853,11.191563,0.76471406,0.2548833,0.87999463,0.21707006,0.41844437,0.26650622,0.24922213,0.25975913,0.19814868,0.21525945,0.17778516,0.19248824,0.23484741,0.26499477,0.37912,0.25528964,0.4346278,0.20578295,0.26095727,0.26752,0.32512334,0.33538306,0.45374554,0.3226702,132.56876,162.9595,15.401026,19.201586,3.684526,4.7399697,0.15645646,0.31175578,0.004292808,0.0029755337,0.0041134735,0.005041649,0.0007090992,0.0002978738,0.0002763718,0.00015913362,0.0003548479,0.00044744596,0.00066056545,0.0011272205,-0.16056347431651144,0.12539189154330063,-0.128153059693181,0.20994263040551997,-0.21437925037885633,0.22053126492343733,0.14425505069084438,0.09243768657173815,0.09342812249869072,0.044548857401434695,-0.04901740616928274,0.06885248017349675,3.4346159,1.0923856,-17.57606018426332,buka
0.00017222467,0.1497201,0.022416107,1.28690550584741,7.4581827841042365,-0.67006,0.9999959,1.6700559,0.0,-0.011706064688041806,0.006259583169594407,0.017965647857636213,0.1497202,494.27585,0.0399169921875,490.9566,4,0.2905257046222687,4,4.0,1868.8746156608147,906.1937101935033,2335.5618794835837,725.2707800202461,4087.6381613991475,2538.138681278582,0.035121754,0.03475181,21.180267232603246,7.641737337693295,14.453036850973763,6.388993917654239,16.08328521468586,5.821513600417583,16.989146824400468,5.68892466220392,14.611842079696906,3.341708225215445,17.398985594118933,3.8928392753114855,15.716595859888395,4.068572286839404,-290.00632,86.91229,115.22143,31.408613,24.834248,15.584347,24.51959,11.694172,-9.32595,15.638988,-6.0671506,6.1934805,6.7468076,8.8210945,-9.176153,10.296779,-9.306968,11.3713455,-0.93534654,6.112933,-18.23939,15.278382,-4.7111845,5.082619,-11.3251,10.453479,0.4384353,0.23101594,0.38114434,0.27203768,0.33880562,0.26708645,0.33142933,0.2878487,0.36614236,0.34686306,0.4138201,0.30759645,0.6552789,0.3322579,0.59162146,0.24691585,0.4846225,0.35264486,0.37691525,0.278429,0.43705082,0.33012998,0.4935069,0.27219924,36.12196,55.329945,11.152526,23.222408,0.31754354,0.4556589,0.042723008,0.112275384,0.016928535,0.04810547,0.00534229,0.019385764,0.014465844,0.03698339,0.013804787,0.035382852,0.0017087533,0.004533147,0.0012161554,0.0029845152,0.05509130975550914,0.08203158487674077,-0.09917757733393594,0.19419009175879448,0.0741988113996654,0.18215782649126724,-0.007753150781024217,0.10693734845377766,-0.03332335621111086,0.06111225924405572,0.002222971263108718,0.029196036760478314,4.9502683,1.5506163,-54.17107191638229,tutup
-3.4856963e-05,0.12820667,0.01643695,1.7047191782180526,18.879780322468015,-0.7820356,0.999997,1.7820326,0.0,0.0,0.0,0.0,0.12820667,362.43478,0.03638805042613636,360.8721,0,0.0,7,7.0,3018.6234476875866,1207.7921482980817,2831.33688861387,640.4616471729183,6300.174782492898,2770.147259541811,0.18263674,0.11490759,16.254554632279618,7.173118765277332,11.31233199109161,4.533073290142466,13.653980983198634,4.601454926564905,13.18984229393008,3.950675874014049,13.434161836328649,2.2795285748049006,14.264451861295061,2.2577028975734867,14.265691198647499,2.8046982474724875,-357.41473,72.41434,77.561005,38.697765,13.14592,25.193775,10.731438,10.375936,-1.2558101,10.510266,0.46407568,8.092801,0.83981323,7.7237926,0.16056646,4.680498,-2.8679636,8.380102,-0.8089893,4.3240733,-7.906586,9.027838,-3.0756524,6.3046393,-4.394772,6.5408792,0.7663782,0.17009386,0.7423659,0.23115002,0.64204746,0.29893202,0.6241183,0.32760742,0.5648033,0.32094085,0.5048675,0.27468556,0.59465224,0.25184327,0.6979753,0.26369134,0.5538342,0.2665787,0.5643238,0.32279462,0.6209797,0.3117815,0.7059258,0.22892882,30.573122,84.411125,5.0925093,15.157278,0.13237633,0.34540313,0.0066571156,0.018778447,0.0018555449,0.004479239,0.00080133975,0.0013512615,0.0009236721,0.0014958548,0.00061444874,0.0010738303,0.00037168607,0.0006263456,0.0002836284,0.0004805363,0.018979671758666203,0.04411396674133285,0.004998279408523847,0.0780386679496138,0.015782117589630527,0.09839030686298891,0.023636016507886683,0.11915531765851024,0.009440723484919356,0.02397550499546717,0.005883540455463631,0.05196330010513196,6.8815923,2.0211463,-85.13345655507075,buka
0.004947384,0.24307215,0.05908407,0.5734329164684812,1.6089284728567996,-0.78749204,0.9999974,1.7874894,0.0,-0.09817859157919884,0.035517964512109756,0.1336965560913086,0.24312249,1303.3435,0.022327769886363636,1297.6451,1,0.8371042013168335,3,3.0,974.6093320518103,586.5328193793499,1597.7218627644681,688.0985149724787,1781.6278631036932,1588.4635176126876,0.026759678,0.1485549,18.546954954156348,6.3624084508918495,17.238563061424756,8.168412096967506,19.842483283033733,8.360058613559877,18.71939154362045,7.6781809264017635,16.014040447562166,3.0162650554714476,15.521493038588687,2.3795969377833712,16.57008677168525,3.7595002614799102,-271.97702,86.90398,152.786,48.535103,28.968569,15.110466,11.92398,19.423208,7.432199,9.833384,-2.0067904,10.471772,2.0219371,6.5033774,4.387743,10.549528,-0.8298601,4.678995,-5.484861,10.924195,-3.6711693,11.201952,1.7061001,8.5477295,-6.399258,6.8408046,0.7525356,0.27924022,0.459311,0.22969484,0.2800347,0.3022699,0.22068654,0.26220644,0.21282944,0.27051815,0.2612929,0.32765388,0.3792221,0.2790838,0.6200666,0.30595118,0.35544688,0.30431882,0.30280167,0.29100704,0.39107102,0.30682018,0.5940184,0.27155012,92.49328,107.70292,19.025202,24.065187,1.816895,2.438386,0.41917706,0.7132395,0.09381275,0.27603891,0.0075125936,0.013326133,0.0010168363,0.0015834387,0.00050428417,0.0010450875,0.00035489118,0.0007503506,0.00037278078,0.0006845681,-0.0432638961826291,0.047342310047475626,0.1243519212421294,0.12041599858071975,0.006768926448950389,0.07259617991809472,0.1784318428571248,0.21049031104221178,0.04451924376457455,0.04654902128238117,0.032961538299621944,0.04606034455174903,3.69998,1.0895141,-18.197590245719162,buka
0.005228198,0.23759969,0.05645361,-0.9545604706963972,3.2177004504584534,-0.99999774,0.73212415,1.732122,0.010095159,-0.007424147101119161,0.042570591904222965,0.049994739005342126,0.2376572,1245.4049,0.024269797585227272,1239.5612,0,0.0,2,2.0,988.1257324980666,541.359179868279,1534.3258629120762,761.2103152786542,2094.8380903764205,1427.2318128168267,0.049630936,0.2074655,18.199191548295218,5.759792607624588,17.95571988871144,8.191546004521882,19.375703611810767,8.31548960526157,19.621842118819167,7.016050067209967,14.815466734767078,1.6197102432752293,16.131417102207916,1.8736247459730127,14.95286860996925,2.1441901538363006,-285.01202,80.89885,150.93593,52.45219,20.437262,12.914875,20.692915,9.277831,-6.6638684,14.523848,4.6730437,6.35537,2.1755397,6.3259935,4.288035,8.731265,1.1321588,9.386139,-3.1147573,9.557911,-2.867022,7.934212,-0.10833905,10.127796,0.21687184,6.6783404,0.46104872,0.27323827,0.8027489,0.2839402,0.5518199,0.27485287,0.3915716,0.35677534,0.3723135,0.37685826,0.35894486,0.36048964,0.3172038,0.34669006,0.31841418,0.27817848,0.48121202,0.2162468,0.3491371,0.25371903,0.27325413,0.27415392,0.30277026,0.25959015,99.84903,118.30321,14.579743,17.529034,3.1681337,4.2188373,0.49388483,0.5957923,0.0105065545,0.025317581,0.0024398996,0.004200683,0.0019665358,0.0058828746,0.0019736716,0.006948469,0.00037998383,0.0008764263,7.481551e-05,0.00012340458,-0.016933228237264356,0.09494582947185225,-0.10445602418175337,0.17958883754385077,-0.21847722222181923,0.17956562942975426,0.0008341818836258872,0.10147988581858047,0.026144080915577496,0.03199629471754958,-0.07642696278741244,0.0536593908401798,3.5058563,1.2424585,-32.0168280316366,tutup
-2.8987548e-05,0.12843475,0.016495485,1.4674376268548088,12.532213448262793,-0.74364924,0.99999684,1.7436461,0.0,-0.006305262097157538,0.005930881598033011,0.012236143695190549,0.12843476,363.72546,0.04078258167613636,362.4208,1,0.5062989592552185,3,3.0,2095.2616121233,948.2800449733014,2558.2237414203914,576.0393404943841,4532.494562322443,2713.0422965214193,0.05866904,0.058488324,20.455830634236165,8.416096705985172,13.341722738194191,5.390830948389045,14.065342644709762,3.6812344419397247,14.50322478945801,3.907255372814628,14.3747052954202,2.215702606450222,16.081680568239058,3.190594713919896,15.674900945851299,3.298279585227863,-310.72018,77.4114,107.05391,30.048384,23.839075,26.562883,11.683786,8.863666,2.4682696,9.873953,2.422365,9.838296,-5.370328,8.084047,3.0736833,11.023157,-7.8461704,6.4700003,-1.3557545,7.288635,-7.6337323,6.384949,-7.5865755,8.043542,-8.086131,4.9955006,0.57351184,0.35485783,0.431411,0.30909935,0.40167436,0.3037108,0.4099331,0.27873665,0.546992,0.32192504,0.58561724,0.3411853,0.49577513,0.307521,0.43842456,0.3013699,0.3962634,0.24832878,0.45948637,0.25112182,0.48181018,0.25784013,0.552156,0.30631536,26.614342,52.76901,1.8790326,4.178065,0.2906327,0.6250591,0.05703372,0.22769296,0.0059587997,0.018643854,0.0026802311,0.0072469744,0.0012242644,0.0027913675,0.0011477418,0.0022370734,0.0020934714,0.0044243927,0.00092400244,0.0019754784,0.0012972865589077828,0.056978464456654415,-0.025520343807687383,0.05505617345188824,-0.01758146027780441,0.09102929635574242,0.0338926129466425,0.10962849354020787,-0.00764377964155078,0.034282939741267254,-0.008297278328841019,0.03893823687244563,5.3509636,1.7351135,-69.18266662510904,buka
7.247e-06,0.09422797,0.00887891,3.12948798590151,35.572416314193234,-0.5826818,0.9999973,1.582679,0.0,0.0,0.0,0.0,0.09422798,195.78,0.04024991122159091,194.63138,0,0.0,6,6.0,3361.1187484849015,1302.9018041303502,2954.130663704096,471.79851782476675,6769.500732421875,2610.7582200607626,0.23539995,0.15490286,15.208081647746381,7.510713669178703,11.495263138975794,3.6719904606192224,11.929839814060953,2.6584992309831446,13.354029927713794,2.9896591490192246,13.6870073459989,1.6025709195055697,14.09673087219651,1.4013887432248302,15.456126401609316,4.325147445538881,-358.99097,84.51175,66.444626,41.547745,11.413985,17.08591,9.171075,9.545628,2.2224743,8.177926,1.9353225,6.272702,-2.7609274,7.7974086,3.29681,5.0317645,-0.7614186,5.8585114,0.2077588,4.480201,-5.723714,5.995871,-2.9466784,3.906693,-4.489692,5.2994204,0.6667833,0.19936289,0.5827591,0.23383996,0.6148927,0.30443576,0.545062,0.2752277,0.5954476,0.28773138,0.68910146,0.2796173,0.6813152,0.27978596,0.59060085,0.2917365,0.6306727,0.2741503,0.6716305,0.23481025,0.83352846,0.1578549,0.8041439,0.185725,13.495075,44.43199,1.6370636,5.441814,0.4465495,1.5641791,0.02458746,0.08495054,0.0061523244,0.018923724,0.0026722942,0.007652358,0.0010180214,0.0025830586,0.0007003771,0.001429262,0.0018276311,0.00500142,0.0022437715,0.0071735033,-0.008914636794890844,0.033027850021653475,-0.01933456257067449,0.048030769278623923,0.030242248819293868,0.09165829886164008,-0.04023560534485407,0.037070816833591425,-0.009764421838547054,0.02246016053369537,-0.01199404051823707,0.011590225102181138,7.1628294,2.142561,-115.90935384543998,buka
0.0069193635,0.3031133,0.09187768,0.3636510757804517,0.42766409499547864,-0.9246338,0.9999966,1.9246304,0.0,-0.14056362211704254,0.1255279816687107,0.26609160378575325,0.30319226,2026.9585,0.025290749289772728,2016.1036,3,0.3011741638183594,3,3.0,909.6563118550228,532.905808980641,1571.9133276446933,627.5739594721092,1593.2123357599432,1517.7132978409884,0.025660288,0.14874107,18.803277529034226,5.310091282836755,19.081368227573595,6.669069348595715,21.310401518641044,7.1289783997899585,20.381660008919262,7.148351565203861,16.39018818509498,4.155170480348824,17.517827367619766,2.1076058602784435,18.964573520652273,4.408945181501961,-236.85643,91.11492,154.77895,44.301056,39.085167,21.626478,17.23112,16.439276,1.7374324,13.095857,-3.3504922,10.455962,-3.6667366,11.83687,-3.0854874,14.594834,2.1421206,4.958642,6.3304625,4.4678383,1.6093265,11.385747,-0.36577263,7.0352063,-7.085248,8.965018,0.59628826,0.26877868,0.78836274,0.29670098,0.41660005,0.24689066,0.1702385,0.20631777,0.23014897,0.3106309,0.16965824,0.20330565,0.13477194,0.22210169,0.26433095,0.25342527,0.5047947,0.3462076,0.25793752,0.27736068,0.20203248,0.268103,0.30968368,0.32833415,130.92406,134.30966,42.99006,52.44548,4.8730392,6.4666367,0.2668784,0.51439625,0.14337376,0.2864471,0.0051202257,0.006053902,0.0028480687,0.0045181364,0.003570538,0.010358549,0.0014959302,0.0019771056,0.0014723529,0.0033415197,-0.11089727513652091,0.1546846607452692,-0.10203108730542156,0.19681413426125352,-0.16908688322556328,0.23707473731097403,0.17720443594523425,0.10839345747162019,0.06590699224961552,0.06327125869956536,-0.0382758074344813,0.07570993915037498,3.7001808,1.0700046,-0.9061560079721935,buka
0.005341506,0.21074109,0.04441181,-0.9855269730345273,3.314518591566954,-0.99999803,0.76434666,1.7643447,0.011202125,-0.010288204532116652,0.05956513434648514,0.06985333887860179,0.21080877,979.9094,0.026711203835227272,974.6173,0,0.0,2,2.0,1028.0693279624322,460.5602808525818,1635.1940955358368,622.1970062939029,1910.0929953835227,1088.2025248052396,0.030206347,0.15008938,18.55530342348858,6.842903340987615,16.329725709275056,8.006541686231687,19.806783701168822,6.970941358542935,18.259262760991657,6.827160224052773,14.684814843802128,2.7405665999246565,17.0311771666873,4.578245276162595,15.337834102966161,4.25851474273011,-261.38184,90.25753,157.45592,47.810097,17.57125,9.268804,13.186045,8.40163,2.5164466,11.390676,-2.5859222,9.169665,7.437224,7.064796,-2.9069436,6.4670386,-5.092614,5.7006354,0.04403782,5.0025463,-10.699085,10.934075,2.1695619,5.1183205,-4.438172,5.5849667,0.17685363,0.16807011,0.33990604,0.17162469,0.66310596,0.30197233,0.59761345,0.26746285,0.5626007,0.45527947,0.37594214,0.33639708,0.3265281,0.32462776,0.25776678,0.26653907,0.31272534,0.23405738,0.47821248,0.22342536,0.35479563,0.25502473,0.2589495,0.2514016,74.08308,87.07034,14.669894,17.877628,3.1749587,3.7829103,0.45249033,0.5270408,0.014292326,0.021779928,0.003928836,0.0053005256,0.0049142647,0.012108641,0.0038896843,0.011840882,0.0003460248,0.000990925,0.000450598,0.0011413458,0.10594631143296365,0.16589334259261423,0.02617904593529821,0.04775130583323032,-0.02058407909829554,0.16853423003279563,-0.03915143247947814,0.19413893731445914,-0.009748231641177548,0.07304799385935075,-0.016078943677712204,0.04646290786593614,3.9782946,1.1863832,-30.81035207999864,tutup
-8.432613e-05,0.10600123,0.011236261,1.8627218677282396,22.326534526011883,-0.67563665,0.9999935,1.6756301,0.0,-0.006452263565734029,0.005662424606271088,0.012114688172005117,0.106001265,247.75972,0.05453213778409091,245.3826,6,0.35829344391822815,3,3.0,2401.5054759888776,642.0872224772694,2748.2394332579065,497.77723163332035,5533.054421164773,1770.0618901657372,0.05027551,0.03036722,18.382768413252606,5.818529145513584,11.932142319227228,3.5096389486806787,16.27003634023358,5.077556124065741,14.216858097955374,3.284012258379727,15.347123975063901,2.133488325391709,16.36384880451692,3.588954163500864,15.374920647153623,3.6806103046685688,-302.94525,66.93058,95.148315,21.734339,14.13934,11.970291,24.252983,12.230841,0.6139929,11.2320595,-5.690793,4.8445435,0.117740154,7.0483975,-5.8700595,6.7892714,-8.812322,12.618648,-5.7795787,5.279493,-13.627453,12.902481,-4.248824,3.3568358,-6.2296047,5.12511,0.48607263,0.21457475,0.49573678,0.23881765,0.46796158,0.23496409,0.4124049,0.22722799,0.4664406,0.28322104,0.4445281,0.2827069,0.47340414,0.21743439,0.7384972,0.27438214,0.64167386,0.26822966,0.55592525,0.3061276,0.5309153,0.27582893,0.4975631,0.24902116,19.015835,55.090973,4.3378987,12.703716,0.10523848,0.2928308,0.021448899,0.049337808,0.0057807313,0.016547527,0.0069722994,0.02341504,0.0439617,0.18073675,0.023219591,0.09779926,0.0012715658,0.003846754,0.001038788,0.0027820969,0.026060859151169572,0.023861916301247767,0.05496214092354248,0.08371513870896644,0.017639017028903022,0.048122905068451224,0.05413985917005982,0.09185160734305595,0.021689657413104777,0.022563153455484698,-0.001651145147413612,0.03179635321543885,5.684658,0.9988258,-90.36408610848004,tutup
0.007830916,0.21295777,0.04535101,0.28200578793357356,4.279224335364669,-0.94720495,0.9999972,1.9472022,0.009931426,-0.02985466457903385,0.040678493678569794,0.07053315825760365,0.21310169,1001.34186,0.015059037642045454,997.4179,0,0.0,2,2.0,1011.5190780857981,521.9412312243023,1737.503665526917,596.6403533198142,1904.220303622159,1409.9308272520047,0.026494514,0.14859138,19.17561700170855,5.422087418314461,14.55320154001418,5.637933543999891,17.394419532330765,6.395531598105206,16.51627637957833,6.476051221937024,15.808799261046556,2.7268020241193276,15.644695914011258,2.4326544601974236,17.026264099678095,7.560073425714239,-295.13342,73.97852,138.95245,42.7453,24.805676,16.956778,26.234215,15.515171,12.14201,12.611231,-3.1845415,9.899359,4.299105,7.046632,5.154251,6.9887047,-2.4530363,2.8469887,0.2997258,5.9926996,-5.6960707,9.199802,-3.598607,7.892622,-4.967385,7.793094,0.57051516,0.31430492,0.52430844,0.3307693,0.35199574,0.25842237,0.284562,0.29385382,0.30882922,0.33935636,0.2752051,0.29226184,0.30659553,0.30576316,0.4487333,0.3618378,0.4854263,0.29405242,0.4566201,0.36854976,0.4772044,0.35215914,0.52253383,0.34168142,74.7993,133.20622,10.735886,20.862288,1.9440311,4.086406,0.14135283,0.3416257,0.0037501506,0.0046854247,0.0026145426,0.0025906255,0.0015227296,0.0008564834,0.0002918802,0.00029068082,0.00016337837,0.00021449714,0.00020882144,0.0002759632,0.005353031926506976,0.12174063709031603,0.020146933229603405,0.11051431578032091,-0.015967147128487572,0.1468739211265128,0.0968561909923495,0.0835050842718685,0.016334422666870616,0.05011060407321417,-0.019096129679713695,0.04556850072975527,3.024663,1.1639913,-28.964706979124596,buka
0.007399923,0.2595835,0.067383595,0.230034499288736,1.471194553539224,-0.9440528,0.9999976,1.9440504,0.00654238,-0.06363473832607269,0.04972523543983698,0.11335997376590967,0.25968897,1487.0157,0.022871537642045456,1480.605,0,0.0,2,2.0,1001.1984647413506,578.6652982746774,1664.4145057574437,722.1055251165701,1894.4324840198863,1482.0270773178097,0.049839184,0.20747407,18.770118362667397,5.365991542671212,16.829007420834788,7.455247480526886,19.792432433302398,7.237623397619921,19.334667830515535,7.624530131721485,14.627630945414438,2.1019437787578066,17.334340935740872,2.5253561952890817,17.52607769977924,4.22925502483779,-272.40634,77.10975,146.25249,47.638382,27.33966,19.463768,18.978558,11.022803,5.4247518,14.807126,-6.9395146,8.296164,5.1677094,12.504065,7.927234,7.6954303,-4.8706393,3.858879,3.2223916,6.851318,2.8986168,8.883988,-1.8557788,10.63183,-5.7349644,9.141963,0.6736882,0.2654997,0.7204719,0.3097383,0.3624813,0.22587721,0.28056276,0.31099054,0.29956305,0.3488225,0.289294,0.3576057,0.2630337,0.28292295,0.43738824,0.30400324,0.59396493,0.29045835,0.33370602,0.31801492,0.30340633,0.2980895,0.48974082,0.36783946,111.435646,139.86168,19.733028,26.54361,3.3599946,4.8646607,0.11011431,0.19359647,0.004770993,0.004533764,0.0027382716,0.001370744,0.0016710538,0.00088653,0.00047728792,0.0007367985,0.00048019618,0.00052901526,0.0005074491,0.0008295101,-0.06459700079337845,0.14255836139872752,-0.13314563637637272,0.15028771055496012,-0.16776613044467895,0.20650586646189872,0.12870263238437435,0.054869072300457004,0.021974913111345296,0.053611344873349044,-0.04868051475866448,0.05824739638047713,3.2968874,1.1078783,-17.5380535043093,buka
0.0064875064,0.2612943,0.068274714,0.35635478239744756,1.8162701078945709,-0.9999976,0.971289,1.9712865,0.0,-0.06127782445400953,0.029955786652863026,0.09123361110687256,0.26137483,1506.3856,0.025801225142045456,1499.1785,2,0.9566384553909302,3,3.0,933.2760740367918,537.945030208253,1531.5700356541927,736.4128068355724,1667.355069247159,1270.020511666854,0.048697505,0.20763677,18.832344127365364,5.858381465814288,16.691717386742198,7.6172046786886085,19.614468196138493,8.731644456538547,18.93114074881411,7.728300931126075,15.775583788396377,2.2263421686237943,15.826859914931084,2.1179881380036094,16.448858612577343,3.35772805047398,-274.41803,87.16254,159.43097,51.233707,27.077991,16.992376,9.440837,14.575127,5.473196,11.059,-3.9398346,8.142029,2.083788,8.747716,3.9716728,9.3867855,-2.2326047,4.7186317,-5.8931017,8.801591,-5.282555,9.367667,-0.8439596,9.465104,-3.71307,6.368271,0.7086189,0.28200018,0.59161687,0.27612895,0.39015433,0.4015302,0.21495624,0.2549462,0.16404699,0.21932015,0.15990183,0.21358202,0.25757185,0.22634302,0.5501004,0.35723996,0.33760315,0.21014592,0.17829221,0.18949378,0.23455338,0.2570628,0.41201532,0.30842566,111.87781,130.94983,26.295166,33.832237,2.2473183,2.7375975,0.2801512,0.39098427,0.07078624,0.27233163,0.0065566455,0.017760556,0.001012957,0.0017486886,0.0003648473,0.0007286335,0.00028123244,0.0005108338,0.00038745414,0.00094988116,-0.038897816832453955,0.16730954308104046,0.005510483717968425,0.14395945439747232,-0.06610654220408375,0.170971164646706,0.12331643196838799,0.16373308228962544,0.020366172108281986,0.06772741005395451,-0.025892648046878578,0.048705634675168905,3.699112,1.1521883,-19.11780984085673,buka
0.006871811,0.2558826,0.065475896,0.3675443202589628,1.565259911530534,-0.7670314,0.9999974,1.7670288,0.0,-0.05004249606281519,0.03776909504085779,0.08781159110367298,0.25597483,1444.7847,0.023359818892045456,1439.4144,0,0.0,2,2.0,937.3699967370708,570.0511081891202,1569.9676239869405,721.7157987322412,1735.3804154829545,1420.2573129766643,0.04963871,0.20747332,19.396604871947424,5.739983111055546,17.80232149350921,7.498136592219109,20.18833213283683,8.20550481141726,20.521852550005963,6.86559561887684,15.786601094751035,2.3577233075627215,16.161955841189915,2.013695496227542,16.204341856899735,2.4320398986986844,-283.03973,67.73248,152.92308,46.993984,32.952114,20.85437,15.090997,8.57625,7.4293513,8.287383,-4.4257894,9.691277,1.0864282,8.6569605,6.619389,4.787764,2.958185,3.0877452,-2.0697877,6.071388,-1.1008166,5.8127327,-3.3460739,7.9267473,-7.657771,6.5010037,0.5569958,0.27825725,0.66503465,0.3377629,0.407217,0.26606396,0.2822993,0.33402404,0.2981814,0.37640864,0.22656561,0.2542524,0.24280934,0.24814232,0.42324084,0.28689393,0.60289747,0.27680048,0.34600118,0.29203856,0.28922287,0.28246826,0.373996,0.3189623,110.05262,132.96208,15.022943,18.384554,2.4200666,3.0731812,0.05826424,0.1259897,0.0032371322,0.0014088751,0.0024899298,0.0019577055,0.0005832709,0.00022847204,0.00020470751,7.4904216e-05,0.00024737517,0.00021381764,0.00014263473,0.00010340812,-0.03585374132441178,0.046248563458933516,0.13606445120871247,0.11033237313906251,0.05179232113401964,0.08374395328567902,0.1840026231101626,0.2162925423145719,0.0509014566487352,0.04545145327455343,0.03207654030252767,0.04863564644766694,3.6104493,1.0528111,-19.087416855537622,buka
-2.5165713e-05,0.12756312,0.016272351,1.7392250207119067,15.258762257270625,-0.63619226,0.999996,1.6361883,0.0,-0.006509528495371342,0.0,0.006509528495371342,0.12756312,358.80536,0.037675337357954544,356.45407,8,0.24712669849395752,3,3.0,2169.964079757972,985.8464559703937,2516.9885906999134,732.2311221408479,4835.182883522727,2668.2643756086964,0.05797029,0.04855166,19.193615924006203,8.543800077717083,12.931133405250158,4.817654563889716,15.207538945649498,4.58836225284426,15.623113332746284,4.996955372646765,14.062045535686746,1.4709417570344059,15.894900436038348,2.83973880026161,15.337024301991995,3.7787303098872376,-320.79755,79.05765,106.93566,35.217983,23.988884,22.193228,21.558138,12.61885,-6.738336,15.407411,-1.5118308,4.9203835,1.2322934,8.168792,-2.6917317,8.069069,-6.623264,7.603319,-3.806021,5.4350724,-12.605252,13.481681,-4.3497753,5.5853705,-9.057782,8.330245,0.54331154,0.21340828,0.41332504,0.26632634,0.3618002,0.23753552,0.44155073,0.32933193,0.4758356,0.3503083,0.48334867,0.25514263,0.6690893,0.27618244,0.61663395,0.2636408,0.48412323,0.30032536,0.44910163,0.30109602,0.5105161,0.26731622,0.6357122,0.22683264,27.533724,65.94495,4.5024014,10.956344,0.5065994,1.4635881,0.05794822,0.19850992,0.004439659,0.015786469,0.005125428,0.01973698,0.02264675,0.09396665,0.015083033,0.06364807,0.00225218,0.008399431,0.0009910025,0.0030214605,0.03046645015823191,0.06560391516444179,-0.039110265596952166,0.12790840873885023,0.06161386972631884,0.1336138575608482,0.030287013177505585,0.07811066169033841,-0.016369209327254455,0.05790715456211371,0.001437240502458387,0.022800487809568226,5.4735236,1.4962878,-81.40801742665487,tutup
0.005570254,0.2454744,0.06025768,0.2839431705910184,1.959666791125371,-0.8501276,0.999998,1.8501256,0.0,-0.03597407415509224,0.03833568375557661,0.07430975791066885,0.24553758,1329.366,0.02350408380681818,1323.4293,0,0.0,3,3.0,975.8933993416994,638.1848678417533,1591.5198705711941,754.8621278863371,1863.1114612926137,1651.112696397783,0.03319802,0.15338357,16.47545336497888,6.112545268005035,16.29412236702049,7.132295255061253,18.392808845211864,8.511006135353636,21.725014644554903,9.12648198151946,14.674540923493085,2.621646983600273,16.047588246769138,2.05835139957707,15.767312802126247,2.7613672900901522,-301.35632,64.1308,153.55688,50.17639,39.90762,26.93799,17.035316,12.629203,4.3346653,12.090065,-0.88872665,12.071121,4.2486277,10.381016,6.972121,3.769895,3.6423278,4.700977,3.014363,7.3358035,1.0236207,5.2466288,-2.4430075,9.010785,-3.7542825,7.3618097,0.5571894,0.26489368,0.70655257,0.30516496,0.40405366,0.23611642,0.29736683,0.30957606,0.33539462,0.3553517,0.24997526,0.27279386,0.30021346,0.31911945,0.5023745,0.35224685,0.59112936,0.2679547,0.35908628,0.32714206,0.34594262,0.30409437,0.39258155,0.32438985,103.57889,138.62796,15.428412,21.368196,4.4461937,6.56483,0.033827685,0.0843027,0.0023036862,0.0022354547,0.00084160274,0.0005237196,0.0003840406,0.00025225597,0.00017056828,0.00010751704,0.00020102007,0.00017477712,0.00013045642,0.00013269698,-0.0552840394549075,0.11602481168072647,-0.010292082226312343,0.11805741304537537,-0.03057654087685766,0.1639568275671168,0.13555308024991608,0.1770223136535136,0.0615718306377641,0.04806675801458568,0.004312129458412608,0.0463456812253614,3.8005562,1.1670768,-20.25465305159327,buka
-0.000107229214,0.18776523,0.035255782,1.001057825054527,5.863317324711826,-0.8871123,0.99999434,1.8871067,0.0,-0.010378227569162846,0.0073632263811305165,0.017741453950293362,0.18776526,777.39026,0.05135830965909091,771.5067,4,0.22854676842689514,3,3.0,2191.375103092661,849.6435351984658,2633.5403320772293,530.2177989411927,4861.365300958807,2470.7335243259613,0.041072108,0.03935574,21.84608250016775,6.379829869527676,14.347916855595878,6.8263548864296455,17.314427299810475,5.496791744552333,17.736921369035382,5.1417714526239235,14.335713771366892,1.6463855574138162,18.531758642679453,5.349692805209655,18.81324547642688,6.696286619642254,-277.2533,81.11486,103.41668,26.889723,24.738605,21.62924,20.118668,15.416058,-5.5615926,12.317085,-8.035565,10.806459,2.9936898,5.8716784,-4.362099,10.223124,-21.448189,17.782446,-2.7304628,9.98224,-20.247972,20.343227,-2.194499,5.932384,-5.767101,5.4341254,0.38760492,0.30386207,0.42919254,0.35381487,0.22615264,0.18984047,0.31442896,0.282297,0.43177998,0.24972746,0.8293998,0.23861334,0.6629758,0.2812631,0.34589145,0.2687497,0.30299404,0.25007883,0.30963886,0.21779181,0.36833876,0.22156401,0.2673469,0.16178264,65.96734,106.86478,14.534912,23.253483,0.40182894,0.74720746,0.046941105,0.06686569,0.0047764084,0.00993775,0.0046564634,0.009557301,0.024433846,0.050838955,0.020296546,0.05332512,0.0061083795,0.01080289,0.007843768,0.014340843,-0.09545372714278967,0.14006863434649933,0.08098296893844138,0.12771516986778017,-0.05347271612845399,0.09451709954044994,-0.10991105915639951,0.16355151694624087,0.0005864693260668522,0.016668991750492194,-0.04061603155092918,0.052000386006645825,5.0955706,1.4470303,-56.50747028029919,tutup
-0.00010278477,0.14797647,0.021897038,1.4726704838263251,12.390626415833294,-0.7071343,0.99999607,1.7071304,0.0,-0.00998805882409215,0.008252799278125167,0.018240858102217317,0.14797652,482.8299,0.036188299005681816,480.61456,0,0.0,4,4.0,1801.7184269964462,729.4884714689982,2441.0366618971184,604.6524635799176,3998.8136985085225,2224.6795117806687,0.020784654,0.01801083,22.94274971163303,7.0413189615307825,14.741974071337209,4.9991108984010175,16.877782086291035,3.5375127986904844,14.93980442391395,4.095773823769085,15.046325622253379,2.0084492874634203,15.74470603005151,2.7019272474228173,15.88505285616966,3.4795317886402692,-301.82858,65.34392,117.111824,26.046455,29.064373,17.627691,15.765873,11.378619,-0.7364242,12.170257,-0.82200456,8.004506,-7.2166457,8.14716,-11.982456,8.114107,-5.365028,4.2709346,-4.2035437,5.249455,-9.872149,11.119117,-1.7611293,7.7670145,-8.598922,7.4204965,0.36119998,0.24203756,0.5145425,0.35988587,0.6152338,0.4372978,0.3516375,0.25859967,0.42450485,0.31582537,0.40679637,0.27550066,0.2451515,0.16592859,0.26493695,0.24346551,0.2741698,0.26336727,0.282142,0.20924225,0.3428774,0.20489995,0.3943343,0.28694326,42.770683,88.44797,5.324773,12.116673,0.35170105,0.7025507,0.046624467,0.15624295,0.0052572857,0.01156549,0.0015149553,0.0023624708,0.0012113629,0.0018637915,0.002640578,0.0056376187,0.0009602368,0.0019856358,0.0006825226,0.0012848381,-0.019803534002323334,0.08636298428376447,0.02431316502665122,0.07851069849262614,-0.06178889300843573,0.11313024949870654,-0.055593475149098376,0.10861245111406395,0.04205704763035771,0.026100692165752604,-0.027862449785144013,0.04773846234698484,4.701722,1.2383078,-67.21962197105198,buka
-0.00022934738,0.13889845,0.019292777,1.136328205552388,17.44987263497002,-0.93241304,0.9999955,1.9324086,0.0,-0.0052935483399778605,0.0,0.0052935483399778605,0.13889863,425.4069,0.05923739346590909,423.6304,1,0.3046794831752777,4,4.0,2780.9367561193712,1128.8261220037607,2940.1601095195374,674.8143687675565,6324.889026988636,2759.6835910584678,0.092315,0.07158655,18.862804279151074,6.0946602933813185,13.165883315838398,6.113845878207148,14.373897026931031,3.224416915966328,13.624555323322731,2.5660932732460484,13.546082234012681,2.163893695947519,13.890333141440648,1.8737056315952056,15.307577367626545,3.3603772473529805,-312.1449,75.96162,86.46029,32.68826,24.434618,16.663626,13.855637,9.971596,6.3344784,9.41596,3.5152318,8.254633,-1.2801099,7.2631693,-3.297476,4.695377,-6.6056056,7.2264867,-5.5540037,4.4442773,-5.937848,5.77768,-6.761802,7.199485,-8.343421,7.589488,0.5383988,0.27526885,0.41329935,0.21705347,0.48821947,0.2614483,0.59325457,0.3181776,0.5314549,0.33557898,0.5876867,0.34378403,0.5433679,0.30491698,0.5181995,0.30036435,0.48746583,0.29560405,0.43790558,0.25607452,0.5151128,0.29693374,0.5402077,0.2808584,35.682438,85.79133,2.3728814,7.162285,0.35894537,1.0056075,0.021250444,0.05100168,0.0061469395,0.013623047,0.0022406362,0.005837771,0.0020739764,0.005166655,0.002128833,0.0057630646,0.0020472647,0.004611671,0.0012838971,0.003469743,-0.005120325223195895,0.02799664303610456,0.008108769311086714,0.02852649605434768,0.008488232650878365,0.05845134234056634,-0.03284565973180307,0.03626498175472581,-0.008486023585672128,0.017181613161788453,-0.005890591292303357,0.016070888787836444,5.7563457,1.504016,-65.70353002586796,buka
0.008243978,0.2678132,0.07172391,0.1740775446263025,1.6557455100868914,-0.9086664,0.9999969,1.9086633,0.0,-0.08711481094360352,0.060914657078683376,0.1480294680222869,0.26794007,1583.011,0.02191716974431818,1577.5309,0,0.0,2,2.0,791.5720504297832,449.6472432715232,1384.341098314262,602.9541034183812,1318.4193004261363,1023.1605356141636,0.047657516,0.20784818,18.55619230164147,5.11395042344676,17.830731575268437,6.180100490008844,19.92969198682383,7.933515029547298,18.376195675929278,4.615093344256267,15.524972147152573,1.9877694249467983,15.908515034407385,1.4437641788354079,15.856237425648834,2.2822933874443105,-260.0095,72.17614,163.14648,47.74989,24.487602,16.386578,16.873775,7.735498,11.425078,8.880141,3.3929918,8.788959,6.9261737,7.078555,4.628445,3.8736212,0.55921555,3.7923684,-4.212988,6.269294,-3.6678376,8.105504,4.0561466,7.2915792,-5.2276487,7.1911793,0.77207315,0.298756,0.49426687,0.28270236,0.26252308,0.29604435,0.16670357,0.22979309,0.17133151,0.21851976,0.22233798,0.28619534,0.361695,0.26614138,0.63378537,0.3535736,0.30993482,0.2654175,0.21285081,0.24183707,0.26627377,0.27268943,0.49611905,0.27021495,113.48261,124.96462,19.199837,22.849907,1.1388131,1.4786714,0.10236179,0.2226342,0.0076628774,0.003475654,0.0047997558,0.0030939018,0.0009209814,0.00043878207,0.0003707691,0.00024527573,0.00015530245,8.690672e-05,0.00014941675,0.00013825904,0.0006067520414349344,0.0331168308257471,0.18385827844122932,0.23929234576701264,0.08117324401709139,0.10037300872738068,0.21847253210249926,0.20080618638701703,0.027484720253000663,0.053106181571767726,0.05708889470605017,0.07401926229961826,3.4799607,1.0163791,-8.860877228713832,buka
0.0060087014,0.21760248,0.047350835,-0.865595571733223,4.723122316007829,-0.9999975,0.8852252,1.8852227,0.007643399,-0.01867571985349059,0.04502022825181484,0.06369594810530543,0.21768542,1044.8821,0.019875266335227272,1039.8695,5,0.6530264616012573,2,2.0,1059.9193840557396,386.422167279013,1826.7722079631983,521.9210529996342,1974.9373002485795,952.8384256459474,0.02548945,0.14864762,17.843254081286513,6.256441642716201,14.822358079827147,6.969607420106415,16.467781307495443,6.750201735709005,15.889446562301417,5.451402756272063,15.45073999356743,3.851461526557515,16.385046755676825,4.353891914617328,15.992890770970563,5.030829638339211,-268.0421,96.706024,147.80138,44.917736,14.707095,10.105815,8.378443,11.005231,12.472315,7.6406784,2.7097962,13.00814,14.479334,7.9728184,2.3394778,6.751456,-0.70790076,5.4719386,1.6350788,7.1869087,-1.970066,8.864652,6.7606916,7.0062575,0.6358577,5.9556518,0.25565946,0.16670792,0.46472684,0.39741185,0.34243342,0.24832302,0.19942765,0.18253458,0.20334277,0.21697196,0.29720876,0.22725609,0.5249258,0.3675712,0.655199,0.41881338,0.7490517,0.22793362,0.48654702,0.2434383,0.23317838,0.21956776,0.207272,0.18880881,77.55602,116.416954,12.290442,18.621788,2.4417043,3.7126148,0.4961778,0.8334519,0.040601995,0.09482694,0.0093438085,0.017814681,0.0067450465,0.020207694,0.0019618592,0.005255991,0.00042803856,0.0018117556,0.0009620892,0.0024034546,0.03011945424603715,0.04946887316419826,0.010981538698929994,0.11584023944296787,-0.033471700947054976,0.16767402818469324,0.028424882753328287,0.10602541940030563,0.004586960612362142,0.03174472990078599,-0.06311727929013689,0.027910166638158988,3.3484972,0.91926485,-32.846538695810025,tutup
-0.00010050231,0.15016867,0.02255063,1.3147334743650743,8.76787831728197,-0.6395479,0.99999577,1.6395437,0.0,-0.00980500946752727,0.006861782283522189,0.01666679175104946,0.1501687,497.2416,0.04982688210227273,494.0335,3,0.23488223552703857,4,4.0,2038.818743775314,938.5109345415094,2444.56604948116,686.4853965617415,4469.118430397727,2521.8334775079043,0.044740215,0.047579724,22.441456675965068,7.640704005227829,13.346624029790744,5.828906568292008,19.38933344295017,7.366909299364005,16.598968495258884,6.701742171293148,14.482980709289672,1.8117881257115511,18.230108397250525,5.188097800000853,16.563411139668595,4.4810651681504545,-297.72177,68.28673,109.55276,33.047066,25.469238,19.416159,25.547457,11.811072,-6.876917,14.311755,-8.20628,8.955225,3.6326387,9.00571,-10.371804,9.476526,-9.326885,10.248429,-2.9573524,5.4202867,-17.681559,16.313175,-1.1586925,4.8189034,-8.96675,6.6251917,0.48712933,0.32601815,0.5130083,0.23188573,0.47048235,0.27702323,0.32556817,0.18161345,0.38450527,0.31522802,0.4707845,0.39883113,0.3461271,0.27851614,0.3062401,0.20599571,0.53290516,0.25746876,0.4974314,0.29187572,0.25142148,0.20682548,0.29205182,0.23257598,35.90877,68.24363,11.008146,22.838852,0.4051886,0.85536367,0.044077665,0.11208214,0.005195636,0.016758274,0.0016965109,0.0030101421,0.01575273,0.047213342,0.014594827,0.039559625,0.0013259077,0.003462848,0.0015915522,0.004266434,-0.05461241087539268,0.12418043083616695,-0.08408913717506161,0.14215301178238596,-0.16359178040346006,0.1683610262099534,0.04807594707447316,0.0967935375918444,0.01792060969090156,0.04126487275604591,-0.049546186357143945,0.050964002871498125,5.0498385,1.5438809,-69.88767867078397,tutup
-0.00014144815,0.14753798,0.021767456,1.9719903082768244,12.402048371727533,-0.57893103,0.99999624,1.5789273,0.0,-0.006870824145153165,0.005685013718903065,0.01255583786405623,0.14753805,479.97287,0.07098943536931818,478.12802,1,0.6566941738128662,2,2.0,2592.0221933064486,998.5502476480001,2808.7939009323045,464.9290026265742,5541.618763316761,2646.8850733005515,0.08636159,0.06768792,19.80577484483408,6.715136482083511,12.55131231974224,4.1688227055083455,15.047109471576045,2.5838233797586034,16.192956146208072,4.180028133539033,15.382913967317723,2.367600736278769,15.259271580996113,2.623832569598827,16.953088473127202,5.060598063931295,-287.8445,80.23082,92.24411,35.02375,19.357729,23.838707,7.259203,6.9696717,0.4717817,8.98711,-0.38223407,6.065789,-10.017808,5.8290725,0.9379463,14.05143,-2.690483,7.1128597,-3.3142815,5.981919,-9.3935175,8.13813,-5.1789317,5.696937,-6.0897427,4.61923,0.43957236,0.26340827,0.38657635,0.23559125,0.53006834,0.31660697,0.47748664,0.2881485,0.36123168,0.23276353,0.3486834,0.19655633,0.3523762,0.20281155,0.5056029,0.28647512,0.6763716,0.32608473,0.5100349,0.27557242,0.39538214,0.22636394,0.44022465,0.22113562,29.038664,60.927727,1.916307,4.4266744,0.57217133,1.3763771,0.066194244,0.17500307,0.011118058,0.03178452,0.008091397,0.02250799,0.0026357898,0.007070988,0.0015221966,0.0022045707,0.0036784376,0.00676416,0.003337474,0.006062314,-0.008471855770831873,0.04526335310924892,0.03962271299533136,0.03622024160115619,-0.004202458563007157,0.07022772998432346,0.0202349674337623,0.091037088812295,-0.01176400973639542,0.02546778545002367,-0.004882946795656899,0.03339141933337582,5.7714047,1.78744,-86.19430532834825,buka
0.005586484,0.2397906,0.057499535,0.46052350515498086,1.040452619547315,-0.845545,0.9999979,1.8455429,0.0,-0.11456140875816345,0.05408657714724541,0.16864798590540886,0.23985568,1268.553,0.028520063920454544,1260.0337,6,0.4331728518009186,3,3.0,939.7071554065546,483.5146350697182,1631.8699093940697,609.3032383507955,1491.4190118963068,1133.4593833188508,0.0479835,0.20778936,17.817722208136825,4.728362588078555,17.86828670557511,6.714194408745508,21.87358066095322,7.209494591579247,20.637288535120646,5.542978240786667,15.444197192264939,3.1297510780077333,16.66347999988651,2.399063035606602,19.517309151333457,5.030946975698811,-249.93668,96.63354,154.96727,43.466312,35.445553,21.122149,6.8607054,11.768098,-1.0097783,9.465831,0.9402006,9.02022,3.2152047,10.770845,-0.8094498,14.748594,-0.73903275,4.5315723,-0.2027625,6.8570814,-0.09852786,11.559833,-0.10990195,8.713478,-3.9061372,8.648485,0.5820354,0.29985958,0.7206381,0.31799284,0.37384203,0.2716511,0.2614515,0.35343,0.23722348,0.2887676,0.17591538,0.2304753,0.16619055,0.23934653,0.31669962,0.26451877,0.47606668,0.30959803,0.19776091,0.19695042,0.1688045,0.19635661,0.270589,0.25464123,81.84738,80.00943,33.497562,55.061485,3.289718,5.0597734,0.67254514,1.1998786,0.22015812,0.4716524,0.005034037,0.00907461,0.002452929,0.0044954526,0.0033405907,0.009772568,0.001494111,0.0023413075,0.0014163776,0.0019421682,-0.07705982551213585,0.1432169979269448,-0.023356359966556897,0.1849911793944446,-0.09129548047415272,0.19771903204339786,0.18472850573545463,0.09720672229187405,0.05895315942235328,0.05199454064923037,-0.019752337883057202,0.0693208669104863,3.7510056,1.1521201,-12.105991751401216,buka
6.9131915e-05,0.16184251,0.026193,1.8940196728468497,8.644985773124153,-0.60673976,0.99999183,1.6067317,0.0,-0.014989437768235803,0.00866110622882843,0.023650543997064233,0.16184253,577.5557,0.07010165127840909,573.25055,10,0.36727577447891235,3,3.0,2192.968438634167,1045.694565131594,2548.578149989643,760.8822797539866,4773.030229048295,2716.616648102535,0.04061846,0.03817285,23.389730693713624,6.470179490834866,13.196008127144689,5.9406754507773645,15.498661395610918,5.155518769381537,16.31039134187178,5.672825319275781,14.466791488584791,1.996506927786426,16.413489989605715,3.3613962423893726,16.658554183509168,3.160816960310393,-259.77478,72.58116,106.50984,36.076805,23.466423,13.562696,18.932451,12.731492,-7.206985,16.968332,-4.901076,5.817736,-3.2754412,8.092591,-12.442074,7.1038294,-7.1897855,6.236826,-4.315784,5.207676,-15.686524,14.558912,-2.8354828,4.511708,-14.551052,8.555497,0.46820536,0.24221398,0.353165,0.28747582,0.30898952,0.26174718,0.33921754,0.24809071,0.4241505,0.2882424,0.72098756,0.34695938,0.7321154,0.26427624,0.44908476,0.2258805,0.3505317,0.21828184,0.27900535,0.20667186,0.32569078,0.19535142,0.45768842,0.21194859,42.6233,72.18794,7.3581223,12.133487,0.6535248,1.0755345,0.040841613,0.0607722,0.015706964,0.048687126,0.006665219,0.020645168,0.04611894,0.19468352,0.04338561,0.17439309,0.0041304524,0.015097077,0.0015624269,0.0032599687,0.010111567199841642,0.03134889749131616,-0.014251346667862368,0.13676640963495326,0.05572297629392243,0.11008954880165303,-0.00953932618722362,0.11973493692907505,-0.03023321379849452,0.03533083921909776,-0.022878301155287786,0.021379094658452266,5.103591,1.314267,-60.52928198666328,tutup
-0.00038446882,0.13687205,0.018733958,1.20029908377196,10.991510550187796,-0.668779,0.9999947,1.6687737,0.0,-0.007464360911399126,0.00607049569953233,0.013534856610931456,0.13687259,413.08704,0.08719149502840909,409.42508,8,0.6803242564201355,5,5.0,2713.1057654086003,1101.4204854437228,2847.141391872212,568.1147575274902,5930.439897017045,2721.8247445191446,0.09860139,0.091034874,21.562799272272702,7.715924486366836,12.005749044556898,4.782204095868569,14.270904910681866,3.522284555243015,14.82507387132764,4.226357110037753,13.84709105084289,1.818738907783392,15.693536395524864,3.1954968122981886,17.16208727829584,4.765521331334338,-265.2822,91.04564,88.796875,39.276463,23.963362,16.216234,15.014835,10.778771,-6.6195755,15.824645,-8.977344,10.313007,-1.5993518,8.882791,-4.031719,10.671697,-12.355652,8.2850065,-1.7192211,8.9794655,-7.7726164,9.20167,0.05982529,10.210496,-10.973057,6.028394,0.5076651,0.22957367,0.41987613,0.1913988,0.5709462,0.3360826,0.57421666,0.3223973,0.5231448,0.33370152,0.6274619,0.3758774,0.5479919,0.30801263,0.5039885,0.31048447,0.40045807,0.2555183,0.35532674,0.19162472,0.5246471,0.18784471,0.6286051,0.2249291,22.685846,43.280567,9.239157,28.008396,1.3962077,3.0739944,0.36468095,1.132983,0.02147806,0.05488626,0.008163076,0.018098686,0.015207888,0.040906508,0.008116416,0.020871583,0.003883819,0.0073478343,0.0046553607,0.00855966,-0.016877458937133223,0.0435771622859753,0.016195341751740113,0.06364176532331152,0.0622017984701825,0.10701933956875716,-0.0290558420925998,0.0689062352332828,-0.022099038208363925,0.021822654109128044,-0.021192316907796643,0.03066682477786611,5.912418,1.5809226,-70.05954749622259,buka
0.0050971964,0.24146561,0.058305643,-0.907074114281791,3.2104647944617763,-0.9999978,0.8067261,1.8067238,0.007282766,-0.037003906443715096,0.07716823183000088,0.11417213827371597,0.2415194,1286.2123,0.02471368963068182,1279.69,7,0.2942366302013397,2,2.0,790.2172164195064,347.6828687401022,1351.798823544658,562.6745891790816,1455.6934703480113,908.3377076694286,0.047008656,0.20797056,17.371442488511477,8.118287432707616,16.99479892944041,6.192185759635327,18.96857417463975,5.424102902952043,17.88319988247105,6.166002868801101,15.477694318537425,2.228153456995763,15.774380756203465,2.255947339840581,15.670960628990592,1.8411547348516946,-250.0174,86.11953,168.11067,50.498173,23.292933,8.258771,28.799192,13.649118,-1.7709416,16.678871,8.632287,9.02227,3.0889459,5.213694,5.328967,10.083357,-1.0540367,6.5077558,-5.843607,4.359752,-2.4577544,5.8921337,2.4424026,6.818885,0.22946462,4.8340273,0.27753982,0.20289671,0.59906346,0.38476896,0.45679826,0.2495842,0.4078295,0.3380199,0.4733772,0.44614673,0.23626603,0.23920919,0.19596237,0.21894087,0.21268134,0.1957035,0.34230718,0.18803276,0.32856676,0.25328854,0.3184059,0.32467085,0.32332918,0.29963347,96.85879,117.942444,15.238983,20.544746,3.4627123,4.7254276,0.57557243,0.7166999,0.021710386,0.053114846,0.004443048,0.004931608,0.0046009426,0.01457439,0.020493101,0.086968236,0.0015298105,0.005695497,0.00013162123,0.0003147368,-0.07886392643837185,0.08540366581529947,-0.08820048976596197,0.10895176216191411,-0.08431215609677858,0.19140832210003153,-0.03369427895681468,0.15655768630859002,0.10698324327183412,0.04121398987239641,-0.016397582134231748,0.0747864240563112,3.9171736,1.1474527,-17.28958743709287,tutup
0.00038151437,0.05973531,0.0035683073,7.118970349717163,135.45093253755854,-0.56976503,0.9999952,1.5697602,0.0,0.0,0.0,0.0,0.059736528,78.68438,0.055952592329545456,77.288246,7,0.2528921365737915,3,3.0,2866.8639382207775,557.9129638431289,3103.054595442761,295.4964739265373,6818.439830433239,1193.441767159956,0.06409237,0.029753622,17.004927997636738,4.125062398265,10.476147308034161,3.0831202328968454,14.669406477091668,3.985131637037634,12.543008941533838,1.645612874003501,14.160139331270043,1.9746957035373285,14.11493917606333,1.2679646443992059,14.253241086220699,1.5281663453744991,-324.85233,67.29847,83.32177,14.706266,20.806807,10.129051,16.177015,8.261844,7.1951737,10.815004,3.3913229,7.533738,-1.6781453,5.1218667,-5.838899,7.059001,-3.5605688,4.433364,-3.5726404,4.9159284,-5.439511,7.5590973,-1.8172039,4.3830094,-6.480206,3.0387337,0.40591085,0.22778791,0.37820062,0.20880425,0.47599065,0.25092086,0.50421923,0.22437939,0.68372196,0.25596604,0.74147433,0.25132892,0.49317053,0.19037998,0.5139893,0.21390377,0.59646225,0.25170594,0.5660701,0.27067512,0.53103465,0.25695163,0.47870663,0.19115463,5.4508443,25.060982,0.9021629,4.201142,0.0704487,0.31315276,0.028507508,0.10800606,0.007918884,0.024653764,0.0035161725,0.010653677,0.006421764,0.023668671,0.019157507,0.08109208,0.0049628797,0.020086508,0.0010968093,0.0033218116,0.031400911360723864,0.021000584610486494,0.03694500169607837,0.03388322619801733,-0.07506329727105164,0.04016240209819478,-0.028927579606799213,0.03189740396344516,-0.0022361189622849414,0.01251425939896088,0.009343449470841127,0.013522114416074012,5.822235,0.5895652,-122.48366500487766,tutup
-0.0004971993,0.14355397,0.020607743,0.8868384589488133,14.4405131777233,-0.9999946,0.9683038,1.9682984,0.0,0.0,0.0,0.0,0.14355484,454.40622,0.07157759232954546,452.6069,2,0.6559785604476929,4,4.0,2983.700646459578,1131.1091284511751,2864.223077051535,568.1430784598091,6306.047474254261,2539.070239505201,0.14365341,0.09159893,18.16579728748945,7.36727003248336,11.585162468891104,4.887052834985833,14.02584217694334,3.7454095948217065,14.64430587633832,4.266444089293904,14.116258076055397,1.810060326689693,14.224914022134449,1.8397610407255378,15.951673955740837,3.5069556802379096,-303.0072,76.36577,80.91911,38.358143,15.0747385,22.744055,8.845145,5.7115335,0.0124622695,4.9076476,-0.32060134,9.658009,-4.362207,7.755716,3.4397745,7.990426,-3.1028159,8.185574,-4.8216205,5.8631735,-10.696354,7.160012,-6.6932616,6.772392,-8.774014,7.646201,0.61602783,0.2080852,0.51646316,0.24263105,0.6012701,0.31296295,0.5126668,0.2725804,0.44599885,0.22059382,0.5026732,0.21825008,0.5512822,0.23064172,0.5168409,0.2637471,0.4632348,0.23526296,0.54146343,0.23802395,0.7533363,0.22683007,0.80855656,0.16252135,31.771526,74.95944,3.1285217,7.310783,0.43004486,0.9626362,0.07538457,0.30829373,0.016098881,0.06141555,0.004014694,0.009271188,0.0028594555,0.009261506,0.0020809288,0.005940624,0.0020801842,0.0054506673,0.0017105526,0.0037632238,0.018666976628888745,0.03796908829644113,0.0411972844950327,0.03871777737326438,0.05953163471580875,0.042762025344719914,-0.014255334453827005,0.06334383317298217,-0.00633541355616312,0.017325816801637604,-0.006667713137258811,0.019871703406451953,6.614688,1.6931454,-79.22348678540219,buka
0.007655654,0.2702631,0.07304214,0.4311314783880806,1.154714044933713,-0.913388,0.9999973,1.9133854,0.0,-0.0980815514922142,0.042962308041751385,0.1410438595339656,0.2703715,1611.8715,0.0206298828125,1605.5422,0,0.0,2,2.0,851.0855449992916,521.0941787892644,1458.3516130957466,702.4877743485994,1554.0610573508523,1356.5955705826661,0.048611727,0.20766814,18.110716560500915,5.012056478211136,18.12846145435521,7.771012667329554,21.034061409779337,8.080609343943397,19.600627559723566,7.108942096938424,15.438225828532314,2.2938867594785544,16.63369939882871,1.8082757146290203,15.922455591107905,2.534137318250053,-289.04144,69.6568,157.49847,48.563465,34.964134,19.077545,17.369799,11.801749,5.5357985,9.735765,-2.755001,9.070238,3.4221656,7.096733,5.393709,4.259774,0.9636152,2.842951,-4.4048486,8.885453,-3.6253603,7.143008,-3.7188299,8.146998,-4.5427146,5.7836666,0.62496537,0.32657212,0.77311856,0.24939634,0.4727129,0.26782587,0.26773658,0.2993998,0.22924517,0.3042865,0.21654469,0.28814173,0.2326448,0.27517685,0.41266584,0.26335165,0.68699604,0.30955178,0.34451443,0.2669799,0.25705326,0.26965907,0.34286192,0.30223578,121.51055,136.77478,22.601873,26.978567,1.5668579,2.3202586,0.11947227,0.20522833,0.0028710568,0.0025010288,0.0022120937,0.0023931707,0.00054314634,0.00024565888,0.0002075659,0.00010904063,0.00023244871,0.00023424586,0.00011386836,0.000112302136,-0.07785554247315309,0.14849894651857642,-0.015822254362174975,0.12319294800434516,-0.04308146941052285,0.1969624733012006,0.16722656710242656,0.15015793137750108,0.0502527531762748,0.05931179892980545,-0.014450502909973888,0.047122132689189286,3.5016365,1.0573839,-13.018040103693934,buka
0.005152107,0.20411104,0.04166132,-0.8686837431248703,5.197390609707311,-0.999998,0.78991807,1.789916,0.0050430163,-0.021025484893471003,0.04360045678913593,0.06462594168260694,0.20417605,919.21735,0.04934969815340909,912.9508,5,0.19180965423583984,2,2.0,1329.7270255339029,988.3116382838075,1679.0950445298847,750.8245939295448,2607.4751420454545,1935.7946670470164,0.06367308,0.2082945,16.56761657599443,4.362298265809262,15.349802633170361,6.655021311073516,17.35461163096188,6.289813229916372,18.502620544923975,5.485763672690125,15.528475343795805,2.144641718747061,16.105278833200142,1.8039087227809454,15.870214080852675,2.7321347177514754,-246.73393,89.07087,137.81468,64.473114,11.768493,10.28291,25.635357,11.891779,-6.1949673,12.980826,9.577938,8.566767,5.9032426,5.4464574,5.9626813,9.142509,3.798007,6.029529,-3.6414068,6.6886997,-5.493668,7.653587,3.8880646,7.5362663,2.800986,8.2848015,0.49635038,0.22778258,0.7581688,0.28170925,0.48107198,0.23160918,0.50289005,0.35608095,0.56885344,0.41920912,0.32044032,0.23962447,0.17407157,0.16529284,0.22815499,0.19767368,0.37725708,0.24327567,0.35217312,0.30049464,0.31546485,0.2366307,0.3500455,0.2431187,72.968956,114.903984,9.418238,15.589321,3.0241356,4.9077177,0.45282134,0.65963584,0.01926773,0.032216165,0.018521814,0.052621864,0.021054763,0.06894525,0.034305457,0.10256937,0.007609665,0.023242768,0.0018701426,0.006046282,-0.03610654989044006,0.14434046279483778,-0.1416887430814037,0.14715430224354092,-0.15817922351627917,0.16261655053507532,0.03760297973216893,0.05594009251785793,0.07438669105210244,0.034612498852737664,-0.048311514303680775,0.054200499781493355,4.122215,1.513525,-34.08439943831741,tutup
-7.367451e-05,0.08612949,0.007418289,2.1157794138435677,40.110470499499606,-0.7449982,0.99999684,1.7449951,0.0,0.0,0.0,0.0,0.086129524,163.5734,0.07074529474431818,162.03197,6,0.6330131888389587,3,3.0,3249.8634430921625,1072.9383309626796,3041.963652834161,523.7702755677283,7040.378639914773,1887.2217045011753,0.12742831,0.08404758,14.826014369852556,5.3421726305211985,10.113834195877752,2.8380417492188847,13.352346287568754,3.3393758367261572,13.738890264089962,2.285485903508287,14.324588940869624,1.9333299701555433,15.680883857398829,4.147672016068355,15.484795010946094,3.1264455810187206,-334.17014,72.428505,76.74932,31.356081,16.877186,12.6852455,14.425278,12.196255,-0.8754308,10.384658,-0.9533055,6.5892773,0.8662827,8.868133,-6.4117985,6.0288687,-10.289631,15.772782,-1.1639785,6.049133,-8.074273,9.795409,-2.586173,5.535894,-8.722405,4.0639205,0.43771327,0.22160523,0.47030115,0.24904352,0.5312647,0.27956986,0.6733635,0.28688195,0.6951714,0.2269548,0.6095526,0.20046079,0.6226329,0.25388005,0.61128855,0.27368104,0.48220146,0.25129557,0.49218342,0.2427841,0.5408116,0.22545715,0.58350176,0.25878447,14.18833,51.740063,3.11781,11.346925,0.061069295,0.18675752,0.03895364,0.12618622,0.0062585007,0.01654833,0.0035674258,0.010501363,0.027972352,0.07933378,0.009718557,0.029297978,0.0005340588,0.0007876447,0.0006682745,0.0009907632,-0.007815134756781306,0.023716002467904108,0.017570162550295195,0.02652483754053538,0.0010777904906051356,0.05118801381682807,-0.0005706048316581439,0.055782319124639455,-0.0042813545003035375,0.017479845147909893,-0.015354313400827973,0.014300822107896518,6.6777883,1.0736682,-113.36271964762916,tutup
-0.00018503591,0.12992747,0.01688115,1.2947535818695781,19.253050518466974,-0.8472999,0.9999943,1.8472941,0.0,-0.007901572855189443,0.006884411675855517,0.01478598453104496,0.1299276,372.23007,0.04542125355113636,370.0867,4,0.3096582293510437,2,2.0,2103.0918991543635,545.4772830554188,2635.678447566544,519.4020320322497,4944.806463068182,1631.4176989560794,0.027295541,0.015104138,18.371177027397117,4.5730265980356934,12.092667555058807,3.6026986498528766,17.0090804764779,3.6167796244643418,14.527848571738422,2.75959665974648,14.014673656597164,1.5553890612894323,15.933390020876992,3.5380581065878043,15.041273543765579,3.5030158900884456,-304.3673,64.9103,108.25894,24.462517,18.442951,10.41223,18.353727,10.819176,-4.677315,14.077989,-3.601042,6.310837,-0.3066655,6.234761,-8.7729225,4.9570847,-8.13715,7.1690626,-5.0943804,4.4178677,-7.7678227,10.378563,-2.987892,4.3458395,-10.077247,8.084455,0.31965348,0.23833057,0.35964167,0.25929716,0.32233483,0.24841669,0.3161245,0.19928427,0.4574317,0.25503117,0.7864418,0.24467835,0.5547595,0.31486952,0.30568817,0.24426101,0.403204,0.29150623,0.48693588,0.31435785,0.38751113,0.28035858,0.25671336,0.20513706,34.543346,99.11672,4.4276133,12.448036,0.39915657,1.2709358,0.025658632,0.061301567,0.0043505556,0.01068001,0.0021875089,0.005383033,0.013920391,0.048267514,0.008306338,0.026206596,0.00072000525,0.0018723089,0.000375822,0.0007899951,0.0395247995281218,0.03781682387905105,0.016988057498694933,0.052856926139388735,-0.05314399213106851,0.04681246550219311,0.06155559285120466,0.05974347512112351,-0.005289985994605719,0.019262191488404155,-0.010798496649261873,0.02655219837468103,5.144105,0.79011387,-77.57517907499341,tutup
0.008732895,0.30778253,0.09473009,0.2508331223114334,1.1462516290696962,-0.9790805,0.999997,1.9790776,0.0,-0.09074301645159721,0.056481875479221344,0.14722489193081856,0.3079064,2090.48,0.030561967329545456,2081.0156,1,0.15276142954826355,2,2.0,1030.4415716591543,491.8999933582617,1649.6187866622945,563.8704824779016,1781.87255859375,1153.309731953571,0.0278037,0.14840488,20.560443169130373,7.018614781768903,17.617116874738738,6.693582466498507,19.780260146081876,8.077402657558185,18.995293697651473,7.171122208987041,15.536096286575974,1.9412064082174354,16.87426410134128,1.4211318070631143,18.835966704595503,4.724740749886333,-227.73593,77.6048,150.44904,40.972908,19.058702,16.792973,15.222959,7.584747,5.964348,8.636011,-7.9025784,8.22029,-2.9489105,8.134523,-0.76809555,4.806241,-2.0554888,4.0144534,2.0177267,3.8927062,-9.969636,6.411708,-4.858103,8.052916,-10.154789,6.59106,0.58618295,0.27010977,0.72545743,0.3404865,0.437164,0.25398964,0.32978022,0.3825593,0.20854554,0.24824175,0.21679948,0.24172555,0.20680763,0.2381716,0.42114323,0.29253227,0.6708855,0.2757546,0.40520164,0.31005007,0.2840246,0.28560993,0.37804472,0.3342226,158.38023,183.73396,30.380182,35.497818,4.7901363,5.7406545,0.105148934,0.14287251,0.016623605,0.006829497,0.008096584,0.0029570472,0.0027871288,0.0012329515,0.0011804283,0.0017301947,0.0005698954,0.0004885616,0.0008540411,0.00090594613,-0.12593839616953437,0.13705243380777649,-0.15269094151271081,0.18918534669371734,-0.23084949398286347,0.22899068810953657,0.11549818012016701,0.06265369090808741,0.036413541196683524,0.04452417071572068,-0.06400887450118638,0.0750408353378024,4.0160685,1.2856952,-7.521800722391854,buka
-1.5288386e-05,0.10280119,0.010568084,1.97862806292969,27.448880067909432,-0.66463345,0.9999959,1.6646293,0.0,-0.005052272928878665,0.0,0.005052272928878665,0.10280119,233.02628,0.05128062855113636,231.63335,1,0.1674482673406601,6,6.0,2615.2668501054472,1182.0003194614774,2812.471378295346,551.1776879864734,5665.679376775568,2784.7793831612107,0.11608269,0.107133776,18.602093800135535,8.123192680842612,11.543947494835098,4.622467366016253,13.74007443883745,3.4372767548901613,15.73595073909422,3.4986739387619585,13.52267638359355,1.6036462924619264,14.52989015303554,1.9642279201422082,15.249596493837226,4.029022892701209,-325.82074,62.340454,89.159454,35.441944,18.590996,18.122095,13.881565,13.353129,4.353619,12.121571,-0.5795637,7.9318485,2.5422566,7.129229,3.2549467,6.2214017,-0.68150234,8.882072,-3.6687484,5.96312,-11.643337,12.50811,-5.911017,5.331903,-9.148336,7.944015,0.5935034,0.28395808,0.51030856,0.28663638,0.55545354,0.31108704,0.55843836,0.2986553,0.51405,0.24979974,0.57855487,0.26629582,0.607786,0.24636589,0.5458566,0.23789917,0.52005243,0.2753349,0.5424405,0.24840935,0.63351434,0.22383323,0.70468867,0.26884705,18.466452,61.84992,3.5119872,12.548036,0.35409406,1.0487947,0.04378251,0.14072986,0.0023180742,0.004088671,0.0016819268,0.0028877773,0.0010504534,0.0020082018,0.00068379263,0.0010939388,0.0008383693,0.002175017,0.0020689864,0.006729138,0.006797027883404582,0.023872768229358857,-0.012856198980400213,0.04461203060135496,0.04118954637934499,0.0649589869375161,-0.06250229069370487,0.06737220793806192,-0.010024851005104448,0.016167288121984324,-0.0129382949142547,0.021515638050086685,6.0585575,1.9139329,-89.65085831721413,buka
-8.581274e-05,0.12253301,0.015014338,1.829588181323713,17.928294895887763,-0.615538,0.99999505,1.6155331,0.0,-0.005784240318462253,0.005196015234105289,0.010980255552567542,0.12253304,331.0663,0.06416459517045454,326.8753,14,0.31926172971725464,5,5.0,2762.5638996513267,802.5328560728478,2907.6752278281965,434.40174708962115,6194.466330788352,1867.5645049842844,0.07703781,0.061461717,19.051865537432263,5.742432236156684,11.312875524648613,3.9856648132724697,16.56898811362736,5.923687405429809,13.529291704980887,1.9866711405933972,14.112278136743676,2.234976213086878,16.184374178974917,3.2804215848176135,16.256438496898785,4.08624540163744,-290.1138,94.28621,83.14454,22.80915,17.532135,13.215593,22.764687,16.267756,2.3203423,11.301733,-2.052461,5.983584,1.6198837,7.8502235,-7.9476986,12.770341,-13.349076,15.773359,-1.7831215,6.9171677,-11.798272,11.459446,-1.78446,5.7573094,-8.6093235,8.364451,0.3967269,0.22557974,0.45525262,0.19044049,0.5995677,0.27824023,0.5313835,0.21920042,0.47921297,0.28341872,0.6782101,0.38909584,0.5646317,0.3111456,0.55053425,0.29107887,0.56413954,0.25516284,0.5387857,0.2463565,0.45252934,0.23204096,0.39558694,0.25032687,23.615686,55.697914,5.9852834,14.940087,0.05922441,0.1271858,0.040011495,0.074672654,0.023941148,0.069016986,0.00842957,0.018510114,0.04759312,0.11081838,0.046353444,0.119450085,0.004953854,0.01304746,0.0048440676,0.010253257,0.03911960172932495,0.054889946009650865,0.026457200548045203,0.04126162928938192,-0.06586557474326046,0.08128750329748642,-0.032239525748247934,0.09645082679946011,-0.009251390055375756,0.02871795506109373,-0.043883289940739874,0.01947309524601972,5.841835,1.2032574,-87.8527405187016,tutup
0.00048631954,0.13209137,0.01744813,0.26593832504097986,24.807294148290236,-0.9471303,0.9999876,1.9471179,0.0,-0.011514995247125626,0.011460079113021493,0.02297507436014712,0.13209227,384.73645,0.11479048295454546,381.85828,4,0.4910441040992737,7,7.0,2951.6871422604995,849.0203432458043,2987.243839038348,430.646543373008,6568.605735085227,1780.9516714926774,0.07858961,0.051813796,23.29120141310432,4.831473099425297,11.374278090281576,3.0816900376430003,14.807992445587757,3.598860792573515,13.452528120305374,2.208049372320265,13.554056948830812,1.5759807760503695,14.767450312971588,1.6256797483418826,16.906767254656728,1.9286354207515766,-237.22443,52.724754,76.09112,22.528019,23.071184,11.860661,19.008703,10.357441,2.6731136,8.163361,1.9845577,8.120159,-8.04988,10.14275,-2.3538687,7.9161177,-11.434058,5.2406163,-6.4648347,4.4746256,-10.753178,5.722751,-5.7140336,4.7634735,-8.844769,5.5363054,0.57178444,0.2831445,0.5477652,0.2748443,0.5404313,0.24939747,0.57938,0.2741391,0.5934421,0.25199667,0.69678825,0.32330945,0.46906728,0.22247817,0.53560597,0.23536624,0.6480148,0.28151873,0.51312965,0.25193295,0.5314636,0.2336553,0.522458,0.2211515,27.826448,90.52132,0.39349595,1.316419,0.09834165,0.371693,0.026830656,0.07885454,0.011543245,0.02233141,0.012966254,0.03693726,0.014087305,0.046231143,0.006694894,0.012929025,0.009437906,0.02316533,0.0074149864,0.020733437,-0.04676996117226453,0.03363979126754858,0.06190833091384014,0.05078869536966102,-0.015139955900271257,0.02816239837722588,0.01980329084802707,0.027941210799712977,-0.014621883132418488,0.01821340654847085,-0.021422104148024836,0.014618667896275578,5.8640323,1.0992357,-74.45186947890022,buka
0.004607272,0.19116846,0.03654538,-0.8878240870103268,4.825247696074142,-0.9999982,0.81328154,1.8132797,0.0062926505,-0.007437725784257054,0.025375369004905224,0.03281309478916228,0.19122398,806.2937,0.02398126775568182,801.4193,3,0.24606208503246307,2,2.0,1293.6506335557128,635.3675654060955,1838.5661965694092,735.8587321676888,2645.4029430042615,1558.15991695863,0.031862065,0.14808199,18.089706957722107,5.650677558246812,15.318542256960654,7.8676702331542625,18.144650395964035,7.087206056744751,17.128091106701174,6.497560108413671,16.92374413174106,3.285230926769889,16.110500663544904,3.4514993186236067,15.630866854877002,3.885313828460344,-284.38452,96.524216,140.19989,52.98358,5.557422,15.092405,6.6398044,12.754378,9.861485,13.564117,7.311673,5.3330374,4.043391,5.1770315,-0.16060238,8.776149,-6.032187,10.96537,1.5871674,9.515386,-2.9614942,12.83489,3.4064047,5.4948525,-0.79418355,6.1467633,0.29238158,0.21338718,0.39722833,0.16935101,0.686883,0.31543988,0.48349082,0.21756497,0.31271422,0.2644752,0.3155419,0.3018326,0.36891273,0.30878007,0.53324527,0.43927243,0.5789958,0.36537778,0.7320788,0.20020203,0.47248557,0.2499186,0.32066536,0.27506036,59.587906,78.666405,15.337787,20.910604,2.0953867,3.0916493,0.68192166,1.0267187,0.04626995,0.12144736,0.005352815,0.010634635,0.0042261113,0.013235776,0.0027792046,0.009600893,0.0007129042,0.002047326,0.0004376931,0.0011942983,0.10992440373382077,0.11961889686263692,-0.011036561260723131,0.10272830002061568,-0.10130247132937381,0.16348631921881016,-0.07899457218379516,0.11756996637090751,-0.014196901607965821,0.05523456721166937,-0.03622452240564263,0.041606413783713075,3.7593575,1.3386691,-42.15905409369327,tutup
-5.8755257e-05,0.13029343,0.016976379,1.7179468992643379,17.743079286528893,-0.69545877,0.9999946,1.6954534,0.0,-0.009108630940318108,0.008374458411708474,0.017483089352026582,0.13029344,374.32925,0.0614013671875,371.8383,1,0.5283340215682983,3,3.0,2327.134623339234,591.3358939845377,2750.624986321332,310.28444888949247,5334.361683238636,1759.114635649772,0.04246171,0.025282947,22.50226541091931,6.107780473978163,11.665673424321627,4.040014697038115,13.044890036000714,3.9568793960254096,14.090539114715636,4.00691790100427,14.425899849375275,2.799188516384409,14.358358839963929,2.5246625608104365,15.541545038566392,4.334520300711142,-273.9093,68.034195,96.86794,20.696283,10.13062,18.903032,11.825341,6.7179847,5.737215,8.740242,0.24882318,6.6337442,-5.031805,5.7601466,2.2985716,7.22477,-1.6983472,6.6742306,-1.8606349,4.7880707,-8.359631,9.623784,-3.658311,8.710872,-7.797003,4.6029825,0.5507333,0.24503481,0.5821568,0.28701994,0.5248551,0.28810662,0.4374955,0.26937574,0.39609423,0.24999209,0.4851781,0.25307277,0.5034578,0.23199916,0.45274955,0.2542427,0.5514673,0.28709355,0.66761136,0.32691133,0.675692,0.24172643,0.6620866,0.2033392,27.61736,70.24158,4.1818776,10.927258,0.77281624,2.109676,0.07402361,0.19579588,0.012980777,0.03227884,0.006419046,0.015356786,0.0031682677,0.008282244,0.0022133314,0.0056076185,0.0038293193,0.008428545,0.0041367603,0.009724941,0.02908995832606781,0.08939123913034921,0.007701486973737218,0.058201214231681536,-0.07704700986770105,0.14463487020222363,-0.049170851707459134,0.10167039286472986,0.004185104607733033,0.026996933937638964,0.0014974372673103053,0.05095392682512313,5.0248246,0.9818399,-87.897922288559,buka
0.00027064336,0.069019414,0.0047636796,0.1779852980328662,53.42664948915504,-0.84990877,0.99999785,1.8499067,0.0,0.0,0.0,0.0,0.06901995,105.04076,0.026755593039772728,104.35449,3,0.24592047929763794,2,2.0,2475.45712235295,1333.2041979383341,2523.1646148880573,778.5496225451166,5095.294189453125,3117.9187584617684,0.110663325,0.10286103,16.482757161925008,10.424833980600697,10.594447574683612,3.810879821830796,12.699993106541195,3.587292170949183,15.486507216072162,5.4843921885779725,14.417847367282421,2.3710115347548903,15.46530733125917,2.5401976733429072,14.737610379872711,2.604355403815877,-369.35846,95.37138,100.388214,55.10243,23.107552,24.426836,18.475077,16.32411,-1.7262174,6.8630233,-4.071123,8.202512,1.6766711,4.456994,1.4031894,5.6417665,-4.4575853,7.170357,-0.020246215,6.4103446,-5.2600875,6.9589705,-4.5716,7.728466,-6.886605,7.5345087,0.5400827,0.2201886,0.49898088,0.32457417,0.50949806,0.3607579,0.54586375,0.37299013,0.58666533,0.38057166,0.6265314,0.25465804,0.7414236,0.22697504,0.52076805,0.22164658,0.42490295,0.27265647,0.45107517,0.27334464,0.5794461,0.21582456,0.6564294,0.19718507,6.347202,16.39667,1.0805144,3.1619692,0.17487687,0.5582532,0.02623632,0.10598696,0.0057101715,0.019136842,0.003950266,0.013572227,0.011933819,0.04904672,0.0044185477,0.018780483,0.000563001,0.0019004957,0.00034169536,0.0010140663,-0.004204903032605851,0.020365079198245747,-0.03304708282209074,0.08845146077651712,0.026203339242121978,0.08592146985590303,-0.03771968994459007,0.07177792157541658,-0.0072131166484005246,0.02627949240785143,-0.00048486542337656933,0.01799308730070444,6.2044797,1.8862141,-82.27760725770545,tutup
-0.00050343154,0.15650733,0.024494546,1.8611734218522886,12.802922840253197,-0.6650641,0.99999595,1.66506,0.0,-0.007110781967639923,0.005976833985187113,0.013087615952827036,0.15650815,540.11035,0.07319779829545454,538.16376,1,0.15258368849754333,3,3.0,2605.871724543438,1144.6212328028762,2818.4943955412105,546.6335445195564,5501.978093927557,2699.7703416166487,0.06963778,0.059495304,19.257656823507354,6.549635555890304,12.304166277282754,4.507004936486866,15.96798895661933,4.328390860360254,16.348333887463454,4.065433058360752,14.496613152241746,1.5899949391286392,15.33818147503226,2.6152400565256895,16.069811300394434,4.132097900922506,-295.6167,76.004456,92.268234,35.17056,29.61317,20.911798,9.366932,9.499584,-4.753054,8.7978735,-1.3762714,5.526743,-7.772972,8.670933,0.33951923,14.908998,-5.947876,7.067633,-5.3285437,5.2913585,-4.8587136,6.7858763,-6.7666855,9.194095,-6.410888,3.9197736,0.2923126,0.2445352,0.24594682,0.16837877,0.48572558,0.35074732,0.5827595,0.39474162,0.39518327,0.23578718,0.36696082,0.24725722,0.29258192,0.1942534,0.46665022,0.35147446,0.32322773,0.19692166,0.27466002,0.23141113,0.3735541,0.2844967,0.40867016,0.3057862,37.933685,82.52437,2.327807,5.2253036,0.60328954,1.368503,0.04464354,0.101511374,0.003764606,0.0062872944,0.002435184,0.0041150367,0.0016544211,0.0035708877,0.0012252842,0.0017112208,0.003277135,0.0063189617,0.0022204488,0.004155987,-0.005886218637217385,0.0468794585891715,0.0042066231776312435,0.0874832116120095,0.0762477740222076,0.09963588462819575,-0.025185771328820872,0.07591600029206644,-0.027053087687123136,0.033313792632212416,-0.032865554708140794,0.022243685521227095,5.441004,1.4932437,-74.7839834209627,buka
-2.8376704e-05,0.11210764,0.012568124,1.7860940301709496,23.364563547983938,-0.6148767,0.99999565,1.6148723,0.0,-0.005017237737774849,0.0,0.005017237737774849,0.11210765,277.12717,0.070068359375,275.3289,2,0.20905131101608276,3,3.0,2817.2608612997155,926.8559076255059,2964.32463955337,594.3840974611988,6419.096790660511,2210.811863165955,0.08339889,0.05242421,19.35403655861209,6.4337797524058065,10.406426877408576,3.804264439453936,14.947972317243039,5.655404043533725,13.805981895943487,3.3432233152258903,15.137223923907412,2.0647259409875174,15.570553677081808,2.6359065993084503,15.735421172819002,2.363329834835411,-313.7615,66.43974,87.277855,29.308344,19.531435,12.147385,11.420769,11.033074,4.661789,9.3679495,1.9226857,5.093206,-6.9738507,4.0187683,-7.9283695,9.811095,-7.135585,6.579942,-3.8560216,5.30013,-10.325232,10.948188,-4.945326,4.6968246,-5.766999,4.3340144,0.360563,0.17641847,0.485467,0.20400631,0.5263135,0.23043022,0.5011416,0.25860208,0.51617587,0.27469176,0.6627585,0.33289745,0.7167703,0.324512,0.6317205,0.2365959,0.6667224,0.26490965,0.47446042,0.15575926,0.38145113,0.2240339,0.33039016,0.18288465,20.218704,61.591473,7.295698,22.457205,0.076844506,0.19662769,0.036978886,0.09720856,0.010351839,0.027532347,0.0030739284,0.008785528,0.0018703849,0.005515677,0.004746483,0.017376078,0.0010744372,0.002659394,0.00081968965,0.0020773308,-0.03533274183046513,0.03045537387004503,-0.02028015966075987,0.07559180572329983,-0.06836712576279633,0.10061295046868947,-0.01222372254018127,0.04120885895066379,-0.009560267053616494,0.021448073942759167,-0.025212494137866245,0.03090446668049873,5.994101,1.1155938,-98.83714178211635,tutup
2.3435843e-05,0.0786579,0.0061870655,-1.2570450253123233,40.91301853860859,-0.999983,0.68525875,1.6852417,0.0,-0.020577863790094852,0.020139391999691725,0.04071725578978658,0.0786579,136.4248,0.10737748579545454,134.49002,2,0.17557403445243835,5,5.0,2481.5186249362673,619.1737034146448,2733.813306805831,224.0063206328421,5379.630348899148,1498.6860866068062,0.056274593,0.036590926,24.947853345707582,4.345930712504856,10.742371560663353,2.9839162428806505,13.835045593535186,3.0890698512434764,13.815881763058625,1.9338200030306008,15.030187026650593,2.0454636505133656,15.112186016584218,1.3370619625185962,17.13317964511591,2.1760688611183827,-187.42747,28.924774,90.24915,19.47238,6.3803134,14.789876,19.794968,8.245683,5.407235,11.901243,-3.1171525,7.257403,-6.7457733,9.017588,-4.0677414,5.818742,-2.2893276,5.9167676,-6.6604915,4.8407574,-12.382168,4.3244357,-5.868463,4.462326,-7.821126,3.871046,0.6011815,0.18998364,0.5566961,0.18910617,0.6494493,0.22160819,0.557815,0.1714976,0.5902242,0.20120366,0.57909197,0.19927943,0.6803844,0.23178737,0.6509265,0.22574751,0.67694396,0.2459554,0.6790194,0.21490617,0.6865872,0.19014885,0.7375008,0.19699915,8.018288,26.851284,0.5258404,0.87292075,0.10800418,0.042836282,0.038742904,0.015670376,0.03973292,0.022912344,0.030120425,0.022355165,0.022298582,0.026244888,0.009034768,0.00926473,0.006406979,0.010929355,0.0033757018,0.004104371,0.04314778435711734,0.03366795325197615,0.016148182964372388,0.026616838469106473,0.03390341607684384,0.0347779534523573,0.026800195517187264,0.04213525656926646,-0.0151029010423832,0.023852015827739458,-0.017491781745444614,0.009385720492702993,6.136969,0.86848396,-75.23744278741202,buka
-0.0004556887,0.12746125,0.016246373,1.969537947623178,16.690126411131477,-0.69727826,0.99999654,1.6972748,0.0,0.0,0.0,0.0,0.12746207,358.23712,0.038818359375,355.17413,5,0.3318932056427002,4,4.0,2731.515258413551,936.2033742583718,2794.1419124909276,554.4526825136386,5956.377618963068,2276.0187607073926,0.10769064,0.08074608,16.69826224840127,7.519561131338979,11.442523439848532,4.940846166634943,14.838499608608977,6.43969261991589,13.907490080693197,3.50450323778487,14.15008551801767,2.311028719563016,16.65886244815317,4.250596249665028,16.460905800298708,4.590893241589771,-323.9823,107.11902,86.71258,31.110918,12.766864,13.123733,17.859682,12.3698845,-3.6165464,13.130537,-1.6046772,5.1295667,5.467384,11.810783,-9.379813,10.420364,-10.773938,13.787714,-3.4219859,6.1191077,-12.175924,17.679506,-0.98052,5.2336726,-6.1667676,7.1774945,0.5348945,0.23101138,0.51693743,0.3068639,0.49911624,0.31448436,0.48112717,0.30495188,0.5027328,0.29366878,0.65209854,0.3651107,0.6906395,0.28300717,0.6870865,0.22887917,0.55247027,0.2746932,0.4451292,0.29211906,0.4671236,0.29617146,0.5345587,0.30859143,27.869604,62.654934,8.093564,19.965631,0.20645337,0.5017584,0.1065887,0.23074321,0.010056576,0.02076898,0.0030642769,0.005358205,0.023020746,0.04889661,0.018885098,0.04905447,0.0023127238,0.0054951427,0.0023267905,0.0052530803,0.02028664216742251,0.03125198456632944,0.03871202877570003,0.052317664708678914,-0.013290701561015169,0.08309567515709258,0.053851284637030775,0.05285539157490011,-0.0019266198397985166,0.031513864458572884,-0.00346763695547863,0.022119302112254224,6.30468,1.5694867,-91.34999476557095,tutup
-4.95693e-05,0.10684008,0.011414804,2.262960490483503,25.159994866584896,-0.61525506,0.9999969,1.615252,0.0,-0.006639420636929572,0.006015743361786008,0.01265516399871558,0.1068401,251.69646,0.03615500710227273,249.65736,4,0.2092638909816742,3,3.0,2165.3117486932165,493.9157334201384,2735.3880069354527,355.28285141407827,5133.221990411932,1395.3843083318081,0.030071078,0.026997382,20.292426961093657,5.473841592310558,11.842598366529176,3.49685594729511,15.382198364984077,4.997258666589051,12.980019184250956,2.490045632339615,14.231545930408561,1.9797692476758109,15.196136815156972,2.09620063534718,14.898811471968326,3.7197911824745544,-326.72607,81.53097,100.28779,15.857452,19.864672,9.931133,19.529844,8.879966,1.7559733,15.457616,2.7538035,4.9846783,1.5518749,7.4132366,-9.410295,10.406674,-8.521283,11.559439,-4.6802106,4.471229,-6.7377014,9.762645,-1.6007453,3.7800527,-5.9600434,5.7329817,0.33739245,0.259067,0.42125472,0.2507312,0.5599778,0.29906592,0.61501575,0.27212355,0.6475632,0.34684965,0.5326989,0.31420165,0.45029366,0.32419416,0.3388933,0.23431697,0.39426133,0.23960793,0.50906235,0.28941938,0.4031951,0.2161384,0.34326512,0.24932824,18.71197,55.428284,5.674945,17.441502,0.11671304,0.36310056,0.079592936,0.2456505,0.007735567,0.019556744,0.0014927015,0.0029609012,0.0077511505,0.018696146,0.013789005,0.046641637,0.0028157122,0.009972367,0.001066434,0.0028838674,0.015998268863514006,0.06457504455979331,0.0075332449505940875,0.041260296842677104,-0.07377670616419521,0.0750373237300684,-0.023175778079101105,0.09731184607196657,0.011014025870205087,0.03581487051929857,-0.02408434260128569,0.0346299069092482,4.9355974,1.021502,-95.71012221214922,tutup
0.0069554737,0.23568282,0.055546388,-0.3565520608691062,1.4827981229282265,-0.9999975,0.7656849,1.7656825,0.010981946,-0.016263471450656652,0.052367267198860645,0.0686307386495173,0.23578542,1225.8646,0.0242919921875,1219.7782,3,0.2828073799610138,2,2.0,942.4879676785749,502.01503443863777,1407.939396260819,708.2139478368613,1871.4311079545455,1246.8785180328039,0.048801754,0.20762548,17.44200381695987,4.410232979054074,16.892072493408662,8.756752472523019,17.2971231413882,6.435522953110162,19.338268588214508,6.143414951470322,15.452079832703186,2.307986092781514,16.5910451889111,1.700542617636363,15.382437358260443,1.7005025259997513,-267.27994,78.72032,156.88312,51.619957,7.0656734,10.632931,25.74542,8.95797,-4.231798,12.488761,-2.8162374,10.27271,4.3377576,8.414337,7.725964,6.009972,5.5516834,3.9725578,-3.378412,6.3822494,1.4036723,6.369267,-0.59525496,7.994354,-1.7018296,8.230251,0.439379,0.4163666,0.51683897,0.26823968,0.77141213,0.29371223,0.48383358,0.2687418,0.2947984,0.3126153,0.2581505,0.29534024,0.30270454,0.31142068,0.27678388,0.30253926,0.28780663,0.29902756,0.33665764,0.2279262,0.30877003,0.28079203,0.4110879,0.43275982,105.4175,121.413795,14.287635,16.44696,3.127803,3.9860363,0.083422355,0.18552579,0.007986435,0.00854964,0.007905239,0.00986534,0.0041833655,0.010302986,0.0053446637,0.02181993,0.00040570713,0.0012251447,4.9282764e-05,8.1018676e-05,0.04775714160321352,0.14246502867332017,0.08542787335039621,0.08484406920414454,0.10482418952001739,0.12276148492051371,-0.13457671171900928,0.21909101046102433,-0.06095934639420699,0.055233945688208164,0.020388826082291256,0.05417230112934996,3.3435493,1.2679532,-24.390255497111315,tutup
0.006435531,0.25817803,0.06665589,0.44640054606939006,2.322593156861295,-0.8781689,0.99999756,1.8781664,0.0,-0.06459502689540386,0.03313241060823202,0.09772743750363588,0.25825822,1470.6758,0.023726029829545456,1464.0247,0,0.0,2,2.0,927.5141608994995,467.1989384425988,1554.4326539472988,648.2064255724467,1701.6124378551137,1163.6195520994747,0.026475066,0.14862305,17.51400341923755,7.012525663651667,16.375104547140403,6.917017266199235,20.769375005795446,8.127863736049814,18.812037918186473,6.768172850340277,15.438306211830936,2.905835404400542,16.407223464427453,1.913290014576535,16.100399327351383,2.6692425839720526,-272.24353,72.68706,154.45795,45.98089,28.312569,14.241766,23.265238,12.022393,4.8242083,12.952356,-2.545354,8.211021,0.59777856,12.3115425,8.278245,8.758878,-5.638081,4.235917,-3.170017,4.580971,-6.985871,6.584364,-5.638291,9.902789,-3.4670649,6.4789515,0.62705636,0.20194425,0.56074405,0.3486715,0.40514374,0.42131886,0.2752794,0.32213897,0.24593945,0.30050367,0.18548156,0.24474715,0.21142788,0.17028567,0.54556733,0.39475465,0.32225314,0.1988908,0.26313093,0.2579217,0.37313148,0.33674583,0.46757537,0.28609946,107.68709,135.74713,26.579308,35.60799,2.122892,3.0419204,0.15059732,0.25396702,0.0046033342,0.0050837914,0.0035403797,0.0031928562,0.0011951042,0.0007790901,0.00032902925,0.00019010746,0.00030906493,0.0002899508,0.00011372286,7.738219e-05,-0.05160875322722447,0.11442924661231381,0.028832115264024325,0.10975624510249406,-0.03573931190608615,0.11592799832672239,0.13437291404063023,0.20029777352526265,0.034214152778712245,0.05929576508733648,-0.018932594589635008,0.04010172298398269,3.8238814,1.0615282,-17.21262363553675,buka
0.005751953,0.26286823,0.0690997,0.42021838397849,1.6615854905691876,-0.89847666,0.99999785,1.8984745,0.0,-0.07453424297273159,0.026722217444330454,0.10125646041706204,0.26293114,1524.378,0.023393110795454544,1518.1934,0,0.0,3,3.0,1015.8363588736566,643.9101692079141,1597.3547113570057,768.3388391693956,1956.5851384943182,1672.8776788628138,0.029682856,0.14834961,19.06601834466446,6.727466477324145,17.646366242222367,7.825459173825736,20.815338533336,8.827957544059098,19.94926554988717,7.102560035299358,15.641882594313854,3.6068529084037957,16.71387638052354,3.1336250054310146,16.118673165354622,3.6991677122019797,-294.3808,70.88453,155.55495,51.737255,29.816847,17.970465,11.504536,12.3250475,3.0054572,10.787501,-3.4526641,8.188437,2.3016412,6.8203807,5.6112175,5.8111563,-3.6947992,4.182098,-9.7359,9.45842,-5.241612,7.9579525,-1.3456091,9.274937,-3.3856108,8.022442,0.5515597,0.2859594,0.72176373,0.29134536,0.50587475,0.34294814,0.31124595,0.36822817,0.23257357,0.32525277,0.20367308,0.2747899,0.13821049,0.17602876,0.28555053,0.22269578,0.52178156,0.3073121,0.23273458,0.17434937,0.20216943,0.1883739,0.34759828,0.31782594,118.784966,142.58804,20.50899,26.653584,1.7216569,2.1821475,0.19699606,0.31659093,0.0033060824,0.0042110602,0.0026523718,0.0039760363,0.00048132276,0.00020977683,0.00016448453,6.202069e-05,0.0002106951,0.0002021211,0.00012818647,0.00014151758,-0.05705550343247237,0.14750216158604673,-0.03236795956275284,0.14164410159306426,-0.04150736869566855,0.21023903842653638,0.13927978307897712,0.16630580538248457,0.03289164776088691,0.07441956567797256,-0.03827986192085187,0.0474274551329222,3.8118498,1.1880492,-19.360889851276347,buka
1.2723421e-05,0.107324496,0.011518547,2.5609935541409405,30.08095598587731,-0.6282243,0.99999607,1.6282203,0.0,0.0,0.0,0.0,0.1073245,253.984,0.05005992542613636,251.31192,4,0.700458288192749,4,4.0,2843.6107105283813,969.3787866518645,2904.8384537307647,446.6747671184023,6210.616233132102,2365.2006714553104,0.12351871,0.0892097,16.571952576571206,6.953111542341799,10.940156010962841,3.3732731872432944,13.250791828264822,3.159227319620087,13.594616512741926,3.8364347434265897,13.6779069935868,2.8931860476380984,14.179963108993855,2.386554335880833,15.941467794571453,4.855856744734029,-324.42126,81.99011,82.603165,32.53381,19.478447,23.120733,16.829142,14.471542,2.3478568,8.676764,-1.090783,7.567414,-2.6310923,5.26945,1.2594616,9.154439,-6.2874904,9.577842,-1.6183118,6.188797,-11.811492,9.040781,-4.9022436,4.602466,-6.44727,8.31573,0.6681786,0.24213885,0.61707926,0.2633414,0.58774436,0.27281648,0.6045997,0.2960041,0.5312207,0.26801583,0.57011145,0.24523325,0.61820847,0.23571615,0.64804256,0.22182953,0.6039625,0.2958546,0.5832932,0.25472644,0.63276553,0.2307029,0.72964627,0.23941123,18.020555,56.795193,3.1844926,10.390299,0.3957105,1.1944481,0.04789491,0.19351926,0.008087679,0.031103896,0.0054686703,0.01911284,0.006809846,0.025513073,0.0017025876,0.005271242,0.005042885,0.014780728,0.009663119,0.027357996,0.011389203485219145,0.0204874470316128,0.02074380556633098,0.06000568939318541,0.019109810363839543,0.062372387954322,-0.01168449836867824,0.05164135694587232,-0.008747279400806147,0.0274076181743297,-0.0012678050076249945,0.01914806253182263,6.412624,1.534067,-102.4307021940333,buka
0.00530398,0.24213223,0.05862802,-0.05287795880187027,2.68171850256153,-0.9450763,0.9999981,1.9450743,0.005116076,-0.023922658059746027,0.03383269160985947,0.057755349669605494,0.24219032,1293.368,0.024380770596590908,1286.272,0,0.0,2,2.0,1062.561505581314,716.6815050916036,1554.6368272318787,841.6837260573813,2111.477383700284,1793.3528468727343,0.0532853,0.20711675,19.29967373209228,6.035699946404225,16.717282035715005,6.910747324469123,20.0064477548047,8.620609961382424,19.34192475644349,6.268550399940872,16.459963258019542,2.6324965308319164,16.56246348462666,1.9231490617103482,16.241762992197494,4.21045466176726,-294.57492,77.19734,152.19022,57.624924,22.17949,18.26934,7.4036107,9.254034,-2.3922417,15.435755,-2.604456,7.696788,5.1556273,5.1285276,6.118036,6.750241,-5.557218,10.286224,-1.6825539,6.1554623,-7.683925,10.465108,-1.562989,10.612684,-1.8852009,6.8884635,0.4783616,0.21831037,0.43751898,0.3223288,0.32700884,0.35758024,0.25021198,0.29255158,0.3071727,0.36098376,0.2841397,0.33355042,0.40141076,0.2737113,0.83369374,0.27747962,0.41945228,0.2063362,0.23481293,0.23829076,0.29671133,0.29457617,0.42066985,0.3224409,95.2668,112.604225,31.899536,39.849895,2.1106524,2.5034385,0.25815895,0.53128004,0.007774167,0.018977342,0.0020202242,0.0018461961,0.0009584924,0.0018263807,0.0004365339,0.001133941,0.00013211399,0.00015820807,0.00013118422,0.00027515905,-0.04717919551529173,0.07457202311585429,0.1055594565741011,0.08096601393879588,-0.026515656277876453,0.06269917447327532,0.2409558568615463,0.13973420670855555,0.05871423753585225,0.04304765532715861,-0.0003261535523712403,0.021544869521024686,3.3626456,1.4011695,-26.413899716492516,tutup
-0.0002656135,0.12376089,0.015316757,1.7047488014902243,16.37254338625814,-0.7032264,0.9999948,1.7032212,0.0,-0.009798454586416483,0.008448283188045025,0.018246737774461508,0.12376117,337.73602,0.04373446377840909,335.72928,2,0.5421215891838074,4,4.0,1969.117339057749,573.9807257014368,2645.9783005115364,446.47891977391845,4718.707830255682,1917.6786648561558,0.022686368,0.017061755,20.32366163328639,5.84851293498525,13.302638668394913,4.11433922674938,14.665821338628815,3.181476748991243,14.092458652854459,2.4840369963776823,14.617237930117854,2.055522949878958,15.092219654378157,1.8281486168409402,16.232563595330223,4.025450202872688,-288.98615,76.965096,108.95173,18.153528,31.681787,19.603535,18.483885,13.955697,1.6151192,12.756217,4.6790166,11.481053,-4.66153,8.624098,-5.3941927,8.467374,-7.9588933,7.4230986,-5.4256067,4.207791,-5.027153,5.2204003,-2.868968,10.096525,-6.9228425,6.4804244,0.5434771,0.33250204,0.44373512,0.2669161,0.48722637,0.32741848,0.48195174,0.27816433,0.66712385,0.3154249,0.62775654,0.3188402,0.37785098,0.2322981,0.32084635,0.2264463,0.30980605,0.21016355,0.31883743,0.18031757,0.41813546,0.2390583,0.49367246,0.2749598,27.18353,61.15688,2.3180215,5.3539143,0.2145761,0.5037523,0.15562367,0.5859017,0.018595112,0.055174295,0.0017849621,0.0029270528,0.0017203391,0.0035096344,0.003882184,0.009613086,0.004839048,0.010792632,0.0027104917,0.0068557565,-0.0035951518891755045,0.025781174474820305,-0.012900316448145531,0.0698838512604884,0.021056666165928536,0.07010714664523376,-0.03221200567416212,0.06339322407427672,-2.7974785754211357e-06,0.031942950381255046,-0.02589005890133023,0.017989832678846913,4.9957356,1.0171989,-78.38742326858548,buka
0.0060034236,0.2662064,0.07086586,0.146495198731357,1.3802869772159339,-0.99864304,0.9999979,1.998641,0.008036412,-0.03572968579828739,0.04854681249707937,0.08427649829536676,0.26627412,1563.3871,0.025102095170454544,1556.239,0,0.0,2,2.0,922.8736168527058,507.6246401464487,1507.5439321801632,617.0513922733936,1672.2489790482955,1208.852683063578,0.0275275,0.14849068,19.687231374852658,6.357056424254319,17.29974427436857,7.965582008302465,18.47033828223799,7.033049790405334,20.253716177829524,7.994796325887208,15.423950687356948,3.1481870063987296,16.042577554206858,2.5178047690380936,16.11701225990418,3.7969662865058296,-278.65497,68.18797,156.8872,46.84346,29.823149,23.572536,13.303544,15.63011,3.2620924,11.2814045,-6.1740985,10.485565,-1.1933304,10.227954,6.0601835,6.5940833,1.137885,2.7271214,-1.2239875,6.941871,-5.1921296,7.785793,-4.891236,10.488013,-8.857902,9.627262,0.3917332,0.34877262,0.604058,0.2829891,0.757922,0.2601965,0.4323826,0.21431197,0.2964351,0.31530082,0.28858164,0.30196562,0.32663098,0.32059222,0.38249815,0.36708605,0.45723468,0.3392042,0.4770423,0.26355758,0.33293077,0.31908575,0.3017667,0.27994123,131.15245,173.4252,14.292648,23.891735,5.5120044,8.318577,0.07929628,0.21211894,0.004679067,0.0045279395,0.003083267,0.0032422873,0.0008283721,0.0007379479,0.00031191894,0.00036553177,0.00028454952,0.0004327565,0.00017545548,0.00023531151,0.1609104860942518,0.23104419480352711,0.05457702268645778,0.09147305195108539,-0.09875424445437465,0.10176362209410827,-0.1666019720406361,0.249353909876937,-0.049746702798835,0.10513083187417656,-0.048682352501518,0.03275291032239855,3.69648,1.5775307,-13.728368603885844,buka
0.005229847,0.23579782,0.055600613,-0.7341019875008509,2.167054861561968,-0.99999803,0.83294237,1.8329403,0.007147884,-0.02490692725405097,0.07496818713843822,0.0998751143924892,0.23585583,1226.5968,0.021262428977272728,1220.8036,0,0.0,2,2.0,898.7824155845199,470.747098829476,1450.0784118174502,692.1461203978695,1730.4865056818182,1206.9891720599544,0.030608034,0.15303256,18.195579750688218,5.879784842388371,17.4070715157095,8.797049757297609,19.51596343074547,7.291169765244657,19.887154078687495,7.553255322422063,16.455217340479365,3.4028739570055544,16.185882434861533,3.023956280550169,15.312550597401959,2.88520670026189,-280.1357,88.52801,162.52682,53.13443,18.768969,9.759995,20.42934,8.96092,-4.213016,13.642204,4.452199,9.792231,1.4757901,7.4529243,2.1447628,6.797969,1.998993,5.979868,-2.2158911,4.3811293,-5.8343525,9.466127,-0.006120649,8.69565,1.226617,7.807649,0.5468823,0.27345604,0.86845475,0.22724564,0.5789427,0.31876,0.3514214,0.33403552,0.20149475,0.24846639,0.13250192,0.18261446,0.0936713,0.16095416,0.13099909,0.14786252,0.25809267,0.17766313,0.22754599,0.22907977,0.29577816,0.31643596,0.3519036,0.3206305,95.00668,100.1883,14.023934,17.318115,3.8543577,4.4388876,0.44966727,0.5104243,0.024154698,0.06437602,0.0050481576,0.008028591,0.0016029143,0.0034339873,0.0012541685,0.003341848,0.0006414599,0.0023437126,8.557215e-05,0.00020652884,-0.07743633148456809,0.1954357579422876,-0.18713087191364963,0.20470022549770042,-0.17446957026946988,0.28320365755264326,0.026369299612600375,0.12683456637290166,0.044091889244623476,0.08758656983429501,-0.08497648001965984,0.06045590918676159,3.5042617,0.9495262,-20.317086991000714,tutup
0.0046644327,0.24370223,0.05939078,0.2609653754673937,1.246978791989135,-0.91770035,0.99999774,1.9176981,0.0,-0.07079385407269001,0.0423934543505311,0.11318730842322111,0.24374688,1310.0465,0.029163707386363636,1301.2421,26,0.7279614210128784,3,3.0,932.1909858676619,542.6130858102517,1513.6783077472674,743.7282608483052,1717.7623401988637,1481.6350516480993,0.04885149,0.20762633,18.114037436021313,5.003285925347952,17.20141445884889,7.279417999636583,19.984419886442723,6.54221966103746,21.646759167606238,7.182203901333395,16.7631434490212,3.029948764709418,16.861114743604343,2.5805815756697674,15.87911059276489,3.243080691644254,-264.30948,97.92726,163.26535,50.75852,30.350069,21.855543,10.2240305,18.127987,4.3162665,10.129689,-5.5567794,10.6448765,-3.8576574,10.0046215,1.9426442,11.195233,1.9397788,4.9789996,0.30883196,6.683494,-1.7317214,8.659069,-3.5555174,7.7020698,-5.813932,5.170467,0.57228,0.2928076,0.7512812,0.29077062,0.46914184,0.29328015,0.25380346,0.29398984,0.21683854,0.2895437,0.24942283,0.299337,0.28350893,0.30130112,0.36328414,0.28145805,0.5188383,0.26899326,0.26101163,0.21638343,0.25095394,0.27736625,0.3670289,0.33727577,87.519745,91.49825,26.405561,38.008488,5.9539814,11.755535,0.68141687,1.7514645,0.40638027,1.085801,0.030197138,0.07933553,0.0016262791,0.0029459617,0.00049682887,0.0009310178,0.00096901454,0.001964945,0.0007318992,0.002211006,-0.1093303124927666,0.12628486491734175,-0.0691448287399379,0.12878626804770957,-0.1283539644950496,0.19261872436594957,0.16858012931929364,0.14276318304308938,0.05388646758399402,0.062285138568828946,-0.024577155576976525,0.05418512101640807,3.8983865,1.2026951,-15.61239488654261,buka
0.006901894,0.19359927,0.037480675,-1.2299630341163847,4.579637234966352,-0.99999744,0.84275997,1.8427575,0.009925502,-0.005169799318537116,0.039993803948163986,0.0451636032667011,0.19372225,827.49927,0.023282137784090908,823.7682,1,0.21035686135292053,2,2.0,1287.0240574868903,672.8484053130412,1939.4463105289929,689.405674491711,2617.2629616477275,1813.4015440503483,0.030602943,0.14827754,19.49376859331785,6.365553926939558,15.209315950936338,6.669687491345767,18.183855614353266,6.628234774501593,19.251826803968466,5.54185651681223,16.505882059962524,2.582136982876645,16.487866205104794,2.7749104180356396,17.070172356345935,3.559840347314235,-280.1174,88.660736,134.43651,48.514366,18.822632,16.614,12.57768,13.296949,3.7788932,12.002005,-3.271369,5.48906,7.0412154,5.5843797,4.102058,10.191301,1.9470803,7.4789705,-8.013543,11.501239,-9.574441,8.367025,0.2781635,7.970101,-1.1396613,5.92983,0.46092364,0.33481455,0.6203057,0.2494392,0.76381457,0.27998766,0.5505523,0.25297457,0.33534577,0.30289498,0.2953799,0.2996898,0.3434525,0.3270726,0.45654985,0.43071547,0.5077872,0.3407184,0.58873177,0.2010522,0.31165186,0.21874239,0.24784775,0.22368672,61.78583,82.76142,9.961951,12.779586,1.4366558,1.8522968,0.2908395,0.38272974,0.009651198,0.018044718,0.004299165,0.0047961795,0.003925602,0.012432128,0.004077174,0.015179704,0.00051192346,0.0012970647,0.00059372163,0.0016503618,0.16082806206233843,0.21370549053803597,0.05785662895384682,0.09672010381502047,-0.09144592200490592,0.11972086575414384,-0.14225449434227608,0.218917611508075,-0.04712052638826867,0.08766775779774362,-0.04528045387599955,0.021346515940328104,3.3674195,1.344398,-38.735057562202414,tutup
-0.0002866623,0.12266113,0.015045752,1.7645873390282067,18.363017984673654,-0.6428421,0.99999666,1.6428387,0.0,0.0,0.0,0.0,0.12266146,331.76062,0.048883611505681816,330.22003,1,0.59306401014328,4,4.0,3114.0193162754103,1244.6408633891142,2900.282840064788,531.1853260448776,6398.297674005682,2642.2903828511808,0.15292776,0.09788624,16.76967632134917,6.270743716311658,12.067066721041302,4.631785957279961,13.52705035146041,4.013564552013825,13.868384390659592,3.7776323148687934,13.481093209169972,2.218859626984599,14.630740032142548,2.2991428861020955,15.276610820330596,3.5952476372907283,-328.83566,81.916756,75.94182,35.342678,17.489372,21.562984,11.098649,9.08589,1.6836257,8.434365,-0.50720954,8.306594,-1.3548898,8.443811,2.4779522,6.678954,-6.2124934,9.403202,1.3234582,6.9074516,-7.385195,7.3176985,-6.291273,8.104417,-6.7154803,6.477617,0.7621825,0.23901212,0.6063291,0.26171622,0.49501494,0.2547906,0.51565206,0.3436491,0.4738939,0.3131942,0.43003702,0.27510542,0.5059831,0.2847157,0.5477817,0.2806504,0.56150585,0.2968097,0.58243996,0.3188578,0.614479,0.26848212,0.7647104,0.24298957,26.4622,69.85988,1.916455,5.167839,0.28021753,0.7099216,0.015613217,0.04728435,0.0073390584,0.022541232,0.0033497547,0.010237488,0.0028000036,0.006523301,0.001335747,0.0032159737,0.0025152944,0.0047777393,0.001867758,0.0035546676,0.03312915333611069,0.03857774431473034,-0.02955451351220658,0.06697503754536521,0.06616432803936946,0.10605376830109013,0.0026112455366683134,0.07759835543346996,-0.016363608907567048,0.035342282165913654,-0.00016672508156095227,0.028634364407582387,6.566391,1.9168317,-99.62875575047592,buka
-0.00032856595,0.17003663,0.028912457,1.3443729995847953,9.45124343176505,-0.7196343,0.99999535,1.7196296,0.0,-0.00738800794351846,0.005435745581053197,0.012823753524571657,0.17003696,637.52203,0.04236949573863636,632.6144,13,0.35495680570602417,4,4.0,2193.637207699238,746.6514993430101,2618.1106161805988,588.2622964204091,4993.500865589489,2187.3245818076552,0.039515506,0.029515086,20.897722152771966,7.406828169399064,12.718917057918988,4.4385980194698895,18.372820847503757,6.406229008310398,13.86910127875949,3.715190568262709,13.952351510164222,1.9000572648618188,16.216757017052405,3.8726570871221195,16.09627245297422,4.5327019820775485,-289.85913,91.76111,101.43409,23.661253,19.361897,13.272291,26.168127,14.998453,-1.6069766,15.707982,-2.3459444,5.0039687,3.3588412,9.180337,-10.295887,7.8837094,-13.493339,12.9109335,-5.7224917,3.76063,-16.047338,15.755262,-1.745206,4.8890915,-10.722515,9.039267,0.46090612,0.2536031,0.43664265,0.1911777,0.396112,0.2488742,0.3777816,0.27252096,0.42633435,0.3071254,0.53019553,0.38135988,0.45186365,0.26618156,0.52532554,0.28769693,0.6374911,0.24681808,0.48669994,0.27633625,0.38363543,0.26903194,0.41489294,0.27777618,47.93542,94.32154,16.439888,34.750393,0.14607745,0.26566306,0.05462906,0.10255172,0.009660263,0.02248575,0.0057212617,0.011851862,0.022178732,0.05389254,0.029761355,0.07860248,0.0033353483,0.009298758,0.0028280828,0.0071894606,-0.026122502788936353,0.0433510424171076,0.04563672805850159,0.09676860696618045,-0.06791044919836295,0.0847564029047905,0.08346476888453375,0.07270580651189801,0.004379411630904266,0.027214563076239227,-0.008787501296451807,0.03686632409945908,5.2418513,1.1206405,-68.64535090305279,tutup
0.0060341973,0.2326777,0.054138914,0.29908991931037976,2.795066932335711,-0.9194393,0.9999979,1.9194372,0.0,-0.049371616914868355,0.04202899523079395,0.09140061214566231,0.23275594,1194.566,0.022105823863636364,1189.3448,0,0.0,2,2.0,1003.8428668847009,527.1815392353386,1660.2206430417189,585.9749595502254,1787.0111638849432,1313.1994010110807,0.027986066,0.14846715,19.050512497290143,5.667670131363455,16.718264107018978,7.097176190160344,19.749754574565596,8.920611902470181,19.65582912773443,5.745420483801954,15.140615452828836,1.875839606447407,15.89469222094284,1.5432020779044715,18.172214655015573,5.148175933676941,-274.4384,75.1669,151.89056,43.420834,25.354586,20.31661,12.855381,7.6971183,0.29820567,10.815053,-4.6124988,6.1407323,1.8538594,7.604229,3.0893867,5.7972016,-0.752788,3.482446,1.632401,7.398929,-3.8846064,8.588799,-3.838806,7.158751,-9.812451,11.483917,0.6753988,0.2765454,0.4106393,0.23393266,0.28039247,0.30105296,0.34024417,0.3906025,0.3134511,0.36005798,0.284246,0.35183424,0.3533474,0.23116328,0.6322559,0.34415329,0.4037841,0.311744,0.2861389,0.27541712,0.37894544,0.31369793,0.52307457,0.2817034,90.61437,122.810295,18.39145,25.813498,1.7475392,2.7886755,0.12363455,0.22989246,0.0054458063,0.0042950767,0.0018362926,0.0010018286,0.0009353189,0.0005073284,0.00047277042,0.0006967713,0.00023015929,0.0002758528,0.00056504295,0.00096255145,-0.040879227215987024,0.06918485820919781,0.07308545047130727,0.18492680317817287,0.010538337413559874,0.104202723296918,0.22311792775607558,0.18544851335534832,0.04585329948990329,0.04902729278757047,0.004932940249670021,0.06176301724706322,3.6127977,1.2566643,-18.459198907121934,buka
0.007533693,0.28276613,0.07995669,-0.46322310949551265,2.1830161988479304,-0.9999974,0.8939339,1.8939313,0.0,-0.027761085890233517,0.0486023984849453,0.07636348437517881,0.28286648,1764.2964,0.021584250710227272,1757.1022,0,0.0,2,2.0,922.5524581086236,519.7402571884506,1473.0786916147879,743.5261909922929,1836.4396528764205,1356.4061219067426,0.048839986,0.20763122,18.64870187954178,5.683878131205522,18.27643010022412,7.539886487563889,18.66561739908875,7.79360962221569,19.09136134415522,7.100137810925984,14.87748723013027,1.99493376399049,16.62033191920841,1.9469884169268121,15.638594584419627,1.844210275721437,-276.70486,77.15394,156.70247,52.21704,23.47238,14.606067,18.590343,9.19834,-5.605546,14.483809,8.051717,7.1498284,1.810356,7.573604,3.0702403,7.719155,3.9846003,5.3447757,-4.137258,10.164532,-2.2502487,6.600971,-1.8137937,9.288736,-1.7720786,5.741845,0.62077004,0.25583494,0.7701599,0.28391013,0.3795824,0.23530826,0.26701906,0.29908347,0.24533658,0.28522244,0.23262013,0.2593732,0.286619,0.32035026,0.42762154,0.32570493,0.52264905,0.28958485,0.38268167,0.36986387,0.37913695,0.3771985,0.40076104,0.35433176,144.34364,166.79088,17.616417,20.527765,2.9284003,3.6277685,0.30660656,0.48086655,0.0077098575,0.012779774,0.0022033504,0.0026133114,0.0011086124,0.0026313353,0.0030330822,0.011589289,0.0005173142,0.00072003814,6.278487e-05,5.9276532e-05,-0.13948900681651538,0.14052432117736496,-0.17851080993314825,0.20306819401143528,-0.24517552251927596,0.23826105423492774,0.08402313120578463,0.04768072796823786,0.06315494239124335,0.0663934162945125,-0.07290299965957689,0.06936991010688841,3.5104308,1.1090541,-19.121646581598707,tutup
-0.00048257888,0.10949783,0.011989774,2.5541677987186877,26.877033608782128,-0.60154843,0.9999947,1.6015432,0.0,-0.008619797183200717,0.007832934381440282,0.016452731564641,0.109498896,264.37967,0.062455610795454544,259.67868,17,0.3059813976287842,4,4.0,2395.4404963652823,581.54970254897,2778.979927435131,376.0034993262781,5553.608842329545,1417.5315971833093,0.041639257,0.029527264,20.462592516031535,6.044345953542697,10.563056189849554,2.708355135735167,15.02127567814626,4.666437948291174,13.077479541134212,2.3410545112148093,14.676010897113116,1.6407615565792486,16.294664445662768,3.9249708091828865,15.98420169920167,3.5722966290508573,-273.35733,80.25403,94.79782,16.514168,18.071905,9.080744,23.980885,15.165018,1.3430974,16.294884,-0.11146309,4.436426,-1.2128345,7.8315215,-12.967208,8.42396,-9.263394,11.196424,-4.5162754,6.447626,-13.764069,9.002261,-1.181577,6.1912622,-9.951934,7.700004,0.50661516,0.25561833,0.48890683,0.2033143,0.5613053,0.22897546,0.49149436,0.23110443,0.5215668,0.28669623,0.5510754,0.32570642,0.49134618,0.2878279,0.5348346,0.29836088,0.58090967,0.23514232,0.65156096,0.25903112,0.5425489,0.25364918,0.5475147,0.31688222,17.35061,50.412266,5.944549,17.73343,0.07606788,0.15354392,0.03494958,0.07052611,0.015296239,0.033758588,0.009176645,0.023208143,0.0498639,0.12678772,0.076487705,0.20963766,0.0070912954,0.019690357,0.0035186196,0.00836366,0.03627581966977956,0.04204939987668352,-0.01775538046757068,0.059779078377316705,-0.10463279206305787,0.06881738959736326,-0.03218212258070761,0.047766557607664406,0.0011507651717613365,0.026742609689037897,-0.026191158960996677,0.03166123934826372,5.630621,0.9527198,-93.19430405673778,tutup
0.007031002,0.20536716,0.042175673,0.05466153293633376,4.6503000713317215,-0.7587835,0.99999774,1.7587812,0.005327926,-0.01528212334960699,0.035758908838033676,0.05104103218764067,0.20548749,931.0637,0.021151455965909092,927.39154,0,0.0,2,2.0,1035.572022480433,543.375660421232,1744.5148042230028,668.02403050534,2015.5567515980113,1428.309751735306,0.050167404,0.20736821,17.642647535281387,5.770799548039258,15.003178354008805,6.541044547619625,17.02431926665831,6.101443703368575,17.62808922354848,6.568137212818541,15.041033798405959,1.7652286477682746,16.349646319383737,2.006378951725362,17.254055197624695,4.588598408266865,-294.83926,76.3124,144.63031,46.67035,29.068584,22.994772,17.706882,11.547894,7.0622816,9.86766,-2.8605006,9.06354,2.4434173,8.2776985,5.670792,7.1927853,3.046626,5.339441,2.8938408,5.9121327,-2.5622256,7.51909,-0.7269539,9.667462,-2.7662385,8.4469595,0.78980386,0.270933,0.53775734,0.2035448,0.44616213,0.3626862,0.41744998,0.3910097,0.37721494,0.35121715,0.33034846,0.31924215,0.36143243,0.2589959,0.59687483,0.30254108,0.41389218,0.2637356,0.37435427,0.33913854,0.41343784,0.28389874,0.5535414,0.25063112,65.85584,100.271866,11.606927,19.59306,1.7989955,2.8195431,0.060917318,0.15620217,0.004721166,0.00982061,0.0016255599,0.0011120682,0.00064842193,0.00036992814,0.00027622786,0.0002979613,0.00027274687,0.00042085708,0.0005737049,0.0010556919,0.03220630526712284,0.06496345759611293,0.13284621344553538,0.1921155369082536,0.15039920023727105,0.09149204377700618,0.2091540998927399,0.14092785480410547,-0.006504806651650264,0.037347318036836726,0.049898548895726,0.07315046112205371,3.5179675,1.2894144,-35.95252194128262,buka
0.0066029257,0.26753467,0.0715748,0.347818873310556,1.6765041006009112,-0.9999976,0.97785425,1.9778519,0.0,-0.07268278859555721,0.025250421836972237,0.09793321043252945,0.26761615,1579.1858,0.02191716974431818,1572.562,0,0.0,2,2.0,1014.0199784677524,590.9724659101391,1685.3575276928555,710.3230220045607,1945.3291459517045,1604.021249859385,0.027301686,0.14848235,17.442268862932654,6.9633872075532866,17.265981837348114,7.121744333491541,21.006235017429518,9.416415003395114,20.620403966877692,8.32672347706888,14.890779881648761,2.6268360850392822,17.039691431004005,2.5983776090244066,17.766904122285347,4.7050980817624035,-289.91663,71.951385,145.80165,47.88004,36.11006,23.153996,20.300514,14.584674,7.0796447,13.180155,-5.54267,9.68019,2.254507,9.009781,10.927551,6.004824,0.46693194,5.387124,-0.26352903,6.8773956,-5.7592645,8.865201,-1.7106951,9.220682,-5.578395,7.7203455,0.7508564,0.24509998,0.45762217,0.23185606,0.31240162,0.34648973,0.22672495,0.27808005,0.24125482,0.2993417,0.29657826,0.34552032,0.47749898,0.30975345,0.72691816,0.30652136,0.3569919,0.29074588,0.2649714,0.28858414,0.34198534,0.27570322,0.5851269,0.2763554,119.7956,142.77977,23.074013,27.806738,2.248102,3.077937,0.109211594,0.21633364,0.0022140762,0.0013795648,0.001946058,0.0012922896,0.00074142666,0.00060945586,0.00025324026,9.929343e-05,0.00033592855,0.00033322038,0.00039692203,0.0004527023,0.010745787062800147,0.05000990039749764,0.1613576527879082,0.16806745569577855,0.0909879899541421,0.08166815298087933,0.2165886086665769,0.21606184187525063,0.032601636402227,0.05618254418576648,0.04027312772285032,0.06331822024372329,3.6936028,0.9218453,-18.52970603001467,buka
0.00027697362,0.052366916,0.0027422938,5.050999334749785,114.8818336283259,-0.5537052,0.99999404,1.5536993,0.0,-0.012035370571538806,0.012175695737823844,0.02421106630936265,0.05236765,60.469276,0.05565296519886364,59.966255,1,0.2617356777191162,5,5.0,2315.2809470596776,451.64430727156724,2792.221102140695,240.36407194849667,5483.136541193182,1296.7028859251614,0.028275544,0.017166663,25.300850759562866,7.404671077381763,10.36999469338831,2.9907734821740966,13.664072859424722,3.466308498722781,13.948036130878034,2.0938081853872252,14.68038951034913,2.0519630745660997,14.358856489310744,1.0180046166860728,15.178973511643516,1.6756484497328734,-272.11307,37.20034,92.98743,16.115341,9.565098,11.2082205,14.721194,6.6361814,4.768573,5.432963,3.9457357,5.296936,0.4268752,4.9175096,2.809769,4.3825283,1.7866607,4.211846,-4.4144073,5.875025,-8.546594,7.896504,-2.618319,4.390805,-8.26101,3.3538992,0.6529896,0.18801805,0.72564274,0.24424261,0.6517977,0.26709422,0.512127,0.24584565,0.35997167,0.21269356,0.40188453,0.23722184,0.42793134,0.2530551,0.36072183,0.21169984,0.374508,0.15745139,0.4905507,0.15499511,0.737139,0.22319578,0.81381875,0.20096482,3.9675477,16.525492,0.53118443,2.4837425,0.17455441,0.75000864,0.017546376,0.038440526,0.0059414343,0.003418899,0.0037890724,0.002134736,0.0017056544,0.0012894308,0.001280225,0.0011700027,0.00085365365,0.0012083957,0.00078388565,0.0017718174,0.012392878256777741,0.030157378053852536,-0.027943321049937398,0.031089854106366156,0.02424147267910529,0.02558142008630669,-0.12758595166219944,0.08970341904042002,0.013970734927424816,0.025153032857787937,-0.05405599475753569,0.03466620806493635,4.4814153,0.6004998,-105.33064750830815,buka
0.010072221,0.25678053,0.06593624,-0.5448754748741438,3.111988519031004,-0.9858552,0.99999666,1.9858519,0.0,-0.023002177942544222,0.03684124257415533,0.05984342051669955,0.25697798,1456.1309,0.03429066051136364,1448.0314,3,0.24850653111934662,3,3.0,1211.6034266889128,593.7655407832069,1932.1523261217205,696.9257875560821,2381.6212047230115,1647.075044124053,0.051249806,0.20724364,17.817810335023434,5.864595460844441,15.871734476384528,7.120755830543056,18.738780015393907,6.609872789476963,19.416157127860046,6.542588104731267,15.364837429578012,1.6544848851338998,17.05565148871594,2.4026632945746824,17.49190152146022,3.3289159389081515,-249.67555,99.031075,136.31293,42.302387,28.110218,18.997955,8.614847,9.8526745,1.8955516,13.790521,-2.1394007,5.9183116,5.9312205,4.989704,4.473715,11.287922,4.362286,6.6299253,-3.0283487,8.621497,-8.760331,7.6256776,1.581939,10.368723,-1.6162082,6.9182425,0.41524723,0.311242,0.6029236,0.2750607,0.6437999,0.24749632,0.4004595,0.22349547,0.30027434,0.31489486,0.292234,0.32420862,0.30014846,0.2965431,0.3943712,0.40449673,0.508959,0.2967671,0.6852045,0.3144351,0.32510477,0.2152975,0.30520928,0.2890837,100.87217,117.15494,23.851286,28.622915,5.115877,6.738595,0.5977406,0.7830403,0.014225494,0.023422068,0.004905104,0.00476679,0.0046257214,0.014682071,0.008824903,0.03246112,0.0014924266,0.0027734097,0.001965831,0.005982394,0.06080220925600115,0.18464735760382284,0.008302527458129353,0.12061202547810587,-0.10145885747095439,0.18977842236580283,-0.022553525335917854,0.17020445645480556,-0.010215867308319955,0.06349635983051419,-0.04194732372839513,0.03568700871889045,3.7318757,1.1159354,-23.867537378950352,tutup
0.006107207,0.26581818,0.07065931,0.23039810528677487,1.1414866471625427,-0.99492806,0.9999976,1.9949257,0.0,-0.053082541562616825,0.03412085585296154,0.08720339741557837,0.26588833,1558.8601,0.029674183238636364,1550.0592,10,0.8134090304374695,5,5.0,981.1501332757615,581.8368516312937,1547.963428208606,740.6490213507756,1759.6052689985795,1321.1079142143026,0.050812658,0.20726863,17.5360601701277,5.3885790530561986,17.551025280613274,6.782392233164464,18.726846194767624,7.52136075461372,19.738008607224216,7.063338847519762,15.821407548371939,2.7756129008920145,15.607134943633064,2.4787248810433002,15.340914436919412,2.9662533755954916,-255.48224,94.42586,159.58755,50.649788,25.41609,18.294283,10.858616,14.194268,6.9002857,9.856644,-6.919518,11.445432,1.4332837,7.9658566,1.4306065,9.058344,1.3641702,3.8579392,-1.0801044,6.1223054,-3.9790802,8.814422,-1.2573448,6.52825,-6.8090177,8.428861,0.5947111,0.33740073,0.7537108,0.30360377,0.48380727,0.2685771,0.30492336,0.30651796,0.22153531,0.26734036,0.19271885,0.23159778,0.20951119,0.23031478,0.28234756,0.25141674,0.42516232,0.22836217,0.30434385,0.24979924,0.3255262,0.32293496,0.4256569,0.38964346,113.28791,126.30954,23.463509,38.665276,4.938835,6.5675235,0.5148679,1.4441131,0.29013294,0.9186789,0.030925978,0.10841977,0.0053145187,0.021896211,0.002181101,0.010052144,0.0012826539,0.0059225443,0.0011087817,0.0040244707,-0.06828558039875372,0.1484291086815585,-0.06787767247014319,0.12455664017326996,-0.11298741618256032,0.19334190508015756,0.09275311151180725,0.14757008357904838,0.04309225063428876,0.06523747676253887,-0.024130312122658558,0.041819720719485795,4.043261,1.3861605,-15.67494869787603,buka
0.005826635,0.26964456,0.07270818,0.2073634135748121,1.7752724958170063,-0.9707411,0.9999978,1.9707389,0.0,-0.06650867313146591,0.053322458639740944,0.11983113177120686,0.2697075,1603.9641,0.022505326704545456,1595.8606,0,0.0,3,3.0,857.7457815984013,542.3746086276318,1476.9858209236545,651.1690280917129,1528.857421875,1279.6618705797266,0.029461462,0.15039018,16.911166994782384,6.185827118148177,17.776399313655304,8.505276295501762,19.81371007838148,9.043387477254996,21.655557015192404,8.708758258328496,14.687330557557505,1.889122068757683,16.00110380794726,2.4218232268857935,17.053750733026177,3.726016343868807,-291.15988,62.395325,160.6542,47.938194,38.28575,23.247768,16.628231,11.812535,8.083084,10.465404,-1.7862226,11.619841,4.5978856,8.692644,8.492369,3.7912984,3.116182,3.5688426,0.562723,6.482963,-0.9410481,7.7013927,-1.2004095,10.454526,-3.9044938,8.801428,0.56724447,0.24520612,0.76559925,0.29212677,0.47255996,0.30320948,0.23562574,0.24611762,0.2065866,0.23792763,0.24247724,0.27014762,0.30017126,0.34190837,0.384025,0.2780023,0.5877333,0.24766938,0.35202464,0.2622817,0.38601646,0.36219785,0.45522785,0.3805089,123.62798,157.89455,20.117842,28.202044,7.901035,11.787677,0.049602855,0.11825483,0.0025726687,0.0021892658,0.0012039487,0.0007204259,0.00041843604,0.00017132938,0.0001659517,0.000108224114,0.0001657989,0.00014319147,0.00019351527,0.00021704807,-0.01475209402795525,0.12383108858988234,-0.1596521025410021,0.1288527869343982,-0.13739109206521413,0.2433272439684541,0.016158537007867867,0.0539957306285569,-0.004755434044924633,0.03879956453093908,-0.060416280223183745,0.05836713705452143,3.7751243,1.2378671,-13.09394900297892,buka
-0.00011448543,0.13671787,0.018691776,1.9577296222475662,17.229063516050562,-0.7062436,0.9999962,1.7062397,0.0,-0.006255031912587583,0.005187441012822092,0.011442472925409675,0.13671792,412.15396,0.07677112926136363,409.28467,3,0.47217845916748047,2,2.0,2709.494086309151,915.9154557682403,2805.961506463491,413.06064364682123,5845.775257457386,2336.7583989897366,0.111505225,0.076822914,18.686797319143782,6.480478641535013,12.54420013520728,4.1960233666988325,13.985571324125624,2.914867190758143,15.804011033498647,4.481124923569975,14.625523861990224,2.3179659461566446,14.047292793609762,2.0258389313418212,16.060112354657775,4.204177109462323,-281.14978,72.939835,86.44366,29.429,8.149881,22.316887,9.085278,5.198585,1.561865,7.178646,-4.934532,7.015392,-8.834805,4.9213176,-1.412468,5.771503,-4.584247,6.8789573,-4.517992,4.9373584,-14.654037,9.483784,-2.5197153,4.8574433,-6.1523623,8.539886,0.64086807,0.31036472,0.50345415,0.31160742,0.43287247,0.30149075,0.34125566,0.23421043,0.4275595,0.25744775,0.5014775,0.2755007,0.530772,0.31284732,0.45689395,0.28388444,0.4682702,0.3080081,0.45959806,0.17614117,0.6730829,0.19930455,0.7406363,0.27361646,33.66068,84.014244,5.168178,12.626478,0.6114064,1.4363296,0.06432328,0.22994721,0.01928118,0.06273272,0.007890398,0.019421348,0.0045198114,0.013724455,0.00266457,0.0072913794,0.0040102373,0.011488501,0.0050734393,0.011444624,-0.018346223307006197,0.07859942629035904,0.039994058598233094,0.05687009091999343,0.04100210896947129,0.10327812428631962,-0.00271459364078306,0.10402329130462591,-0.0021289721343398208,0.02563528711722044,-0.011605409492569151,0.030226190412280137,6.2879643,1.8296362,-85.0666381582688,buka
-7.082684e-05,0.14144164,0.02000574,1.064947388935564,15.809262160183966,-0.7621172,0.9999973,1.7621145,0.0,0.0,0.0,0.0,0.14144167,441.12668,0.03627707741477273,438.9062,2,0.36965107917785645,5,5.0,2826.405797823455,1196.8026032900773,2754.142790089613,612.2050321511502,5917.715731534091,2716.442389466075,0.16750783,0.13113339,17.159498656144148,8.300645707981596,11.405167693698615,4.744693881283207,13.27268978199801,3.4777837780656284,14.202452385105927,3.7413968541700005,14.301974547940194,1.7605997401570124,14.588174924991852,2.03460950136605,15.6136462986996,4.709260661133172,-342.98404,87.75263,84.29807,45.97538,10.078467,21.903866,8.997964,11.418506,-0.49080512,10.889271,-1.3890034,7.433598,-5.692989,8.554533,2.9219604,6.7094636,-4.1995606,9.886843,0.13091756,5.6455145,-8.610615,10.120451,-4.016731,5.326765,-5.5841107,7.5209093,0.6019924,0.2899759,0.54516536,0.28389692,0.56759137,0.29644534,0.58577836,0.32859427,0.5548454,0.2750518,0.56410736,0.24832079,0.56395656,0.2231922,0.566167,0.28022018,0.60652345,0.35507473,0.61864084,0.33380875,0.6469022,0.28245562,0.63954026,0.2646307,36.626686,92.93025,6.5478883,17.093191,0.5134567,1.2058961,0.033976234,0.10512705,0.004936338,0.014357971,0.002235195,0.006002049,0.0014929372,0.004670923,0.00064077694,0.0017891045,0.0012054418,0.0033548325,0.0013044912,0.003055396,-0.009827155355713317,0.0353280323378573,0.015276529204346467,0.06276314495337122,0.027410835281691373,0.09985351084533897,-0.0626826497556816,0.0813423807145603,-0.013503036926875333,0.0327397046028601,-0.008162188137331071,0.023146647337172293,6.6091156,2.1394365,-86.44697415505021,buka
0.0062179705,0.2281276,0.0520422,-0.7777966434559744,3.111067842515645,-0.99999785,0.8128723,1.8128701,0.0057938765,-0.029115605633705854,0.060105341486632824,0.08922094712033868,0.22821233,1148.383,0.02582341974431818,1142.6519,0,0.0,2,2.0,1088.114066924229,670.3532086932995,1646.4186757295085,668.3044916169913,2059.6019398082385,1432.499877364592,0.047844276,0.20258768,18.19622460128851,5.477038936094876,15.673283412646906,7.525064442639833,17.69775984838972,7.5823280680956255,19.263889059472262,5.841121459848645,14.782026724996825,2.9239169432949224,16.527134574258255,3.434472949551246,15.77053676725934,2.6150187856681217,-255.65428,83.07347,153.57922,49.325157,15.648446,18.065014,11.250283,7.11564,3.090607,12.377989,-1.5335187,9.301321,9.590008,5.538869,4.087726,10.612971,0.4384828,8.734815,7.3158846,6.456273,-5.478482,10.270815,2.1993287,7.617051,-3.5884345,7.116009,0.2812426,0.19584186,0.61644244,0.35309854,0.43176767,0.28504524,0.28887612,0.23847586,0.3819604,0.34219512,0.4442622,0.39317617,0.51282454,0.4657255,0.5110255,0.39992082,0.47311214,0.16606338,0.31364468,0.24670625,0.21251939,0.23034735,0.22476473,0.2717964,89.383675,104.4716,18.095758,22.490028,2.6059043,3.0497963,0.25338766,0.4112397,0.019161185,0.04015861,0.0034605302,0.0018702351,0.0023746463,0.004329841,0.0016670014,0.005053389,0.00028037452,0.00061487785,0.00033164967,0.00084367173,-0.08053261725101454,0.13968574519096671,-0.16069013361574064,0.1446602763655821,-0.2141385708342903,0.19466382593834816,-0.15143151881850628,0.16227121463657287,0.010960826759129938,0.058311485153765656,-0.00478702564512127,0.109048497391486,3.6543763,1.2194952,-22.435476207965422,tutup
-0.00012141458,0.04757496,0.0022633767,-1.0834854203019284,39.98309846059204,-0.9999686,0.7474193,1.7473879,0.0,-0.026031185407191515,0.026538340840488672,0.05256952624768019,0.047575112,49.907776,0.10810990767045454,42.517265,13,0.36116138100624084,4,4.0,2473.1807012842573,558.3102237437263,2732.3452693357935,240.11817023601893,5504.914439808239,1215.5960429088636,0.039655045,0.024437021,25.195385189121012,3.8490989597903345,11.32845416715343,3.1722886114652216,14.446217373179838,3.1736079478835775,12.719016222339269,1.750586690181159,14.321865756702437,2.079100596551448,15.841046657214411,2.6122156941309935,18.36228346144186,3.926221759248946,-175.39088,41.684128,91.12851,20.880297,5.131645,8.472179,18.289694,11.296926,0.73748153,8.901775,-3.631739,6.2327557,-2.6514475,7.666226,-11.18204,6.957166,-15.613614,11.30791,-7.2097163,6.60805,-11.678757,4.3041415,-2.7616153,4.048444,-11.74762,5.328751,0.37709305,0.1829408,0.43285856,0.21440914,0.50866115,0.2789089,0.47672522,0.26824066,0.47123197,0.2566439,0.60163385,0.28802675,0.49591714,0.2275097,0.54359394,0.24623579,0.6340981,0.1823956,0.6700008,0.26222098,0.57158095,0.23349819,0.49364632,0.26247877,2.4775567,1.75206,0.8205503,1.160818,0.14662133,0.23737326,0.16852929,0.33942786,0.06052315,0.08580681,0.075871944,0.25077277,0.22840999,0.9346352,0.043336608,0.14045069,0.011199475,0.02384588,0.017642079,0.037411876,0.010025284562405494,0.02623093372766502,0.02578877610735331,0.048375209852954036,-0.019277258098803277,0.045510568248615206,0.0009246012195938967,0.02672889479948364,0.00444651810319836,0.02593169123393062,-0.030775383792140208,0.014704691733346535,5.858119,0.7489053,-71.14759768893244,buka
0.0051581366,0.20566685,0.042298853,-0.3331647969541388,3.3643071437473964,-0.9999981,0.88435566,1.8843538,0.006286124,0.0,0.025121716782450676,0.025121716782450676,0.20573151,933.27625,0.017256303267045456,927.74646,0,0.0,2,2.0,1227.0646467144534,721.5001776486245,1814.948086238435,889.7794369219706,2654.9460671164775,1927.3629119043508,0.05391481,0.20705979,18.881128887683097,5.46953710731467,15.486078715658408,6.939921374294505,17.680271832524802,7.4769868943633115,18.655286411681598,7.95664482308055,14.62731309401039,2.6420772230030747,15.18321075284366,2.83718825919922,16.276093065132184,4.141703141445453,-306.3917,93.40628,143.44951,60.386158,24.4755,16.746578,5.9703107,14.95805,-0.49871054,15.404387,-1.332385,7.88882,1.609728,5.026715,3.9204333,7.442919,-0.11560399,10.3719225,0.075099036,9.542017,-7.054726,11.654865,-0.09607179,9.570802,-3.5615158,7.453553,0.51122385,0.21849163,0.73166424,0.26272786,0.51465446,0.29613233,0.40603334,0.34946984,0.38322717,0.35444,0.40663064,0.3627948,0.44679862,0.38752022,0.6091251,0.3191544,0.7647827,0.26124611,0.41115665,0.3044565,0.35966605,0.28187126,0.37710637,0.25183913,68.570625,89.48303,15.710102,21.285345,4.308237,5.960388,0.65836203,0.92048407,0.014126941,0.0404503,0.0022658112,0.0046984428,0.00096412044,0.0023045628,0.001071501,0.0034489871,0.00029324667,0.00063963555,0.00020860428,0.00042102204,-0.09986159406407089,0.15410667710472145,-0.092500275705947,0.21208334096535425,-0.14860418796624025,0.1858926892000715,0.07693911513144279,0.07797794224496335,0.038827037003550585,0.04889679534826942,-0.060787307908123506,0.06739903537295057,3.338829,1.3738853,-39.21380535560242,tutup
-9.245407e-06,0.1593902,0.025405236,1.2099493917463493,8.394994242847236,-0.71237653,0.9999959,1.7123724,0.0,-0.006835977081209421,0.0,0.006835977081209421,0.15939021,560.1855,0.05514248934659091,556.05566,6,0.29947495460510254,3,3.0,2367.4480728508174,1296.700403088172,2452.4941442187464,827.44840020357,4857.205477627841,3044.3865878028987,0.08681808,0.09192686,20.845691548116324,8.182835161948889,14.98766412971255,7.055746475095509,15.544577599039343,4.847842658352607,16.367153005262196,5.063411307973858,14.900766453567103,2.5564032088309996,16.56904116525498,4.1489788858595,16.04196315790314,4.127544275325037,-304.93948,74.053154,100.48005,44.686268,19.670399,19.889002,18.968353,11.677485,-7.2864537,15.692466,-1.9016106,8.351624,2.5422862,7.0518117,-5.8421016,8.347619,-11.2938595,9.711815,-3.8960733,4.9185348,-17.281649,13.003991,-9.911695,7.710144,-9.497462,6.8729167,0.362119,0.17340057,0.3342253,0.25282875,0.3855753,0.3289175,0.34506953,0.32341164,0.3435314,0.30789798,0.5003113,0.30892375,0.74563617,0.22380306,0.6609245,0.229352,0.48576203,0.3569767,0.38691962,0.30556607,0.38936332,0.2656731,0.43777007,0.20119976,46.116066,85.02354,10.218157,20.884056,0.34166515,0.8055109,0.04400081,0.12089971,0.008666145,0.031005476,0.008242303,0.033012867,0.05460662,0.23585996,0.027939944,0.120293245,0.0017664168,0.005955846,0.0006252138,0.0013472234,0.028334836972512132,0.08812415282680101,-0.09427347722671307,0.22324811869804137,0.1083676522513001,0.16688728964986038,-0.03137735664759884,0.1108967728689561,-0.04654467526157122,0.05962955177687218,0.006479393960696341,0.031721734351214254,5.535185,1.9558465,-61.91067324043203,tutup
-0.00014755111,0.15386288,0.023673786,1.1201081695989201,11.710465538636742,-0.8462881,0.9999963,1.8462844,0.0,0.0,0.0,0.0,0.15386295,522.00745,0.04605379971590909,518.53577,3,0.3050540089607239,4,4.0,2663.9455296060364,963.7037528477562,2721.0271717693972,712.1346686557457,5851.892644708807,2468.890273377465,0.09694912,0.06484725,18.534648736174294,6.269620927032434,12.719224944526497,5.996498821115209,14.5223101591439,4.593797221659534,14.937986087080038,5.26119587546285,13.633800824230468,2.089973867135129,16.22031032820905,4.310004635148787,15.294247488322792,3.6493828981242666,-322.84317,82.09512,91.62802,40.159355,15.422378,19.129911,21.00432,13.548245,-4.426105,14.147615,-7.51199,9.664983,-0.21350741,5.8245645,-4.131167,4.3820796,-9.920321,11.569242,-0.82127976,5.7701936,-9.330899,12.655309,-0.79588187,4.8337555,-5.9107685,7.6027203,0.51672226,0.28226942,0.538628,0.28692925,0.55908525,0.30424666,0.6117287,0.33049414,0.57608396,0.22908424,0.71628696,0.2449074,0.6618154,0.25152442,0.5320896,0.300094,0.49548805,0.28387424,0.46389827,0.26541004,0.5233681,0.24964534,0.5242644,0.26958498,46.6861,107.66775,8.179645,19.212358,0.5609385,1.304962,0.02517529,0.06044824,0.0055998196,0.019510804,0.0071759094,0.026910417,0.038507912,0.15940975,0.015335968,0.05974636,0.0008499162,0.002394412,0.0006778146,0.0018016153,0.045527155609134125,0.07355602235478532,0.04402543745065187,0.04394601957097656,-0.024419273080474046,0.08848007569101529,0.01716488824141241,0.06724958864144302,0.012175293061617149,0.033892285856816876,-0.00853401241527694,0.01812569758183518,6.1708603,1.523815,-72.82864640515366,tutup
0.0033281927,0.20145057,0.040582333,-0.5341483417156109,3.3904757344990992,-0.9999985,0.86361694,1.8636155,0.0,-0.04763274732977152,0.060708772391080856,0.10834151972085238,0.20147806,895.0847,0.03008478338068182,889.16376,0,0.0,2,2.0,880.9103046216056,302.1889667261053,1482.4375887696892,411.66226956947816,1454.714688387784,599.3193019527254,0.024970043,0.14878848,16.846937316030278,5.794178534366535,17.09895642644944,5.539982998377538,19.26976360649806,6.56914818432891,18.43536259598021,5.6747065006240485,15.364298680660806,2.5851953934206042,16.183435010142844,2.7513312051603975,15.724645316712975,3.0991185182574137,-230.66559,80.973854,171.66129,44.763885,18.788013,11.508404,9.162671,11.108199,9.576953,8.173986,-3.2591841,5.8066626,6.897049,4.536862,4.3637905,7.8194313,-7.4863477,6.321348,-4.685901,5.6640577,-9.4520035,5.877944,-1.7982144,6.289443,-3.946946,3.3182492,0.2634013,0.18690528,0.52174056,0.32602164,0.57063776,0.3018254,0.4712966,0.39301187,0.2274375,0.20151514,0.1470559,0.13002585,0.11081328,0.13295192,0.17409126,0.18022068,0.5238584,0.41384473,0.3008659,0.18478552,0.2071922,0.22706737,0.23328348,0.1782014,63.20659,74.54627,18.198046,24.561735,4.437395,5.593973,0.8659994,1.0415189,0.025373315,0.03891036,0.0064661577,0.003753552,0.002347097,0.0025569205,0.0005990435,0.0006854957,0.00022977093,0.0002477082,0.0002643066,0.00027488903,-0.13187425791214363,0.09909012966679874,-0.11932130627938621,0.1702090616829294,-0.09782441239804097,0.15509478232191778,0.07750291241840844,0.05904250527242907,-0.007686563116207004,0.035172941615639726,-0.07046391519675542,0.046131426013678666,4.17596,0.9557541,-20.1039127196259,tutup
0.007246983,0.22184087,0.049213376,0.4754856457824672,1.9335744946659768,-0.75170434,0.9999981,1.7517024,0.0,-0.055698396638035774,0.028973870910704136,0.08467226754873991,0.22195922,1086.313,0.024436257102272728,1080.6501,5,0.8415296673774719,3,3.0,1010.0581185915311,542.8891069755903,1682.8099767731017,657.9292626474071,1892.230224609375,1445.32831252842,0.02716105,0.14848207,17.052507440646004,5.475950105949091,15.114586753122957,7.361356844152472,18.989898847361243,6.846986134322517,19.19845441656773,6.265953709758152,15.35547642247579,2.2967251212865727,15.332553391369645,2.004069281988091,17.055120449234906,4.38329919074344,-277.58304,89.832016,153.17905,47.08692,32.176395,18.288715,10.7303,16.356197,3.4797828,10.858532,-0.6730316,9.088604,3.8938468,7.7336006,2.0241435,13.922401,-2.0304422,5.1392155,-1.74707,6.9318843,-6.2034607,11.325076,0.10851992,7.452584,-6.2993283,8.995006,0.6900641,0.28940707,0.7601014,0.24681011,0.48228157,0.28058714,0.32921538,0.36106765,0.2746704,0.32012922,0.1907232,0.22948878,0.23585296,0.27512506,0.3668883,0.25269,0.5119156,0.3444888,0.29208443,0.24151748,0.29547074,0.27958253,0.4453602,0.35129547,74.3838,93.29586,21.550547,38.11435,2.1480138,3.7022169,0.28566027,0.52093303,0.08480425,0.26786277,0.0035527304,0.008079001,0.0013898864,0.0033470846,0.0008605662,0.0020788973,0.00036682226,0.0007871385,0.00049513765,0.00078284915,-0.002663173498487968,0.06313349030645514,0.06204605353149986,0.14009109674683226,0.08575429420240868,0.09973821914845875,0.17056415141136788,0.18165922485573527,0.020798598794981055,0.052188415290043554,0.025004930714864995,0.047832508641575136,3.8761976,1.1197118,-25.3530151269728,buka
0.0049503697,0.23374675,0.054637544,-0.49022809175655585,2.603918729250485,-0.99999774,0.9447644,1.9447621,0.0,-0.024771682918071747,0.049513619393110275,0.07428530231118202,0.23379917,1205.2983,0.022316672585227272,1199.8817,0,0.0,3,3.0,849.0141642321682,421.73092626741044,1431.9021967776062,668.016126428919,1628.448486328125,1079.4976377419398,0.047790788,0.20781888,16.199238934154838,5.685238847411986,17.261152735864044,7.386641929469786,18.92881351443466,6.561438100869946,20.04518983856964,6.81283200444561,16.060167119027827,2.5671055164750545,15.81224952317628,1.6686061293180072,15.582879552760003,2.1214590569507306,-280.89328,81.57796,161.35042,51.713943,28.134216,12.4303665,22.045965,10.337387,-6.2455096,14.746428,7.4909916,7.1591964,2.7090476,3.5731142,4.3895054,10.475471,1.8312588,6.1322117,-1.5332538,7.0207777,-4.331467,8.341117,1.0234253,8.178928,2.646149,5.273115,0.5155711,0.2607965,0.8765524,0.23755181,0.60518223,0.24340695,0.30343363,0.28598937,0.27534866,0.2958448,0.22847761,0.22930507,0.168966,0.19650683,0.22489864,0.21312535,0.4264311,0.2110414,0.3692721,0.28999105,0.35534498,0.34491837,0.39010108,0.33114132,91.195366,110.7727,13.489056,18.4997,3.4502244,4.8489223,0.46183625,0.628487,0.008944616,0.021257011,0.0020778822,0.0029286726,0.0017375302,0.0054469956,0.0021010926,0.0076811304,0.00035485506,0.00060018006,8.0026315e-05,0.00014832048,-0.15151479650161961,0.13599745119154444,-0.13810075026925256,0.19194197323709136,-0.2212469209070237,0.1841203599271656,0.07336405798030811,0.10155090883670104,0.06371801462876901,0.05083012174307564,-0.06868468289030713,0.06922373434366337,3.6832705,1.0871514,-22.275330519557716,tutup
0.007178106,0.2705209,0.073181555,0.2982162332874181,1.5087744993390837,-0.99999756,0.9017535,1.901751,0.006584111,-0.06203031912446022,0.04657844454050064,0.10860876366496086,0.2706161,1614.7896,0.020274769176136364,1607.4921,0,0.0,3,3.0,941.8214266365463,547.8000077785036,1600.8679478884862,654.0344480159198,1779.9149946732955,1485.0208634481694,0.02744949,0.14863881,19.687933827599608,5.7112248631613305,17.296099856123945,7.013885324498243,20.154269093743768,8.963834146014925,20.407481510613117,7.941944111683789,15.408654834362743,2.7497515023735293,16.077880343312724,2.3095169296748184,17.379695968795378,5.050161274563792,-282.28397,77.832924,149.94678,47.12097,34.828926,18.371193,19.872116,14.790794,2.460605,16.39265,-4.477634,10.886869,0.67294115,8.709592,10.240938,8.778168,-1.9875411,8.304259,-1.0059276,8.454464,-4.5386486,7.930592,-5.1748705,13.675425,-7.901428,9.690408,0.5197294,0.27757555,0.68020314,0.33155674,0.41267624,0.2840995,0.3324927,0.37518817,0.2461291,0.2931855,0.22804552,0.28731158,0.2751756,0.30582255,0.52237314,0.35547435,0.6173428,0.2647081,0.3303157,0.27492857,0.35204166,0.3568324,0.37932146,0.29748225,126.06602,154.46564,22.177534,30.007866,3.6310601,4.9183083,0.2599362,0.5049687,0.004118581,0.006895859,0.0021384878,0.0016826552,0.0009455012,0.00065344665,0.00036606204,0.00060424616,0.0004294935,0.0004906739,0.00035344754,0.00035385153,-0.12768827588709303,0.16951893257776235,-0.1343317401435108,0.20938129288346302,-0.13122332075991802,0.24071009544810051,0.08569969943809203,0.1226532970713708,0.07534649714896659,0.04105037092532168,-0.06998453521571878,0.06408935400842365,3.4359002,1.1798354,-17.379436769064867,buka
0.0074607083,0.22555237,0.05087387,-1.404575707442513,4.262183086486113,-0.9999977,0.83349824,1.8334959,0.015672121,-0.010076743783429265,0.06869544461369514,0.07877218839712441,0.22567572,1122.9961,0.024380770596590908,1118.3153,0,0.0,2,2.0,870.6506790812734,381.37140763858986,1447.2478432127166,560.4962341392592,1591.0100763494318,937.4165101135296,0.04772682,0.20782518,16.52600222510176,5.899709048949383,16.6775501820027,6.5634811371698785,17.612395014660247,6.738103263478005,18.880428716999234,5.054054846394842,14.959580829640078,1.98836108699684,16.09342084992413,1.7660689497214435,14.953106181940221,2.877633891645773,-254.15454,85.17895,159.96352,45.112198,14.225994,9.923003,20.279259,8.160408,-5.7941947,10.106897,7.968436,5.831004,6.905924,5.881741,6.7434845,9.44666,3.0849688,6.084327,-2.569344,6.698592,-5.042162,6.9153423,0.30841935,3.8454154,0.91294897,4.079916,0.44877213,0.3681707,0.6263836,0.23467934,0.8001675,0.27857676,0.47112635,0.26862139,0.39447203,0.38425902,0.27979228,0.30417016,0.19269265,0.2062015,0.19776253,0.20992768,0.26515144,0.17973633,0.45497066,0.24007894,0.3656449,0.3061355,0.3558837,0.3305631,84.88488,106.11745,11.595138,17.031921,2.0310674,2.6645818,0.38375857,0.5138111,0.01780921,0.030376693,0.004479662,0.0049488875,0.0028781926,0.007320506,0.0037869385,0.013310271,0.000624363,0.0017327908,0.00010675231,0.0001550673,0.0861330831973752,0.09536378580584282,-0.026146576549970043,0.08662814847987675,-0.16253903891298613,0.13905952094329893,-0.08522411967119767,0.11936499731863912,0.01764002274742466,0.05239069426588269,-0.040289653100030944,0.051397813528529714,3.692489,1.1919914,-28.034611697623216,tutup
0.007388493,0.24141173,0.058279626,0.5486399374463955,1.6584532793408195,-0.764625,0.99999756,1.7646226,0.0,-0.08072573691606522,0.035601746290922165,0.11632748320698738,0.24152477,1286.2694,0.021928267045454544,1280.7046,4,0.3877793848514557,4,4.0,912.2077725901746,553.7295746734521,1517.3545653766776,711.5696526359219,1619.150057705966,1401.191821819974,0.026084792,0.14860582,19.344395571248196,6.789983124073844,17.825577553781084,7.254596371492807,21.04016252773287,8.450643278881815,19.834816876353372,6.263719548236701,15.229373554825509,3.0933087798293877,16.166053326406402,1.5247287376749505,15.23045602201193,2.419865398361692,-286.26614,77.664734,158.91708,50.533722,32.101418,15.986864,13.528294,16.910063,5.702808,7.9476204,-3.0078728,9.87137,4.8404956,6.800832,4.7107234,10.718808,-0.20609564,4.6500916,-3.9931953,7.335434,-3.1964102,8.625679,-2.3936014,7.871106,-8.19975,7.965508,0.79008466,0.27860078,0.48164445,0.2689386,0.30297068,0.34517536,0.2488665,0.32423,0.2459361,0.3204313,0.26202255,0.34564868,0.41610774,0.28782773,0.6620853,0.3377124,0.3254471,0.2589761,0.27854,0.2979393,0.32715753,0.28043878,0.6187129,0.2562145,94.30242,109.61139,18.533741,21.302113,1.58499,1.9611946,0.35190973,1.0544494,0.10271175,0.43822092,0.002115073,0.0020249072,0.00060227414,0.00050241075,0.00042567868,0.0010896432,0.00019805292,0.00035969922,0.0003492527,0.001117284,0.011093833888753886,0.048769898983779175,0.21776208293805766,0.19610654642588202,0.07343588828701836,0.08271339232632623,0.21519032154570902,0.22314278648551475,0.040012657117401734,0.052273933330773,0.06037647170755514,0.06496822264802736,3.6732855,1.0827013,-17.492188762087277,buka
0.0076888455,0.2541209,0.06457742,0.27867131373833576,2.04406781902005,-0.8767495,0.99999696,1.8767464,0.0,-0.03308319393545389,0.04614781774580479,0.07923101168125868,0.25423717,1425.2357,0.02594549005681818,1418.7727,1,0.8978657126426697,3,3.0,947.9904798388151,509.33829682818237,1634.2150355959138,669.4668684593745,1709.4426935369318,1231.5835896477586,0.049004056,0.20757909,16.331004343373152,5.081763606863018,15.110531924584357,6.362217613707471,18.32093457328859,6.902768661337271,17.18458340620923,6.487209497985034,15.382498424761025,2.6623551478468057,15.398482175330372,2.4493256779337766,16.336524635847862,3.668554696698254,-260.984,87.65273,153.841,49.24242,27.27577,17.720871,10.645441,18.692951,11.598975,8.824601,0.9796139,9.256129,4.394478,7.361811,2.5949626,10.656398,1.6024239,4.6228933,0.33762944,7.479601,-0.9359875,11.192142,4.6827807,7.9289246,-4.7955422,8.814061,0.5449798,0.34920067,0.68799794,0.2576292,0.67630595,0.3125333,0.46375158,0.31425002,0.35610858,0.32296145,0.2756753,0.26909313,0.3004981,0.3063818,0.3285123,0.3144669,0.45842755,0.31548584,0.5310536,0.31569108,0.3603909,0.32229638,0.39910698,0.3216661,101.02825,145.26775,20.736906,33.959743,2.3916137,3.6329055,0.4213541,0.81144845,0.10253632,0.27928194,0.0076764617,0.017911617,0.0011132438,0.0015946375,0.0005783112,0.0010118934,0.00031148735,0.0006433089,0.0006671257,0.0012535854,-0.026129270665474148,0.09232428819029367,-0.02693111074253961,0.08184895632351533,-0.10653679068623659,0.15358931909627033,0.03164558595215687,0.11363191101882497,-0.005059451869512974,0.030933070825077777,-0.007486732422628184,0.06708450598844266,3.7302773,1.2843231,-20.8282051818294,buka
-3.0524378e-05,0.11410093,0.013019023,2.5412969034046946,19.542441506397843,-0.57971543,0.99999267,1.5797081,0.0,-0.009516040328890085,0.00786663917824626,0.017382679507136345,0.11410094,287.0695,0.11360307173295454,282.63925,17,0.42193102836608887,4,4.0,2842.1324976077044,944.5070464603137,2864.915533767314,524.0512129127611,6174.401300603693,2169.575848634344,0.07307484,0.053559974,21.20801093985706,4.285741765133243,10.96842150446962,3.8847901143446184,15.27598619063067,3.9237526615088516,15.02295131228886,2.46461850095388,13.98583663227085,1.6468004102330989,16.59068665592891,3.4466402089355603,18.705972293845928,3.9353249746216914,-254.12675,65.68925,83.38972,27.043945,21.045248,17.701841,19.145266,19.444897,-8.2758875,9.931186,-0.060828146,4.633596,2.3883371,9.636024,-4.529409,7.119515,-13.719437,9.996113,-4.584921,6.4294934,-16.553392,14.905341,-0.27047384,6.293593,-10.049004,6.3800697,0.5386996,0.21712638,0.5259204,0.279408,0.40237662,0.23843394,0.49381876,0.32234603,0.48894155,0.2706872,0.5979871,0.30556676,0.6936362,0.2757498,0.47508752,0.19761536,0.33318102,0.1883658,0.35009244,0.20452882,0.49275634,0.25900948,0.50251794,0.239776,20.51841,47.80835,3.229432,7.5272727,0.16474468,0.4058761,0.053401507,0.10992041,0.017462771,0.05690961,0.020107647,0.07171914,0.061168417,0.22840986,0.06392947,0.24396427,0.0066174166,0.018569773,0.0046943976,0.009487224,0.007603920087736051,0.03334052496754133,0.006762893390104341,0.08096563971592534,0.012548067183656768,0.07121345822349606,-0.013993227685040134,0.04955085834321,-0.003959047636187701,0.02409536524673686,-0.0028176527068187953,0.018106399867111628,6.0318646,1.2848325,-94.44060232155863,tutup
0.0058458857,0.26026276,0.0677367,-0.322089130133234,2.5323082601983185,-0.9999978,0.9802551,1.980253,0.0,-0.040399699471890926,0.043744330294430256,0.08414402976632118,0.26032838,1494.3477,0.027021928267045456,1486.4634,0,0.0,3,3.0,1015.9502620502433,542.5537899437675,1542.4957680743382,710.7312223947995,1855.770596590909,1212.8524438987179,0.02712625,0.1485371,19.349389711118416,6.3790464894942005,16.30262189640521,6.970171106053989,19.941702105420774,7.219375953452697,18.65555623218608,6.839096779402849,16.741423945021406,2.9284064228559017,16.187747109349093,2.3193995430823726,16.842876727858137,3.985308172925532,-265.34454,77.14926,160.69081,55.78747,17.930382,19.4956,3.748223,11.748583,2.8669233,18.932058,2.5668578,9.175633,3.1232855,7.3429356,7.2658787,8.7680025,-7.616705,12.355835,-2.2362287,6.045977,-7.1342225,11.205552,1.9146014,8.517234,-5.310282,8.441377,0.47273767,0.17657694,0.8069816,0.30297315,0.51808566,0.3077423,0.35275966,0.3335501,0.27110347,0.30577585,0.18955222,0.21678084,0.25808212,0.23869368,0.46697184,0.30251265,0.596826,0.31729642,0.27543166,0.18591997,0.20851062,0.20166622,0.27746046,0.18521169,110.15583,121.996544,28.226229,32.69011,4.130017,4.725113,0.5306145,0.6573683,0.014207143,0.015445273,0.003930743,0.0036200199,0.0011769575,0.001698893,0.000495658,0.0010112624,0.0002397294,0.00019005705,0.00019090125,0.00017401093,-0.07370549144097366,0.07329994496468656,-0.09041415590107728,0.17267349798607146,-0.1354067409411077,0.22143082164779612,0.08612052674024247,0.09585894410025592,0.04191658313815086,0.03182872047266381,-0.05681193606472911,0.06724103437956666,3.7200174,0.9943279,-19.59617590399869,tutup
0.005583972,0.24710886,0.061062787,0.07393352250655083,2.886229428021978,-0.847708,0.999998,1.847706,0.006269588,-0.019876751583069563,0.03600645810365677,0.05588320968672633,0.24717194,1347.122,0.0234375,1340.1736,0,0.0,2,2.0,957.4921193126469,549.563006987643,1519.535771766492,784.6128732725952,1849.163818359375,1351.233111650904,0.049167156,0.20757799,18.200874219005584,5.648659635659535,15.36505603572299,5.62321115208311,17.252653216891233,6.133715611450051,18.41280033098836,7.054624539898718,15.243190071498816,1.6927823947266734,17.204658764328233,2.219994632184065,16.09013374898092,2.666207656576883,-283.5317,81.583626,160.53978,61.497204,24.287395,19.967997,10.954682,6.35622,0.931062,15.409391,0.016083956,13.590146,6.861446,9.278745,4.8463244,6.81218,-2.9920387,9.922439,3.5681725,6.9231167,-5.7447705,10.625516,2.0656705,11.026959,0.747653,6.629301,0.47682163,0.20857884,0.3562888,0.28845268,0.31688663,0.3196857,0.2652324,0.26097265,0.25650588,0.27244335,0.29711202,0.27036306,0.6303294,0.27544254,0.82411957,0.24005005,0.5542802,0.41018128,0.47611046,0.4039194,0.43556002,0.32839662,0.52054304,0.28070292,96.91081,118.081024,28.731728,36.89508,3.0042925,4.2446165,0.174998,0.29285926,0.0065206815,0.009569416,0.0015885639,0.0014941711,0.0015344056,0.00388619,0.00083758426,0.002652735,0.00017244495,0.00034547463,0.00014314867,0.00033687454,0.08221721481802995,0.047056541097312644,0.11764022813550773,0.18141361844616594,0.04348429995165587,0.14293135075163835,0.17895012084309975,0.1426857556152215,0.01712363935901295,0.05150588606058906,0.04470816813409337,0.033808015054532764,3.4016562,1.1038792,-24.589939015890202,tutup
0.009194117,0.29894012,0.08936519,0.1999486370800156,1.7942877008726228,-0.9999967,0.9666791,1.9666758,0.0,-0.07167918048799038,0.05734782572835684,0.12902700621634722,0.29908144,1972.3662,0.020263671875,1964.9807,0,0.0,2,2.0,859.4638832127434,549.1276511713622,1446.363951068039,696.4364303628433,1564.0935724431818,1285.2994858119303,0.048766397,0.20766619,20.049738622851223,6.276897531056873,17.106219908767937,6.084670432470157,19.56693053370603,7.324428055340793,19.555146483242524,7.306323883196446,16.03252489225151,2.5168228122557044,16.43779247408905,1.5406084086803868,15.600228160782159,2.4970580556503417,-272.8293,69.18698,155.82164,51.383892,26.003075,18.661806,20.886936,12.006099,12.29346,9.922675,-0.21415693,7.245744,9.250838,7.3664293,8.39783,6.0173965,2.562509,4.259067,-2.138465,8.688764,-1.8170578,9.807572,2.9914207,9.80588,-4.295339,7.667139,0.63290644,0.3700592,0.41039142,0.23404029,0.23759128,0.27449378,0.20576969,0.27644113,0.22396216,0.25361985,0.3190029,0.38327956,0.3599192,0.2817587,0.6401338,0.32348257,0.4236347,0.28169316,0.248741,0.25798878,0.30062926,0.25658563,0.40005606,0.2672669,141.32655,169.96165,22.574587,30.433834,3.651132,4.849862,0.20416795,0.36363333,0.0048810155,0.0033624426,0.004149481,0.0029327988,0.0010461219,0.00047379697,0.00032438117,0.00016318426,0.00013385156,7.27376e-05,0.00013668866,0.00017197305,0.05084145868764067,0.08485019250729016,0.13244629141492895,0.2410160608542151,0.17017404061996091,0.10956684161197602,0.1271792802832679,0.19842720829256913,0.01239276391568997,0.04519739437796796,0.06563304058826452,0.08284317388088903,3.3230643,1.0346452,-10.378670475456284,buka
-0.00012461968,0.024649153,0.00060758076,4.478090405475125,327.5468419525803,-0.67659897,0.9999886,1.6765876,0.0,-0.008916112594306469,0.00850350153632462,0.01741961413063109,0.02464947,13.397498,0.06508567116477272,11.149064,7,0.4014396369457245,1,1.0,2379.128673731921,207.91504501405308,2835.8140204124343,218.79484590174644,5551.895973899148,665.9050021406573,0.03590749,0.012749441,21.69088854900411,5.960619302520626,10.550693978750356,2.6464887944144913,15.525372579351453,3.3841540228976825,13.232483284632485,2.2483118160545343,13.552793021071373,1.5051968853668598,14.90208997140707,1.682119957568511,14.55448870889611,1.5915483185095691,-284.79407,43.07339,94.332405,6.8031383,11.715994,8.523143,22.646086,8.65521,5.0515523,7.4486036,-11.73265,6.16989,-7.301961,3.9143116,-12.28919,3.6917403,-9.188976,5.20787,-8.947424,8.205286,-6.6633773,3.12151,-3.6137605,2.937005,-7.74651,3.773215,0.3964825,0.22269072,0.38662502,0.14507474,0.50093216,0.21714146,0.61195964,0.21878539,0.51598144,0.21699803,0.5777521,0.25563234,0.4999051,0.21212639,0.6029243,0.22424062,0.62097293,0.24320789,0.69362265,0.28522396,0.5109624,0.27422634,0.36493596,0.18275575,0.36123288,0.65517586,0.3658886,1.4441034,0.041053355,0.157934,0.010718111,0.03506967,0.009546542,0.03533537,0.022405032,0.102113776,0.110588185,0.5573235,0.017964827,0.08891094,0.000776626,0.0027672923,0.000641988,0.0021385758,0.03376823120153115,0.025089139862993614,0.05425456598718689,0.0369793496889987,0.002537357790225811,0.027570700813010614,-0.019616181030870063,0.05483958631312691,-0.01734039513406673,0.01913516127222275,-0.01870506239885629,0.016597056603794666,5.716023,0.4866346,-112.67348924960346,tutup
0.0062097935,0.25485557,0.06495137,0.2376895901542843,2.3385488018221796,-0.9472601,0.9999978,1.9472579,0.007857681,-0.030981444753706455,0.03927825856953859,0.07025970332324505,0.25493124,1433.0281,0.018310546875,1426.7113,0,0.0,3,3.0,965.0244965339676,535.7853516809187,1662.0485543017892,666.3720423234113,1846.7168634588068,1444.5540796404114,0.026646292,0.14856717,18.899526201892964,5.493905367947753,16.62628476443388,7.691212873340145,18.233093888769112,8.542450654761177,20.21916330602514,7.400209624122365,14.816958999553083,3.1074791662573524,15.203809661649636,2.701918490755959,16.92288372388487,5.074979536529925,-296.28885,71.24751,151.9529,48.866924,35.585392,19.893816,13.913208,12.247545,3.56266,8.476426,-5.902267,12.500469,6.4438934,8.108105,5.2474766,4.1762185,3.885677,4.389174,4.8171177,6.1750135,-3.7189462,9.833498,1.3235599,6.744681,-9.442642,13.212885,0.6221571,0.2903774,0.7101249,0.2816813,0.5157432,0.36086586,0.42122984,0.40033644,0.32086974,0.31081173,0.2439951,0.22566691,0.34783503,0.29752207,0.60119545,0.31636813,0.6123195,0.27148795,0.30424353,0.2529991,0.30001834,0.26575345,0.38264206,0.28642946,109.3737,158.4478,18.387108,28.70839,3.8594038,6.62283,0.12873372,0.30507958,0.0030084006,0.0035071347,0.0012096922,0.0011034148,0.0004945122,0.00033635678,0.0002607484,0.0003318634,9.291463e-05,9.0567206e-05,0.00035723552,0.00047159786,-0.09148274160213986,0.12081733598816408,-0.04032337267146657,0.17217994529945185,-0.03841156746387865,0.20896413624965085,0.11541818676050722,0.15143515597230578,0.049322082525850394,0.05563713544987875,-0.04508076806087042,0.050731655944850525,3.3676674,1.0434531,-23.175591943271993,buka
-5.2257783e-05,0.1512367,0.02287254,0.9014143801618455,9.938258652829136,-0.86574376,0.99999535,1.8657391,0.0,-0.012342598522081971,0.010355529841035604,0.022698128363117576,0.15123671,504.33957,0.04224742542613636,501.4788,6,0.2342020869255066,4,4.0,1842.893857248015,788.7553221610439,2435.7988537953693,757.2498303254745,4317.651922052557,2310.91626924159,0.01640106,0.01569446,22.16985830380308,5.949620217370845,15.152309027356518,4.879399742107572,15.106384360503652,4.393316881024932,14.14453708084301,3.400928889344951,14.200506635351418,1.6233114061077503,16.081989982133482,3.2116164826575795,15.827898587182107,3.2924163269196476,-306.2191,69.63637,113.740944,34.99326,26.733002,14.838127,26.467628,10.563453,1.0359912,16.460884,-3.6806123,7.5149393,0.531156,7.040708,-7.554251,6.4073505,-9.2694845,9.546952,-5.8152766,5.8815594,-13.537263,12.658515,-6.123447,4.8301253,-14.155249,6.1230025,0.3612499,0.2825445,0.14323989,0.15420656,0.14128882,0.1644222,0.21005769,0.1990836,0.48746595,0.37230107,0.4825902,0.30401763,0.25470993,0.2422442,0.21427193,0.21699414,0.26993152,0.27007225,0.35569465,0.30157948,0.40576306,0.25432187,0.5379586,0.4078257,46.111977,98.01307,6.707231,15.495697,0.25390297,0.6525506,0.030582864,0.1007108,0.003952716,0.01087887,0.0042577004,0.014178618,0.017438326,0.064135574,0.0116031375,0.043561153,0.0012668245,0.0045843935,0.00057768583,0.0016113906,0.06885591307240554,0.11414220619339813,-0.002172936824324853,0.05571487954527178,-0.0566641969860282,0.15291661570467807,0.015173717782916617,0.07800654966690425,-0.012203994676343366,0.057883563532269804,-0.01120903209613803,0.027832203247228883,4.054267,1.030879,-56.715765526274836,tutup
0.005024851,0.2339836,0.05474833,-0.6399968980331717,3.5954435258884354,-0.9999981,0.9214541,1.9214522,0.0,-0.028008698485791683,0.04922036547213793,0.07722906395792961,0.23403756,1207.7574,0.026844371448863636,1201.87,0,0.0,2,2.0,846.190622145346,350.21847811396685,1437.3435297526332,587.0729194617088,1580.9775612571023,905.8758906827667,0.04740521,0.20788717,17.069823303335184,5.733004462394588,16.549043296559095,7.619932070402326,18.80260971480304,6.533445763925519,18.254061206873324,5.975334308590528,15.422567738096491,2.5414395510105274,16.285002961199933,2.512179826383186,15.292005764373743,2.0941038985932376,-261.22797,82.01173,161.42166,46.77566,22.262953,7.5677304,22.561836,11.075214,-2.6283453,14.0151615,5.6091805,6.8173437,0.38240054,3.3615947,0.34521815,8.947933,-4.236412,6.798129,-7.156523,9.627008,-5.037331,9.083426,-1.5342231,4.89853,-1.6102796,4.1246223,0.4714365,0.25795543,0.73289263,0.28634408,0.58863944,0.2853273,0.41650674,0.35665625,0.30271757,0.3224719,0.21543065,0.23421618,0.20122577,0.22420996,0.26171958,0.22604553,0.49917096,0.2561443,0.41352856,0.2943548,0.3874111,0.37193543,0.39669132,0.35334715,94.07928,121.177666,17.82528,26.270714,2.3777685,3.3259702,0.5640414,0.74378383,0.021060115,0.053494673,0.0036730238,0.0033536956,0.002204681,0.0057072737,0.0025994973,0.009013213,0.00045067945,0.0008147805,9.7623975e-05,0.00012502242,-0.00993494224320534,0.07787074206712552,-0.09708355441878264,0.11364109925564855,-0.12629058906300542,0.18689291013966564,-0.037532971367578966,0.08102209207510847,0.017284845592534973,0.03453410990907762,-0.04760558650278571,0.05193040193961959,3.9075186,1.1445248,-23.790151993904935,tutup
6.2944535e-05,0.16066739,0.025814012,0.692882678239386,6.762995958229407,-0.677039,0.99999607,1.6770351,0.0,-0.010366704780608416,0.009968567406758666,0.02033527218736708,0.1606674,569.19904,0.04140403053977273,565.8563,9,0.5572887063026428,3,3.0,1825.4812904663252,839.4998186089945,2332.0735921152796,626.749868114558,3953.0556418678975,2366.70392553351,0.026484936,0.029001685,21.656713985524693,7.814565321419016,14.111091750160785,4.767838670685933,17.08392967365975,3.379108804017676,14.991216683861767,4.483770327430903,16.001139378856788,2.8602999248698895,15.654810202465535,2.9965267933632154,17.346414554960756,4.245663413493761,-269.5549,94.94272,120.34793,34.689476,15.872968,18.896416,6.862442,12.029704,0.45686725,14.170141,6.95112,10.720461,-11.053421,6.680995,-3.004445,14.459444,-5.1845384,8.271612,-8.793924,7.8000517,-11.382287,9.331117,-5.229887,13.215367,-12.081393,6.1204047,0.2586838,0.29205424,0.23899752,0.26762855,0.2513224,0.26334792,0.3114316,0.30947673,0.38489592,0.32315558,0.41145602,0.30822966,0.2834498,0.27881926,0.26013097,0.21645404,0.57562965,0.39168838,0.41795075,0.23813893,0.26999834,0.21074924,0.29354462,0.29295465,39.216595,63.138706,5.752227,10.639082,0.73703265,1.0799576,0.45938826,1.4652963,0.07134787,0.17019701,0.02059062,0.05461996,0.0031576867,0.0071213115,0.011799541,0.0406796,0.004471844,0.012221397,0.0023181094,0.0058818497,-0.00541341932174404,0.07456507004547305,-0.017115839738163826,0.040012464379349154,-0.008033765035427987,0.0864794633883042,0.046040660892189327,0.09562213896888601,-0.02577776459481599,0.028108451162183228,-0.016757223347667587,0.043661861950287824,4.6375318,1.2559274,-52.68911656015587,buka
7.7609366e-05,0.11871441,0.01409311,2.0001333194552617,15.331107427651414,-0.57037765,0.999995,1.5703726,0.0,-0.009564395062625408,0.005619553849101067,0.015183948911726475,0.11871442,310.75317,0.04623135653409091,307.82727,8,0.2724132239818573,2,2.0,2085.2530056928235,959.9301088311042,2468.1583291712327,739.1555823252305,4563.081498579545,2725.910219366035,0.043764863,0.038640264,21.555042401592633,7.974691015888048,13.623318104903676,5.819825821344759,16.413089146659278,3.9571087802201372,17.37228623441051,7.055377763788962,14.180010717379236,2.136361564490135,17.217486683044775,4.026535101973901,15.890839493477348,3.47721090167028,-305.07397,69.52365,110.81007,36.786938,24.13431,16.615911,22.109068,12.310753,-7.500075,18.422152,-6.139858,5.874819,1.274147,8.063002,-7.685936,7.029572,-7.017798,7.61079,-5.2387123,5.190982,-15.250772,12.492846,-5.575636,3.6681416,-11.480077,10.099829,0.39716312,0.20541765,0.41189572,0.31651357,0.3978288,0.34523574,0.31970364,0.26619115,0.35918292,0.3051847,0.6806602,0.26396877,0.6318389,0.23579018,0.4561439,0.31969514,0.5459561,0.32377157,0.46981278,0.26962075,0.5338355,0.27215993,0.5101688,0.22066386,22.679934,51.93874,5.1940827,12.930715,0.5342799,0.8600853,0.026133971,0.05081434,0.0029473717,0.0072021354,0.007846114,0.031392507,0.047123004,0.20148857,0.029967308,0.124750026,0.0025606959,0.009226626,0.00058033416,0.0014050548,-0.06424527198834941,0.11015415990855255,0.04621330518557675,0.058155756205793135,0.0002926173408258171,0.06516531278957695,-0.08299524148672187,0.15704642461292714,-0.008119964379903198,0.02852946859948751,-0.04001636877761808,0.04280797296749135,5.216499,1.3849982,-71.12545947582943,tutup
-9.7697535e-05,0.108625084,0.011799409,1.8731723914878151,24.493303872934764,-0.7096171,0.9999973,1.7096144,0.0,0.0,0.0,0.0,0.10862513,260.1772,0.023692737926136364,258.74588,1,0.25491127371788025,5,5.0,2841.0483192266283,1361.016923845118,2763.17584014411,616.6423903879889,5848.956298828125,2982.347859857332,0.19029565,0.1641199,14.715369328619811,8.295674616500571,10.51581617923057,4.1743714125533815,12.745206947239632,4.653353632659496,13.801635591209822,4.469229789270612,13.540350538554055,2.017267882522557,14.353541597384543,2.8528358075087263,15.190155610583082,3.7621322382743028,-377.26505,94.74429,80.81129,43.565716,13.489966,24.896412,12.278274,18.194845,5.8800097,10.994354,0.6721888,6.194394,-1.5116997,7.057414,1.3585728,6.794956,-3.129634,6.5994015,-1.8263936,3.980813,-10.433784,14.732993,-3.0356448,5.1053705,-5.589837,8.205266,0.695989,0.2532659,0.66282266,0.2942294,0.67114466,0.2902853,0.6370256,0.29664275,0.58361673,0.26552394,0.5617339,0.21249606,0.60510546,0.22516538,0.60494524,0.26102293,0.6037416,0.3187548,0.58422655,0.29938096,0.67547226,0.2647962,0.7556168,0.23121569,21.343304,64.87392,4.304321,13.623506,0.38330647,1.2142977,0.048668765,0.1437046,0.0027724134,0.007941463,0.0019806745,0.0056734593,0.0011545279,0.0030406327,0.0006052729,0.0012909243,0.0005108941,0.0012240702,0.0008851746,0.002182901,0.010316821796534403,0.02828369945181838,-0.02440204321889131,0.06154599169438784,0.044043331153013066,0.047914157145408254,-0.033726617143574486,0.07184253183914059,0.0046113734577264195,0.028928789881391033,-0.011053627632050292,0.02512041713975913,6.7520404,2.1848373,-93.3146053905492,buka
0.0049707624,0.22130574,0.04897623,-0.6012588110260859,3.741115304214005,-0.99999815,0.78707194,1.78707,0.0,-0.0200310698710382,0.02762993611395359,0.04766100598499179,0.22136155,1080.4707,0.03106134588068182,1074.3038,1,0.8800299167633057,2,2.0,1123.2882394858564,511.206251799547,1685.4740156447353,674.1774040286,2085.2949662642045,1161.550186639399,0.029429043,0.14822197,16.60077276497872,7.023189153210354,15.328057006854728,7.0148919138220425,19.05813271319177,6.7994872213335436,17.670916237314263,6.81916306952908,16.037497514161615,3.051838629700543,16.410358383062718,3.0625006965013792,16.76549524392036,4.656925322769798,-268.43277,87.2577,154.3323,49.3223,14.417525,16.187368,7.4205685,9.528592,1.7149326,15.081843,3.4531624,7.020072,1.6957335,10.051912,5.7704473,6.71791,-10.413629,10.618401,0.1585525,5.7206626,-6.240179,8.895273,-0.10404504,6.387148,-0.8085237,5.1211,0.52878475,0.25497624,0.8624537,0.24608915,0.6290982,0.285412,0.432533,0.35017022,0.32127357,0.2930176,0.3211172,0.26914406,0.37476385,0.35321712,0.43150312,0.2771278,0.6448372,0.21666025,0.47812045,0.31692067,0.3559681,0.33202738,0.3296984,0.27214873,80.206276,102.99216,20.639967,27.404568,3.4046042,4.721548,0.4361448,1.1195021,0.01652308,0.03184238,0.0037522495,0.0052510747,0.0033704997,0.010924601,0.0033642577,0.013545655,0.000627394,0.0013336401,0.00033980035,0.00071352796,-0.0025076520248428712,0.10494998945146218,-0.03613571734008401,0.15189780781790105,-0.1162015048956332,0.21061738857565776,-0.09529539985074277,0.07591431328086844,-0.00510376334210097,0.039085883924701,-0.05101318079554899,0.05814368547580641,4.353697,1.2441648,-32.67942334482798,tutup
0.005105525,0.21716242,0.047159515,-0.6477664702970037,3.5857187689031402,-0.99999785,0.92704946,1.9270473,0.009458935,-0.0075890038860961795,0.037249389104545116,0.044838392990641296,0.21722244,1040.4421,0.023781516335227272,1034.9453,1,0.22035294771194458,2,2.0,1104.498895675947,476.056198366919,1847.237238065486,553.6975967415331,2067.6768909801135,1228.450225542145,0.027523886,0.14845133,17.0977266925056,6.461851440718155,15.313535995496323,7.61819921506062,18.339559039660454,7.326994284590062,18.113811788389206,6.249155286940775,14.205483781367503,3.0664666616697938,15.953993704861572,3.0394925359364438,16.25184109503596,4.223488081799947,-270.6539,92.48003,143.09343,41.772118,26.65612,17.841484,9.648568,13.017803,1.8969284,11.5598955,-2.0940645,8.909368,9.9470005,5.555353,1.7240354,10.634532,0.72465825,6.0411882,-3.322943,8.109083,-6.603886,9.491399,4.421893,8.669053,0.6856746,8.139568,0.6577041,0.21153842,0.8079695,0.22649556,0.6008196,0.3642673,0.41801786,0.35058522,0.33281362,0.28413862,0.31219456,0.28804916,0.32085803,0.2805911,0.5581617,0.31553066,0.5664659,0.2431975,0.38210952,0.33045772,0.36144808,0.33031297,0.4547539,0.30515254,76.43283,98.61026,17.83139,26.891346,2.229988,2.8210063,0.38831177,0.57522714,0.01278806,0.028664256,0.0032991571,0.005616133,0.0041754027,0.013055769,0.005565701,0.021606963,0.0005082076,0.0010971933,0.0010583557,0.0028966013,-0.055440284803425784,0.10542676817601085,0.0027198627887308102,0.21340228574307796,-0.118825271725655,0.13240259076079164,0.1374277796977281,0.17355843473649582,0.07973929234250049,0.03304750415016566,-0.01833369633690868,0.07203752993068693,3.8048866,1.217653,-29.750709112971002,tutup
0.013050109,0.24004981,0.057623908,0.095034803569343,2.704790293497532,-0.83403486,0.9999977,1.8340325,0.0,-0.023610529489815235,0.028853762429207563,0.0524642919190228,0.24040426,1274.3623,0.029807350852272728,1268.1263,3,0.3372652530670166,3,3.0,1142.7603571006337,620.2227465063226,1838.9535774796352,735.6527268709817,2268.0824973366475,1650.5892338335948,0.05161885,0.20714955,16.30851213226045,7.108853617379386,15.774770394293055,7.6811976860754,19.37100701255073,8.246815147011949,18.95117555693735,7.424567262272938,15.422138731408586,2.4012095450626854,16.505098796173606,2.4434877408452147,17.3311171706647,4.637868056877018,-264.41415,95.4711,142.23975,45.90454,32.099094,19.859976,13.497832,11.886006,3.9498017,9.696034,-2.0210469,6.838901,8.70789,6.6155963,3.536835,9.791915,-1.901128,7.163675,-1.4063215,6.3543177,-7.8408785,7.1484423,0.53872037,6.6954365,-1.9772347,5.8974,0.56522185,0.22830832,0.8020561,0.30326632,0.38619938,0.20841989,0.22697715,0.23190983,0.22578019,0.2395391,0.24706253,0.24077214,0.23127055,0.23927025,0.44389212,0.3075838,0.6023928,0.278788,0.27982557,0.24088646,0.26022103,0.2717851,0.33264333,0.24798958,96.45835,125.15226,15.85857,22.019838,2.9525313,4.1667905,0.37452537,0.47125491,0.013373376,0.03141057,0.0039888844,0.006211907,0.0062759067,0.017075151,0.0053463676,0.015688203,0.00069723366,0.0014709652,0.002187586,0.0053585577,-0.1415615946403752,0.15626445514133916,-0.15805934428354781,0.19315910742825507,-0.2277517565314408,0.18523007584740372,0.11274723024954131,0.06263312258848358,0.06240521718898615,0.05116077780022806,-0.06314803768393838,0.06976118328887909,3.9584746,1.2397729,-29.597982437520113,tutup
0.0044741333,0.21534306,0.046372633,-0.6400457944868941,2.725308601180145,-0.9999981,0.83202815,1.8320262,0.008716608,-0.01710912398993969,0.042715294286608696,0.059824418276548386,0.21538953,1022.958,0.02472478693181818,1017.25714,1,0.292990505695343,2,2.0,955.5070167675623,442.3932988468821,1525.6021774765295,663.6822108055297,1760.5840509588068,1033.9976445704453,0.025621474,0.14863949,17.846802114383078,6.365275240035105,18.873183542345654,6.724773858078096,18.87174373068037,8.143500725568543,20.32093764486213,7.819672373360367,14.603595486910256,2.186676876396918,16.546217713446964,3.4025802128765648,14.288360809996789,2.4734430681521298,-278.806,79.33928,162.46338,51.583836,22.958101,18.02187,10.030579,5.526317,-3.5386665,12.130966,-3.347709,12.169481,9.919404,8.237996,3.6117506,10.438636,-1.7880841,7.13417,-1.1999415,5.288603,-8.289927,9.099006,1.6453358,8.8516655,-2.984493,8.449404,0.42761984,0.3039363,0.7188704,0.3475347,0.46786633,0.3018508,0.24398732,0.26397675,0.200657,0.24220732,0.1954741,0.23078974,0.2942932,0.27159697,0.5191416,0.40829965,0.5402906,0.17457983,0.26014653,0.23280452,0.17915739,0.2525776,0.23425554,0.2974744,80.10084,91.23809,14.136497,17.290691,5.0767837,7.256095,0.19178158,0.4072482,0.006499059,0.013258144,0.0017633118,0.0012507058,0.0038086928,0.013460488,0.0030498775,0.01182337,0.00014333172,0.0002617871,0.00018440363,0.000527028,-0.034281004232857404,0.16171729416125555,-0.0536287338015871,0.23080785349100394,-0.1610414956442339,0.22312899377590828,0.014115080279721049,0.10376294571491894,0.05711477990271407,0.0639252010640042,-0.08074756541331715,0.05301176322715947,3.6610746,1.0118718,-27.089318395952095,tutup
0.005684132,0.27031723,0.0730714,-0.3845436116536411,1.883772096437216,-0.9999979,0.87977743,1.8797753,0.0,-0.049171739257872105,0.06074601877480745,0.10991775803267956,0.27037698,1611.9366,0.03487881747159091,1602.4094,2,0.3421579599380493,2,2.0,1016.0880606631525,458.83192863612663,1506.7692077733707,545.7639444901788,1793.6179421164773,1076.328097754117,0.031065159,0.1504833,18.177215418541554,6.647435117682815,17.304372614706576,7.275571926728819,20.177736458267034,6.221088384596685,18.645017955190998,6.195906967809462,15.860898188995975,2.719382032924573,17.538741971751858,2.56530704996269,16.422711667912196,3.704708096842057,-212.29369,88.87001,162.4475,45.00268,7.039639,13.403859,12.310737,6.959143,-0.30066153,9.145216,-4.032518,6.760583,5.574155,5.930808,-3.6654313,6.515786,-9.064582,7.0161905,2.722996,5.174948,-10.937259,7.9680743,-4.8316665,5.52443,-9.640903,7.309229,0.43379363,0.2382757,0.6589923,0.3383658,0.47316778,0.23315486,0.32456338,0.31464145,0.27280232,0.28346506,0.30103415,0.30498794,0.2402935,0.26053345,0.44616663,0.3476225,0.7352892,0.2671735,0.4786475,0.2861242,0.35764515,0.34705448,0.34686092,0.30388805,117.66628,117.23882,26.994265,27.492083,7.3658824,7.9688315,0.57547855,0.6835721,0.0452484,0.041820116,0.009146768,0.007349789,0.012931473,0.039040986,0.008359454,0.031850886,0.0005885687,0.001545986,0.00089320575,0.0029479223,-0.062445145042033426,0.10308337240606531,-0.055549086532944374,0.16909036883670148,-0.12943524583666213,0.2146299843310781,0.04811822629364329,0.13150590944997448,0.0028070496451013754,0.03797322018303274,-0.055524039320351395,0.06705169336659736,4.305231,1.3056026,-13.409001441132824,tutup
-0.00011756907,0.1367413,0.01869818,1.8869347040274773,12.69879446139385,-0.6179632,0.99999577,1.617959,0.0,-0.009404167998582125,0.005330388667061925,0.01473455666564405,0.13674136,412.29523,0.048828125,409.33682,7,0.2558688223361969,3,3.0,2165.2794529812927,1079.4533089538286,2468.1538491705146,820.6214753285934,4779.147616299716,2913.452597347479,0.054948736,0.046634875,21.090375040199117,7.6097429356664765,14.337231206083743,6.579083674179457,17.53910052425979,4.381148391401597,17.80639738325101,6.18167622645704,13.370573859041228,1.6665183142569817,16.397308080655453,3.543534238617559,15.154462606517644,3.0555167250398254,-304.37943,65.32094,107.980316,38.002254,22.663193,18.118433,18.704884,11.939885,-7.831285,15.284309,-6.554177,7.4816146,0.15186949,6.2223315,-9.45264,7.229272,-5.657038,4.5228887,-5.2323236,4.4678006,-14.497148,13.749059,-6.2924695,5.6213236,-11.481433,8.354678,0.5155335,0.253214,0.4144129,0.35055637,0.27065083,0.22095342,0.22838193,0.19114955,0.35293955,0.30901122,0.57456535,0.36079472,0.6309357,0.29287747,0.42580244,0.2263532,0.3029649,0.2374246,0.26577994,0.18270083,0.28327245,0.15006171,0.4461377,0.1903696,32.169735,67.84367,7.6579723,17.977633,0.4910449,0.84671426,0.015513889,0.03670038,0.0026517743,0.005503467,0.0019914347,0.0051140008,0.012797446,0.051273957,0.02169115,0.09198735,0.0038801744,0.01651982,0.0007841596,0.0026608796,0.024759712264396418,0.06396988460346655,-0.05281960884999026,0.17272641698824642,0.058404889635064024,0.15925469567699754,-0.0028933504892686567,0.1089610068584646,-0.03511919809314816,0.05150222728668367,-0.00864442138911483,0.027939714646639618,5.298497,1.554251,-65.5456913120484,tutup
-0.0005170606,0.1445413,0.020892186,2.1174076376873,10.917812530057553,-0.6227677,0.99999624,1.6227639,0.0,-0.009088435675948858,0.0,0.009088435675948858,0.14454222,460.6786,0.04344593394886364,459.01382,0,0.0,3,3.0,2339.898672017738,1285.260713709649,2538.139020682287,737.5141150586974,4959.488192471591,3042.4929890707635,0.108753115,0.11330553,18.77866316796761,8.619356254420408,12.04008410968243,3.6900079833087305,14.167195063423424,3.2785618074986713,14.335935501344403,3.321871154466716,14.264099999017075,1.7510139175514357,15.851016811177585,2.2532436525095383,15.674434947700973,4.024680261203828,-299.6079,105.02401,102.373505,47.219124,12.656067,16.687902,18.476189,15.703406,6.543047,7.5302815,-1.2970935,6.3110685,0.6111335,8.206294,1.9886501,4.764205,-1.5855091,6.9875193,0.850448,4.075291,-9.930357,7.4126096,-4.518436,6.7064123,-7.440434,5.9933624,0.53041124,0.3241176,0.4624304,0.30808604,0.4408019,0.31266594,0.5019689,0.26368016,0.5753957,0.2532312,0.556333,0.31122196,0.4893634,0.28952956,0.54150873,0.30799025,0.61749434,0.2856194,0.6407924,0.22538626,0.6342046,0.21867895,0.5909755,0.2644449,30.536476,54.978504,2.6704855,5.1906095,0.6179214,1.1546198,0.0784679,0.15547363,0.036005214,0.07163748,0.014861956,0.02935751,0.005175897,0.0095076235,0.0014313682,0.0021585275,0.0010357441,0.002260462,0.00074955536,0.0016785986,-0.007722179025871605,0.07931367304875817,0.005845662578737679,0.04580411548316619,-0.06031754892319494,0.08840128569124518,0.013746383091942179,0.08911556325015803,0.0032809843225220024,0.027666000835761005,0.019594352057373043,0.028670971432234623,5.8137507,2.033928,-68.76470267839127,buka
0.007395197,0.28466544,0.08103441,0.31466777998693196,0.9503303063178903,-0.87440604,0.9999974,1.8744035,0.0,-0.11265151761472225,0.054684427566826344,0.1673359451815486,0.28476146,1788.0145,0.02008611505681818,1781.4878,0,0.0,3,3.0,905.0298219949876,660.0702705334908,1459.1060508570042,748.3290557974361,1677.3875843394887,1733.9905426408468,0.0509971,0.20740293,22.394666700069806,4.98943136135665,19.0134630859936,8.794250438814599,21.57027501616574,8.792460956775917,19.308548636366318,6.320910312474091,16.66940716482372,3.090620023730614,17.105272502918606,1.9485993961677979,17.44997786132372,4.489674210698526,-287.05682,74.966,151.94913,50.907345,25.43452,18.541813,11.359901,15.074612,5.2618785,12.48715,0.37568104,5.3110504,0.8913517,7.8088064,6.992328,6.6137357,-3.3963282,8.069679,-6.847583,13.391295,-3.7862954,9.309276,-0.098380454,8.527796,-2.4730184,5.8983526,0.7577805,0.32665774,0.4073024,0.21942441,0.21704401,0.2622368,0.20286512,0.28178388,0.21319766,0.28491142,0.2517495,0.3245112,0.35471508,0.31074426,0.5507081,0.25730082,0.2912274,0.27443793,0.23241316,0.25360832,0.2979387,0.29863867,0.5094497,0.26610032,140.85378,148.52591,20.155928,21.987715,0.9923704,1.0992963,0.23477437,0.39214277,0.005751765,0.007479485,0.003315673,0.003325709,0.0005877444,0.00021762223,0.00020677307,9.5062e-05,0.00031129248,0.000290621,0.00014114084,9.986034e-05,-0.10579828026584304,0.1512053364179068,-0.03926730810214661,0.15098265784925433,-0.08706175078722604,0.2302242853388395,0.16267910030331778,0.1622778953117453,0.06438051738488124,0.07303744399180168,-0.03152574705679642,0.04568311961235333,3.2103753,1.2300577,-12.205293376547111,buka
-0.00013308089,0.17485729,0.03057507,1.2474666389321598,7.2224752493425495,-0.7037966,0.9999936,1.7037902,0.0,-0.010627674404531717,0.007086216472089291,0.017713890876621008,0.17485732,674.1806,0.08759099786931818,669.6969,0,0.0,5,5.0,2598.4989894402393,1042.7987085630389,2824.316401814285,462.7305340322193,5456.464732776989,2978.5623532972522,0.09246874,0.075106926,23.215800491218317,6.12485766769413,12.302341519070438,5.167083554927553,15.015781246965524,4.885383694815717,17.26896082583534,6.052670468693286,14.253166063110113,2.4834802778539005,14.438336182172128,1.670160816833693,18.44768686069937,7.031331391421589,-256.1643,53.521812,92.12961,34.272785,21.026602,28.452559,9.115585,4.9347568,2.719271,5.1787043,-4.2223063,4.058934,-7.491473,6.532192,6.3708844,6.1065774,-3.9980643,8.838074,-1.6744739,6.3795447,-16.070362,11.033875,-5.9424696,4.2783184,-14.624423,10.869875,0.6126985,0.37398252,0.52474487,0.37414053,0.44821027,0.30212358,0.36924985,0.2671032,0.35258782,0.17897153,0.549839,0.29097882,0.48990858,0.2341125,0.41542453,0.27342975,0.35393664,0.22407289,0.4410679,0.217949,0.66533035,0.20126992,0.68858135,0.2630457,55.08873,89.596115,7.2578907,12.1213,0.6276223,1.0160844,0.015658675,0.02054747,0.006265303,0.005211981,0.00489202,0.0042625978,0.0018559329,0.0012427602,0.0011431243,0.00085982267,0.0059934263,0.0085864365,0.0119215185,0.018373001,-0.07009252272531555,0.1290124917560599,0.03916407985393916,0.12059152213280568,-0.013756935463541231,0.12323513589396985,-0.07437995960935999,0.1501781339453552,0.02448586371251401,0.039128287917009244,-0.02215660315811284,0.05854268667917142,5.7076297,1.7532153,-66.03877933690738,buka
-2.5332465e-05,0.14369574,0.020648465,1.44845621392052,11.72263128277183,-0.75424004,0.9999959,1.754236,0.0,-0.00866309111006558,0.006303110159933567,0.014966201269999146,0.14369573,455.29858,0.04202547940340909,451.55853,10,0.29785484075546265,2,2.0,1992.6693133320584,926.355232609296,2420.9040380766023,716.7802756573163,4342.366166548295,2601.6620584536663,0.039829127,0.03296529,20.092263111452215,7.420496079689972,14.858118438779872,6.399049449083553,16.81079615046603,6.1590824109309175,16.45520505059323,6.128975652890455,14.071530119153852,2.2890018674813692,16.176615349549724,3.454557953662591,15.60037232737951,4.042814782238295,-306.07663,71.09374,110.105095,32.74993,25.904058,19.185371,25.328728,11.780361,-2.1865516,13.803304,-3.8091323,5.987255,1.8084968,4.313901,-5.571049,6.535683,-8.8049555,10.793114,-2.2572458,4.4858956,-12.801684,15.325367,-4.966786,5.2329884,-12.101945,9.764224,0.3166606,0.19729514,0.26521784,0.20805673,0.24319912,0.21030717,0.28412032,0.26664078,0.3397709,0.30764055,0.54358435,0.22845596,0.8561493,0.1984495,0.6047277,0.30725852,0.50336015,0.3846656,0.41321057,0.31981686,0.4064814,0.28670743,0.38305244,0.18825863,37.230312,78.33566,8.70967,19.86091,0.227393,0.42917022,0.031575188,0.08391249,0.0044294153,0.013385816,0.004858729,0.017399263,0.037194345,0.16085438,0.030762754,0.13240281,0.002582063,0.010336473,0.0018734094,0.006554775,-0.05372561120041857,0.08923335034068439,-0.052719818903983875,0.09831262995397773,0.02418092322874439,0.1013978601644143,-0.11698164558038161,0.1342927448683892,-0.006651453910259592,0.04647746916863843,-0.01967271907911208,0.03469224161714415,5.0513053,1.6097026,-66.41355786691828,tutup
0.004457495,0.20168334,0.040676173,-0.4211121477920781,2.6475099897571512,-0.9999984,0.78823614,1.7882345,0.0,-0.019807351753115654,0.03361442591995001,0.05342177767306566,0.2017326,897.3478,0.026600230823863636,892.24036,0,0.0,2,2.0,973.1040822704745,502.9053450968247,1596.9993736723547,690.2206016461962,1851.85546875,1218.359264780828,0.04960898,0.2074934,17.47806283660012,5.431090091862434,15.928668481484532,6.411149563565465,17.89114862122918,5.93244328284727,20.1340783102348,7.6601925174241075,14.919510393126915,1.6981101279256365,15.9292624646352,1.4020183854632977,15.953348268048291,2.9815924577651294,-286.23486,81.16144,161.15935,56.908123,24.325285,18.776976,4.7301664,14.8574705,5.849432,9.681035,-7.881973,13.389744,9.578544,4.949991,7.2730756,6.0188427,1.671577,7.356697,-0.6883375,7.93141,-3.5410514,10.443383,-4.0699406,10.54287,-6.518936,7.2659883,0.62385124,0.31707168,0.7317524,0.27634415,0.43463945,0.20337105,0.24033265,0.22911629,0.20059252,0.22295457,0.20662428,0.23197356,0.24810715,0.26914728,0.3757758,0.27166915,0.64964896,0.2863444,0.4003565,0.31010354,0.33571914,0.33347532,0.47031057,0.3912484,67.58228,79.36525,13.832285,17.260765,4.5669823,5.403511,0.34048235,0.46605107,0.0067527224,0.011501197,0.001958464,0.0017228752,0.00081963744,0.0012373803,0.00019368896,0.0002324486,7.053499e-05,3.8668033e-05,0.00014782877,0.00018413787,-0.09353971597858238,0.09916558499554563,-0.12211537040543706,0.17713022521837116,-0.14841392771764292,0.21094268202863023,0.06165466006760531,0.037068338186365596,0.014430708479802889,0.03332780482146898,-0.0666553725287403,0.06440426843794084,3.7906227,1.1647915,-32.49743217199548,tutup
-0.00056288415,0.07114399,0.0050614676,2.5758239824819484,71.81290278278246,-0.6098168,0.9999957,1.6098125,0.0,0.0,0.0,0.0,0.07114621,111.61233,0.06608442826704546,110.707306,1,0.18418143689632416,4,4.0,3235.11745054373,669.9175438986576,3082.133755038008,275.4018731171558,7202.367054332386,1473.955858944756,0.15680385,0.06768365,14.253815891447255,3.665439374575936,10.296310922604727,3.2059172331724697,13.219668030400374,2.8995908403250366,14.661509006422763,3.7699868015158096,13.947808443384192,1.6004566117569923,14.771372050795947,1.9179283956635915,15.296994089720217,3.4924464107859214,-337.22104,64.95301,72.791275,22.283411,13.390646,24.234888,9.901755,7.517539,-0.270309,6.234323,-4.2337832,5.6245694,-2.45572,6.914471,2.5135443,9.355168,-2.5301147,6.926651,-0.93727946,4.028505,-9.00354,8.875427,-2.5841563,4.193049,-4.2987213,6.417559,0.7016947,0.17586197,0.6818904,0.15392534,0.6859819,0.21622606,0.65535885,0.2232521,0.5544559,0.19455495,0.5383335,0.22964284,0.62446624,0.19838943,0.6467531,0.2092191,0.6440696,0.21387944,0.62636024,0.21315762,0.6809161,0.14039865,0.8413446,0.17234619,7.370549,29.935875,0.7276129,2.898855,0.12082061,0.42380437,0.0038760505,0.009124004,0.0022757647,0.004949875,0.0022090962,0.004940653,0.0013282167,0.0030772341,0.0008328182,0.0014621909,0.0021090622,0.0052980166,0.0032554267,0.009333818,0.015598481837106019,0.03376945237963479,-0.0019737111091530555,0.03818634066511829,0.009033101695504626,0.042647265483747795,-0.005899546837265307,0.03069148501638409,0.0010434039300945904,0.01211872555294255,-0.00033370248804034025,0.009972097011514006,7.149052,1.0809047,-118.73454548993257,buka
0.008573407,0.29851887,0.08911351,0.07809383757470544,1.2359948366173965,-0.99999714,0.9279038,1.9279009,0.009613425,-0.07403905317187309,0.05928588006645441,0.1333249332383275,0.29864195,1966.5737,0.022061434659090908,1956.914,0,0.0,2,2.0,980.6483106859597,618.6382494999398,1575.2329781437306,712.080202819394,1869.7182395241477,1523.3382669860962,0.029001541,0.14867437,20.400614762170914,5.936076729110597,17.004802054356368,7.455708287886854,20.25100577708558,8.1183909493211,19.97791484260196,8.78746904178234,15.436026256251859,2.8473172606460566,17.121808767003326,3.00641950140764,16.584424392985024,3.5513213010800038,-267.1082,72.25387,153.19243,48.4837,29.094355,19.004534,17.858646,10.62065,6.243219,12.35933,0.17260402,7.888124,-4.2499433,10.587104,3.5660446,7.8801594,1.5076786,4.775801,1.2107202,7.1462235,-1.167376,7.7991786,-1.6446147,12.235415,-4.312517,8.273354,0.49518144,0.2777076,0.68977433,0.33492902,0.42476922,0.24088088,0.31395796,0.33939308,0.26527864,0.28205314,0.33896473,0.36213052,0.32999253,0.34166554,0.48092458,0.35903016,0.6733733,0.312814,0.38339555,0.25088868,0.35347113,0.3311135,0.35047328,0.305096,144.90944,174.52492,27.190142,35.32908,8.376446,11.851056,0.11712208,0.2442221,0.009914169,0.020246174,0.0041338108,0.0067074676,0.0009356264,0.00071783847,0.00047110085,0.00059475977,0.0006625204,0.0006933848,0.00020674447,0.0002777754,-0.12089713004385082,0.11659307903215554,-0.1198433990960552,0.18257623941347462,-0.08945210853760949,0.26269621455789444,0.11882994273169444,0.055459968526960036,0.02970198788278443,0.04800752212165449,-0.08303455009908331,0.04989869024140284,3.4680452,1.1973975,-10.096628905120017,buka
-6.78013e-05,0.16334456,0.026681447,2.225007470262962,12.820677325577703,-0.59742165,0.9999946,1.5974162,0.0,-0.010654659010469913,0.008079864084720612,0.018734523095190525,0.16334458,588.326,0.0457763671875,584.4377,4,0.3002047836780548,2,2.0,1996.2206134210755,642.1922512763181,2533.781047883887,527.9718034009194,4452.968528053977,1855.2500939739914,0.023540286,0.016906423,22.600926545243848,6.0633061304568665,14.766410125130397,4.605620277365248,17.90226608213086,4.886893451518956,15.059681216416363,5.122464328223301,14.25432359980288,1.6710425376526648,17.031465937732097,4.182854082531275,16.16229667031001,3.4495721914903408,-287.3584,77.92779,105.583954,23.830467,18.461523,13.5277815,26.059969,9.273627,0.5268039,15.973345,-0.22785479,4.457266,6.0676665,12.484776,-9.198811,4.9725184,-10.9885645,10.744806,-6.3490453,5.0106854,-15.385138,15.450929,-3.4727135,5.9216332,-10.978692,8.248364,0.3287675,0.1723341,0.3054627,0.20644455,0.2715957,0.19410682,0.25783804,0.19388318,0.29011056,0.20055757,0.42890537,0.32338315,0.585515,0.23197515,0.8150243,0.22829032,0.53910565,0.30624786,0.40969753,0.32498735,0.30492666,0.24507864,0.2558304,0.11835606,44.48499,88.83383,9.632653,19.10166,0.47396287,1.0028921,0.12523583,0.2408067,0.011319625,0.034410764,0.008013962,0.028676188,0.041959,0.16389665,0.023155065,0.080779366,0.0018939628,0.005678002,0.0013529602,0.0034701352,0.04272462331270174,0.05648327449938685,0.07796003295859845,0.08586722523797073,0.0526366170749742,0.1280319668763334,0.08201227836649481,0.09556506338493254,-0.005457613769697959,0.020713158530671114,0.01773158954033123,0.05328485050747115,4.798706,1.0324298,-79.80143449697167,tutup
-3.6752358e-06,0.13971516,0.019520327,1.2981842313316247,8.88660284975714,-0.62890834,0.99999493,1.6289033,0.0,-0.01621130434796214,0.011883674655109644,0.028094979003071785,0.13971516,430.42325,0.054876154119318184,427.52536,7,0.3669707179069519,2,2.0,1802.531072762851,757.8615860578901,2330.229454569742,584.1897438095391,3812.845126065341,2227.190176195294,0.0200884,0.016309448,22.695991569531984,6.475358901255915,14.434365377906136,6.781522008479409,18.12494507834988,4.766697754292501,17.671850606949686,4.541663624221925,15.651237222387483,2.5610231178168728,16.992147247086702,2.83658774495282,16.65129143806785,4.315065626559342,-269.57645,56.352547,116.03391,26.936308,20.134127,19.314093,16.47786,10.046122,-8.394274,11.917859,-7.605597,4.8347907,-6.6296997,8.467127,-14.002454,6.1345983,-9.43879,8.508683,-4.7557774,7.0498304,-19.622133,14.146732,-9.163739,7.084088,-15.212759,5.8542075,0.29686478,0.21482335,0.3558958,0.338988,0.14757861,0.14477262,0.16247874,0.17874761,0.2465547,0.29006162,0.37521398,0.25653395,0.68678147,0.3359564,0.46721068,0.26040006,0.42182615,0.34380051,0.437144,0.38646257,0.28991157,0.19918934,0.2192619,0.09649515,34.33756,61.714806,8.045981,16.39316,0.3466035,0.6059628,0.04432801,0.11877225,0.016623069,0.05215546,0.0034399154,0.0071032145,0.017922206,0.06591073,0.014446828,0.052451715,0.0017570432,0.005339468,0.0013281961,0.0032178056,-0.007440380897895648,0.05782086053250754,-0.026190330367861468,0.1097249582457237,0.039546438810330445,0.0839061474353533,-0.025080799167468245,0.1624811708115542,-0.016896208779513706,0.03951599710128484,-0.005869821094992461,0.03271374554549583,4.74947,1.3202235,-60.34064663782929,tutup
0.004498633,0.25596914,0.065520205,-0.21425114577582627,2.1813229739160365,-0.9999971,0.9380641,1.9380612,0.0,-0.03764711786061525,0.030474784784018993,0.06812190264463425,0.25600868,1445.1667,0.029063831676136364,1438.0426,0,0.0,2,2.0,1116.483968808516,630.7575057659537,1686.1766643764322,805.7599188260413,2263.677978515625,1661.884923075741,0.027957708,0.14841086,17.063495268385516,5.94669422786532,16.179210925725876,6.765138388433823,18.760840648428918,7.163768066328852,20.025622181662484,7.245604755052807,15.99785152233527,2.8002792934853447,17.218731354388865,2.954493904804632,15.606847675797866,3.1250244295270915,-263.9442,85.1574,152.27008,54.413067,20.391645,16.248827,16.05331,6.9929914,1.3341104,15.694453,-8.845268,13.378155,6.9258485,4.939543,7.9714217,8.80282,2.2764895,8.880044,1.7637424,7.857289,-8.249099,12.015497,1.4812858,8.022915,-3.8298419,8.145254,0.5962476,0.33035797,0.8624122,0.20049311,0.5665425,0.17916578,0.27224496,0.2740781,0.2568167,0.3118731,0.27306414,0.29160684,0.25500515,0.2953177,0.385493,0.32870948,0.72462606,0.23740481,0.44828185,0.22999051,0.25014797,0.24135098,0.3264532,0.28173968,110.39651,123.18612,21.924984,25.107773,3.9222763,4.684213,0.27900773,0.37978825,0.0074778986,0.008739116,0.004473921,0.0028144114,0.0024584362,0.004552232,0.002175668,0.007712585,0.0002718532,0.00067496026,0.0010778023,0.0043475367,-0.07530526123953696,0.12326739190272017,0.02334205601587093,0.11495443704740697,-0.06306283029897011,0.16471299879865725,0.17817159809849456,0.11983442934442276,0.07389978684665345,0.042613354095193665,-0.022892819373571984,0.03198648873917802,3.8290741,0.9776057,-19.579975886038135,tutup
0.0067862486,0.21299736,0.045367878,-0.04672803575703503,3.747728294076283,-0.9999976,0.8840182,1.8840158,0.0,-0.03295992501080036,0.04974514339119196,0.08270506840199232,0.21310546,1001.3772,0.022261186079545456,995.8675,8,0.2547643482685089,4,4.0,934.6226081941172,383.5309334841228,1555.3656606058453,524.5365285704283,1836.4396528764205,1023.4847756796066,0.025248187,0.14875185,16.388717481448552,4.915671017056553,14.18084801184562,5.920388473202001,17.66948387608487,6.30603595711575,16.22872465738918,5.815655617993212,15.109453769224636,2.237261816502322,16.720185884979234,2.5899956767968697,14.915631974927157,2.80384462301174,-259.5884,85.545235,152.42096,44.04608,12.576903,11.68815,32.303688,11.58398,4.0652013,16.96119,9.702085,9.099705,7.441084,6.9290595,0.92121434,12.406775,4.1100965,5.8186426,-2.804628,8.519684,1.9500366,6.0194263,-1.8330321,8.016656,0.29065305,4.1982083,0.5064061,0.36893436,0.64420164,0.34029788,0.6303235,0.29453447,0.45032042,0.29304162,0.23607324,0.26559046,0.1698804,0.2000482,0.20774399,0.1842561,0.21485816,0.21320306,0.28756937,0.2694467,0.43906257,0.2346009,0.43198615,0.27585512,0.42672557,0.35648558,77.20819,117.25075,15.039351,26.187037,2.5559921,4.2153034,0.15888919,0.34589502,0.015110631,0.023588905,0.006204195,0.008602982,0.009939104,0.026371108,0.018056486,0.05387285,0.00070990535,0.0013202737,9.348057e-05,0.00014857997,-0.0328191055304302,0.09789504617266792,0.029772433991587414,0.0632099861733071,0.04886705822057298,0.09229613746346237,-0.035226485141638016,0.14821821619636866,-0.0123429333748803,0.04928564686207103,0.009337324268099988,0.034826240504895654,3.7396982,0.9507691,-24.290197656703295,tutup
