mcg,gvh,lip,chg,aac,alm1,alm2,class
0.49,0.29,0.48,0.5,0.56,0.24,0.35,cp
0.07,0.4,0.48,0.5,0.54,0.35,0.44,cp
0.56,0.4,0.48,0.5,0.49,0.37,0.46,cp
0.59,0.49,0.48,0.5,0.52,0.45,0.36,cp
0.23,0.32,0.48,0.5,0.55,0.25,0.35,cp
0.67,0.39,0.48,0.5,0.36,0.38,0.46,cp
0.29,0.28,0.48,0.5,0.44,0.23,0.34,cp
0.21,0.34,0.48,0.5,0.51,0.28,0.39,cp
0.2,0.44,0.48,0.5,0.46,0.51,0.57,cp
0.42,0.4,0.48,0.5,0.56,0.18,0.3,cp
0.42,0.24,0.48,0.5,0.57,0.27,0.37,cp
0.25,0.48,0.48,0.5,0.44,0.17,0.29,cp
0.39,0.32,0.48,0.5,0.46,0.24,0.35,cp
0.51,0.5,0.48,0.5,0.46,0.32,0.35,cp
0.22,0.43,0.48,0.5,0.48,0.16,0.28,cp
0.25,0.4,0.48,0.5,0.46,0.44,0.52,cp
0.34,0.45,0.48,0.5,0.38,0.24,0.35,cp
0.44,0.27,0.48,0.5,0.55,0.52,0.58,cp
0.23,0.4,0.48,0.5,0.39,0.28,0.38,cp
0.41,0.57,0.48,0.5,0.39,0.21,0.32,cp
0.4,0.45,0.48,0.5,0.38,0.22,0.0,cp
0.31,0.23,0.48,0.5,0.73,0.05,0.14,cp
0.51,0.54,0.48,0.5,0.41,0.34,0.43,cp
0.3,0.16,0.48,0.5,0.56,0.11,0.23,cp
0.36,0.39,0.48,0.5,0.48,0.22,0.23,cp
0.29,0.37,0.48,0.5,0.48,0.44,0.52,cp
0.25,0.4,0.48,0.5,0.47,0.33,0.42,cp
0.21,0.51,0.48,0.5,0.5,0.32,0.41,cp
0.43,0.37,0.48,0.5,0.53,0.35,0.44,cp
0.43,0.39,0.48,0.5,0.47,0.31,0.41,cp
0.53,0.38,0.48,0.5,0.44,0.26,0.36,cp
0.34,0.33,0.48,0.5,0.38,0.35,0.44,cp
0.56,0.51,0.48,0.5,0.34,0.37,0.46,cp
0.4,0.29,0.48,0.5,0.42,0.35,0.44,cp
0.24,0.35,0.48,0.5,0.31,0.19,0.31,cp
0.36,0.54,0.48,0.5,0.41,0.38,0.46,cp
0.29,0.52,0.48,0.5,0.42,0.29,0.39,cp
0.65,0.47,0.48,0.5,0.59,0.3,0.4,cp
0.32,0.42,0.48,0.5,0.35,0.28,0.38,cp
0.38,0.46,0.48,0.5,0.48,0.22,0.29,cp
0.33,0.45,0.48,0.5,0.52,0.32,0.41,cp
0.3,0.37,0.48,0.5,0.59,0.41,0.49,cp
0.4,0.5,0.48,0.5,0.45,0.39,0.47,cp
0.28,0.38,0.48,0.5,0.5,0.33,0.42,cp
0.61,0.45,0.48,0.5,0.48,0.35,0.41,cp
0.17,0.38,0.48,0.5,0.45,0.42,0.5,cp
0.44,0.35,0.48,0.5,0.55,0.55,0.61,cp
0.43,0.4,0.48,0.5,0.39,0.28,0.39,cp
0.42,0.35,0.48,0.5,0.58,0.15,0.27,cp
0.23,0.33,0.48,0.5,0.43,0.33,0.43,cp
0.37,0.52,0.48,0.5,0.42,0.42,0.36,cp
0.29,0.3,0.48,0.5,0.45,0.03,0.17,cp
0.22,0.36,0.48,0.5,0.35,0.39,0.47,cp
0.23,0.58,0.48,0.5,0.37,0.53,0.59,cp
0.47,0.47,0.48,0.5,0.22,0.16,0.26,cp
0.54,0.47,0.48,0.5,0.28,0.33,0.42,cp
0.51,0.37,0.48,0.5,0.35,0.36,0.45,cp
0.4,0.35,0.48,0.5,0.45,0.33,0.42,cp
0.44,0.34,0.48,0.5,0.3,0.33,0.43,cp
0.42,0.38,0.48,0.5,0.54,0.34,0.43,cp
0.44,0.56,0.48,0.5,0.5,0.46,0.54,cp
0.52,0.36,0.48,0.5,0.41,0.28,0.38,cp
0.36,0.41,0.48,0.5,0.48,0.47,0.54,cp
0.18,0.3,0.48,0.5,0.46,0.24,0.35,cp
0.47,0.29,0.48,0.5,0.51,0.33,0.43,cp
0.24,0.43,0.48,0.5,0.54,0.52,0.59,cp
0.25,0.37,0.48,0.5,0.41,0.33,0.42,cp
0.52,0.57,0.48,0.5,0.42,0.47,0.54,cp
0.25,0.37,0.48,0.5,0.43,0.26,0.36,cp
0.35,0.48,0.48,0.5,0.56,0.4,0.48,cp
0.26,0.26,0.48,0.5,0.34,0.25,0.35,cp
0.44,0.51,0.48,0.5,0.47,0.26,0.36,cp
0.37,0.5,0.48,0.5,0.42,0.36,0.45,cp
0.44,0.42,0.48,0.5,0.42,0.25,0.2,cp
0.24,0.43,0.48,0.5,0.37,0.28,0.38,cp
0.42,0.3,0.48,0.5,0.48,0.26,0.36,cp
0.48,0.42,0.48,0.5,0.45,0.25,0.35,cp
0.41,0.48,0.48,0.5,0.51,0.44,0.51,cp
0.44,0.28,0.48,0.5,0.43,0.27,0.37,cp
0.29,0.41,0.48,0.5,0.48,0.38,0.46,cp
0.34,0.28,0.48,0.5,0.41,0.35,0.44,cp
0.41,0.43,0.48,0.5,0.45,0.31,0.41,cp
0.29,0.47,0.48,0.5,0.41,0.23,0.34,cp
0.34,0.55,0.48,0.5,0.58,0.31,0.41,cp
0.36,0.56,0.48,0.5,0.43,0.45,0.53,cp
0.4,0.46,0.48,0.5,0.52,0.49,0.56,cp
0.5,0.49,0.48,0.5,0.49,0.46,0.53,cp
0.52,0.44,0.48,0.5,0.37,0.36,0.42,cp
0.5,0.51,0.48,0.5,0.27,0.23,0.34,cp
0.53,0.42,0.48,0.5,0.16,0.29,0.39,cp
0.34,0.46,0.48,0.5,0.52,0.35,0.44,cp
0.4,0.42,0.48,0.5,0.37,0.27,0.27,cp
0.41,0.43,0.48,0.5,0.5,0.24,0.25,cp
0.3,0.45,0.48,0.5,0.36,0.21,0.32,cp
0.31,0.47,0.48,0.5,0.29,0.28,0.39,cp
0.64,0.76,0.48,0.5,0.45,0.35,0.38,cp
0.35,0.37,0.48,0.5,0.3,0.34,0.43,cp
0.57,0.54,0.48,0.5,0.37,0.28,0.33,cp
0.65,0.55,0.48,0.5,0.34,0.37,0.28,cp
0.51,0.46,0.48,0.5,0.58,0.31,0.41,cp
0.38,0.4,0.48,0.5,0.63,0.25,0.35,cp
0.24,0.57,0.48,0.5,0.63,0.34,0.43,cp
0.38,0.26,0.48,0.5,0.54,0.16,0.28,cp
0.33,0.47,0.48,0.5,0.53,0.18,0.29,cp
0.24,0.34,0.48,0.5,0.38,0.3,0.4,cp
0.26,0.5,0.48,0.5,0.44,0.32,0.41,cp
0.44,0.49,0.48,0.5,0.39,0.38,0.4,cp
0.43,0.32,0.48,0.5,0.33,0.45,0.52,cp
0.49,0.43,0.48,0.5,0.49,0.3,0.4,cp
0.47,0.28,0.48,0.5,0.56,0.2,0.25,cp
0.32,0.33,0.48,0.5,0.6,0.06,0.2,cp
0.34,0.35,0.48,0.5,0.51,0.49,0.56,cp
0.35,0.34,0.48,0.5,0.46,0.3,0.27,cp
0.38,0.3,0.48,0.5,0.43,0.29,0.39,cp
0.38,0.44,0.48,0.5,0.43,0.2,0.31,cp
0.41,0.51,0.48,0.5,0.58,0.2,0.31,cp
0.34,0.42,0.48,0.5,0.41,0.34,0.43,cp
0.51,0.49,0.48,0.5,0.53,0.14,0.26,cp
0.25,0.51,0.48,0.5,0.37,0.42,0.5,cp
0.29,0.28,0.48,0.5,0.5,0.42,0.5,cp
0.25,0.26,0.48,0.5,0.39,0.32,0.42,cp
0.24,0.41,0.48,0.5,0.49,0.23,0.34,cp
0.17,0.39,0.48,0.5,0.53,0.3,0.39,cp
0.04,0.31,0.48,0.5,0.41,0.29,0.39,cp
0.61,0.36,0.48,0.5,0.49,0.35,0.44,cp
0.34,0.51,0.48,0.5,0.44,0.37,0.46,cp
0.28,0.33,0.48,0.5,0.45,0.22,0.33,cp
0.4,0.46,0.48,0.5,0.42,0.35,0.44,cp
0.23,0.34,0.48,0.5,0.43,0.26,0.37,cp
0.37,0.44,0.48,0.5,0.42,0.39,0.47,cp
0.0,0.38,0.48,0.5,0.42,0.48,0.55,cp
0.39,0.31,0.48,0.5,0.38,0.34,0.43,cp
0.3,0.44,0.48,0.5,0.49,0.22,0.33,cp
0.27,0.3,0.48,0.5,0.71,0.28,0.39,cp
0.17,0.52,0.48,0.5,0.49,0.37,0.46,cp
0.36,0.42,0.48,0.5,0.53,0.32,0.41,cp
0.3,0.37,0.48,0.5,0.43,0.18,0.3,cp
0.26,0.4,0.48,0.5,0.36,0.26,0.37,cp
0.4,0.41,0.48,0.5,0.55,0.22,0.33,cp
0.22,0.34,0.48,0.5,0.42,0.29,0.39,cp
0.44,0.35,0.48,0.5,0.44,0.52,0.59,cp
0.27,0.42,0.48,0.5,0.37,0.38,0.43,cp
0.16,0.43,0.48,0.5,0.54,0.27,0.37,cp
0.06,0.61,0.48,0.5,0.49,0.92,0.37,im
0.44,0.52,0.48,0.5,0.43,0.47,0.54,im
0.63,0.47,0.48,0.5,0.51,0.82,0.84,im
0.23,0.48,0.48,0.5,0.59,0.88,0.89,im
0.34,0.49,0.48,0.5,0.58,0.85,0.8,im
0.43,0.4,0.48,0.5,0.58,0.75,0.78,im
0.46,0.61,0.48,0.5,0.48,0.86,0.87,im
0.27,0.35,0.48,0.5,0.51,0.77,0.79,im
0.52,0.39,0.48,0.5,0.65,0.71,0.73,im
0.29,0.47,0.48,0.5,0.71,0.65,0.69,im
0.55,0.47,0.48,0.5,0.57,0.78,0.8,im
0.12,0.67,0.48,0.5,0.74,0.58,0.63,im
0.4,0.5,0.48,0.5,0.65,0.82,0.84,im
0.73,0.36,0.48,0.5,0.53,0.91,0.92,im
0.84,0.44,0.48,0.5,0.48,0.71,0.74,im
0.48,0.45,0.48,0.5,0.6,0.78,0.8,im
0.54,0.49,0.48,0.5,0.4,0.87,0.88,im
0.48,0.41,0.48,0.5,0.51,0.9,0.88,im
0.5,0.66,0.48,0.5,0.31,0.92,0.92,im
0.72,0.46,0.48,0.5,0.51,0.66,0.7,im
0.47,0.55,0.48,0.5,0.58,0.71,0.75,im
0.33,0.56,0.48,0.5,0.33,0.78,0.8,im
0.64,0.58,0.48,0.5,0.48,0.78,0.73,im
0.54,0.57,0.48,0.5,0.56,0.81,0.83,im
0.47,0.59,0.48,0.5,0.52,0.76,0.79,im
0.63,0.5,0.48,0.5,0.59,0.85,0.86,im
0.49,0.42,0.48,0.5,0.53,0.79,0.81,im
0.31,0.5,0.48,0.5,0.57,0.84,0.85,im
0.74,0.44,0.48,0.5,0.55,0.88,0.89,im
0.33,0.45,0.48,0.5,0.45,0.88,0.89,im
0.45,0.4,0.48,0.5,0.61,0.74,0.77,im
0.71,0.4,0.48,0.5,0.71,0.7,0.74,im
0.5,0.37,0.48,0.5,0.66,0.64,0.69,im
0.66,0.53,0.48,0.5,0.59,0.66,0.66,im
0.6,0.61,0.48,0.5,0.54,0.67,0.71,im
0.83,0.37,0.48,0.5,0.61,0.71,0.74,im
0.34,0.51,0.48,0.5,0.67,0.9,0.9,im
0.63,0.54,0.48,0.5,0.65,0.79,0.81,im
0.7,0.4,0.48,0.5,0.56,0.86,0.83,im
0.6,0.5,1.0,0.5,0.54,0.77,0.8,im
0.16,0.51,0.48,0.5,0.33,0.39,0.48,im
0.74,0.7,0.48,0.5,0.66,0.65,0.69,im
0.2,0.46,0.48,0.5,0.57,0.78,0.81,im
0.89,0.55,0.48,0.5,0.51,0.72,0.76,im
0.7,0.46,0.48,0.5,0.56,0.78,0.73,im
0.12,0.43,0.48,0.5,0.63,0.7,0.74,im
0.61,0.52,0.48,0.5,0.54,0.67,0.52,im
0.33,0.37,0.48,0.5,0.46,0.65,0.69,im
0.63,0.65,0.48,0.5,0.66,0.67,0.71,im
0.41,0.51,0.48,0.5,0.53,0.75,0.78,im
0.34,0.67,0.48,0.5,0.52,0.76,0.79,im
0.58,0.34,0.48,0.5,0.56,0.87,0.81,im
0.59,0.56,0.48,0.5,0.55,0.8,0.82,im
0.51,0.4,0.48,0.5,0.57,0.62,0.67,im
0.5,0.57,0.48,0.5,0.71,0.61,0.66,im
0.6,0.46,0.48,0.5,0.45,0.81,0.83,im
0.37,0.47,0.48,0.5,0.39,0.76,0.79,im
0.58,0.55,0.48,0.5,0.57,0.7,0.74,im
0.36,0.47,0.48,0.5,0.51,0.69,0.72,im
0.39,0.41,0.48,0.5,0.52,0.72,0.75,im
0.35,0.51,0.48,0.5,0.61,0.71,0.74,im
0.31,0.44,0.48,0.5,0.5,0.79,0.82,im
0.61,0.66,0.48,0.5,0.46,0.87,0.88,im
0.48,0.49,0.48,0.5,0.52,0.77,0.71,im
0.11,0.5,0.48,0.5,0.58,0.72,0.68,im
0.31,0.36,0.48,0.5,0.58,0.94,0.94,im
0.68,0.51,0.48,0.5,0.71,0.75,0.78,im
0.69,0.39,0.48,0.5,0.57,0.76,0.79,im
0.52,0.54,0.48,0.5,0.62,0.76,0.79,im
0.46,0.59,0.48,0.5,0.36,0.76,0.23,im
0.36,0.45,0.48,0.5,0.38,0.79,0.17,im
0.0,0.51,0.48,0.5,0.35,0.67,0.44,im
0.1,0.49,0.48,0.5,0.41,0.67,0.21,im
0.3,0.51,0.48,0.5,0.42,0.61,0.34,im
0.61,0.47,0.48,0.5,0.0,0.8,0.32,im
0.63,0.75,0.48,0.5,0.64,0.73,0.66,im
0.71,0.52,0.48,0.5,0.64,1.0,0.99,im
0.85,0.53,0.48,0.5,0.53,0.52,0.35,imS
0.63,0.49,0.48,0.5,0.54,0.76,0.79,imS
0.75,0.55,1.0,1.0,0.4,0.47,0.3,imL
0.7,0.39,1.0,0.5,0.51,0.82,0.84,imL
0.72,0.42,0.48,0.5,0.65,0.77,0.79,imU
0.79,0.41,0.48,0.5,0.66,0.81,0.83,imU
0.83,0.48,0.48,0.5,0.65,0.76,0.79,imU
0.69,0.43,0.48,0.5,0.59,0.74,0.77,imU
0.79,0.36,0.48,0.5,0.46,0.82,0.7,imU
0.78,0.33,0.48,0.5,0.57,0.77,0.79,imU
0.75,0.37,0.48,0.5,0.64,0.7,0.74,imU
0.59,0.29,0.48,0.5,0.64,0.75,0.77,imU
0.67,0.37,0.48,0.5,0.54,0.64,0.68,imU
0.66,0.48,0.48,0.5,0.54,0.7,0.74,imU
0.64,0.46,0.48,0.5,0.48,0.73,0.76,imU
0.76,0.71,0.48,0.5,0.5,0.71,0.75,imU
0.84,0.49,0.48,0.5,0.55,0.78,0.74,imU
0.77,0.55,0.48,0.5,0.51,0.78,0.74,imU
0.81,0.44,0.48,0.5,0.42,0.67,0.68,imU
0.58,0.6,0.48,0.5,0.59,0.73,0.76,imU
0.63,0.42,0.48,0.5,0.48,0.77,0.8,imU
0.62,0.42,0.48,0.5,0.58,0.79,0.81,imU
0.86,0.39,0.48,0.5,0.59,0.89,0.9,imU
0.81,0.53,0.48,0.5,0.57,0.87,0.88,imU
0.87,0.49,0.48,0.5,0.61,0.76,0.79,imU
0.47,0.46,0.48,0.5,0.62,0.74,0.77,imU
0.76,0.41,0.48,0.5,0.5,0.59,0.62,imU
0.7,0.53,0.48,0.5,0.7,0.86,0.87,imU
0.64,0.45,0.48,0.5,0.67,0.61,0.66,imU
0.81,0.52,0.48,0.5,0.57,0.78,0.8,imU
0.73,0.26,0.48,0.5,0.57,0.75,0.78,imU
0.49,0.61,1.0,0.5,0.56,0.71,0.74,imU
0.88,0.42,0.48,0.5,0.52,0.73,0.75,imU
0.84,0.54,0.48,0.5,0.75,0.92,0.7,imU
0.63,0.51,0.48,0.5,0.64,0.72,0.76,imU
0.86,0.55,0.48,0.5,0.63,0.81,0.83,imU
0.79,0.54,0.48,0.5,0.5,0.66,0.68,imU
0.57,0.38,0.48,0.5,0.06,0.49,0.33,imU
0.78,0.44,0.48,0.5,0.45,0.73,0.68,imU
0.78,0.68,0.48,0.5,0.83,0.4,0.29,om
0.63,0.69,0.48,0.5,0.65,0.41,0.28,om
0.67,0.88,0.48,0.5,0.73,0.5,0.25,om
0.61,0.75,0.48,0.5,0.51,0.33,0.33,om
0.67,0.84,0.48,0.5,0.74,0.54,0.37,om
0.74,0.9,0.48,0.5,0.57,0.53,0.29,om
0.73,0.84,0.48,0.5,0.86,0.58,0.29,om
0.75,0.76,0.48,0.5,0.83,0.57,0.3,om
0.77,0.57,0.48,0.5,0.88,0.53,0.2,om
0.74,0.78,0.48,0.5,0.75,0.54,0.15,om
0.68,0.76,0.48,0.5,0.84,0.45,0.27,om
0.56,0.68,0.48,0.5,0.77,0.36,0.45,om
0.65,0.51,0.48,0.5,0.66,0.54,0.33,om
0.52,0.81,0.48,0.5,0.72,0.38,0.38,om
0.64,0.57,0.48,0.5,0.7,0.33,0.26,om
0.6,0.76,1.0,0.5,0.77,0.59,0.52,om
0.69,0.59,0.48,0.5,0.77,0.39,0.21,om
0.63,0.49,0.48,0.5,0.79,0.45,0.28,om
0.71,0.71,0.48,0.5,0.68,0.43,0.36,om
0.68,0.63,0.48,0.5,0.73,0.4,0.3,om
0.77,0.57,1.0,0.5,0.37,0.54,0.01,omL
0.66,0.49,1.0,0.5,0.54,0.56,0.36,omL
0.71,0.46,1.0,0.5,0.52,0.59,0.3,omL
0.67,0.55,1.0,0.5,0.66,0.58,0.16,omL
0.68,0.49,1.0,0.5,0.62,0.55,0.28,omL
0.74,0.49,0.48,0.5,0.42,0.54,0.36,pp
0.7,0.61,0.48,0.5,0.56,0.52,0.43,pp
0.66,0.86,0.48,0.5,0.34,0.41,0.36,pp
0.73,0.78,0.48,0.5,0.58,0.51,0.31,pp
0.65,0.57,0.48,0.5,0.47,0.47,0.51,pp
0.72,0.86,0.48,0.5,0.17,0.55,0.21,pp
0.67,0.7,0.48,0.5,0.46,0.45,0.33,pp
0.67,0.81,0.48,0.5,0.54,0.49,0.23,pp
0.67,0.61,0.48,0.5,0.51,0.37,0.38,pp
0.63,1.0,0.48,0.5,0.35,0.51,0.49,pp
0.57,0.59,0.48,0.5,0.39,0.47,0.33,pp
0.71,0.71,0.48,0.5,0.4,0.54,0.39,pp
0.66,0.74,0.48,0.5,0.31,0.38,0.43,pp
0.67,0.81,0.48,0.5,0.25,0.42,0.25,pp
0.64,0.72,0.48,0.5,0.49,0.42,0.19,pp
0.68,0.82,0.48,0.5,0.38,0.65,0.56,pp
0.32,0.39,0.48,0.5,0.53,0.28,0.38,pp
0.7,0.64,0.48,0.5,0.47,0.51,0.47,pp
0.63,0.57,0.48,0.5,0.49,0.7,0.2,pp
0.74,0.82,0.48,0.5,0.49,0.49,0.41,pp
0.63,0.86,0.48,0.5,0.39,0.47,0.34,pp
0.63,0.83,0.48,0.5,0.4,0.39,0.19,pp
0.63,0.71,0.48,0.5,0.6,0.4,0.39,pp
0.71,0.86,0.48,0.5,0.4,0.54,0.32,pp
0.68,0.78,0.48,0.5,0.43,0.44,0.42,pp
0.64,0.84,0.48,0.5,0.37,0.45,0.4,pp
0.74,0.47,0.48,0.5,0.5,0.57,0.42,pp
0.75,0.84,0.48,0.5,0.35,0.52,0.33,pp
0.63,0.65,0.48,0.5,0.39,0.44,0.35,pp
0.69,0.67,0.48,0.5,0.3,0.39,0.24,pp
0.7,0.71,0.48,0.5,0.42,0.84,0.85,pp
0.69,0.8,0.48,0.5,0.46,0.57,0.26,pp
0.64,0.66,0.48,0.5,0.41,0.39,0.2,pp
0.63,0.8,0.48,0.5,0.46,0.31,0.29,pp
0.66,0.71,0.48,0.5,0.41,0.5,0.35,pp
0.69,0.59,0.48,0.5,0.46,0.44,0.52,pp
0.68,0.67,0.48,0.5,0.49,0.4,0.34,pp
0.64,0.78,0.48,0.5,0.5,0.36,0.38,pp
0.62,0.78,0.48,0.5,0.47,0.49,0.54,pp
0.76,0.73,0.48,0.5,0.44,0.39,0.39,pp
0.64,0.81,0.48,0.5,0.37,0.39,0.44,pp
0.29,0.39,0.48,0.5,0.52,0.4,0.48,pp
0.62,0.83,0.48,0.5,0.46,0.36,0.4,pp
0.56,0.54,0.48,0.5,0.43,0.37,0.3,pp
0.69,0.66,0.48,0.5,0.41,0.5,0.25,pp
0.69,0.65,0.48,0.5,0.63,0.48,0.41,pp
0.43,0.59,0.48,0.5,0.52,0.49,0.56,pp
0.74,0.56,0.48,0.5,0.47,0.68,0.3,pp
0.71,0.57,0.48,0.5,0.48,0.35,0.32,pp
0.61,0.6,0.48,0.5,0.44,0.39,0.38,pp
0.59,0.61,0.48,0.5,0.42,0.42,0.37,pp
0.74,0.74,0.48,0.5,0.31,0.53,0.52,pp
0.7109769003642714,0.42512608116566875,1.0,0.6097690036427147,0.4858508191986028,0.7431616974500996,0.7214494760658681,imL
0.7223596048774683,0.46155073560789883,1.0,0.7235960487746838,0.4608088692695696,0.6634827658577213,0.5985162673233415,imL
0.7337109725408021,0.49787511213056673,1.0,0.8371097254080209,0.4358358604102354,0.5840231922143854,0.4759214965593374,imL
0.7305979424081022,0.48791341570592683,1.0,0.8059794240810212,0.44268452670217534,0.605814403143285,0.509542221992497,imL
0.7404042966847278,0.5192937493911293,1.0,0.9040429668472787,0.4211105472935987,0.5371699232069048,0.40363359580493896,imL
0.7301478193113915,0.48647302179645274,1.0,0.8014781931139148,0.44367479751493877,0.6089652648202596,0.514403551436972,imL
0.7057422132578071,0.40837508242498266,1.0,0.5574221325780706,0.49736713083282447,0.7798045071953505,0.7779840968156837,imL
0.7215483550505281,0.45895473616169,1.0,0.7154835505052812,0.46259361888883815,0.6691615146463031,0.6072777654542963,imL
0.7198710962859687,0.4535875081150998,1.0,0.6987109628596868,0.4662835881708689,0.6809023259982192,0.6253921601115382,imL
0.7286765313243295,0.4817649002378546,1.0,0.7867653132432956,0.44691163108647497,0.6192642807296931,0.5302934616972408,imL
0.7312508718822173,0.49000279002309544,1.0,0.8125087188221731,0.4412480818591219,0.6012438968244788,0.502490583672053,imL
0.7292904803067087,0.48372953698146803,1.0,0.7929048030670875,0.44556094332524077,0.6149666378530387,0.5236628126875454,imL
0.7286084714809979,0.4815471087391935,1.0,0.7860847148099797,0.4470613627418045,0.6197406996330143,0.531028508005222,imL
0.7091899906134195,0.4194079699629424,1.0,0.591899906134195,0.4897820206504771,0.7556700657060634,0.7407481013750694,imL
0.7482340211473308,0.5443488676714586,1.0,0.9823402114733081,0.4038851534758722,0.4823618519686843,0.3190725716088273,imL
0.7037914364363378,0.402132596596281,1.0,0.5379143643633779,0.5016588398400569,0.7934599449456354,0.7990524864875519,imL
0.7158592739842681,0.44074967674965804,1.0,0.6585927398426812,0.47510959723461016,0.7089850821101231,0.6687198409699043,imL
0.7328500644337373,0.49512020618795954,1.0,0.8285006443373735,0.43772985824577787,0.5900495489638385,0.48521930411563674,imL
0.737533868471123,0.5101083791075935,1.0,0.8753386847112298,0.4274254893635295,0.5572629207021391,0.43463422051187184,imL
0.7255648115176139,0.47180739685636447,1.0,0.7556481151761388,0.45375741466124947,0.6410463193767028,0.5639000356097701,imL
0.7015182880389367,0.39485852172459746,1.0,0.515182880389367,0.5066597663143393,0.8093719837274431,0.8236024891794838,imL
0.7075254709221759,0.414081506950963,1.0,0.5752547092217595,0.49344396397121293,0.7673217035447684,0.7587249140404999,imL
0.7331452482570563,0.4960647944225801,1.0,0.8314524825705628,0.4370804538344762,0.587983262200606,0.48203131882379213,imL
0.7355302981912023,0.5036969542118473,1.0,0.8553029819120227,0.431833343979355,0.5712879126615841,0.4562727795350155,imL
0.740334279202927,0.5190696934493666,1.0,0.9033427920292705,0.4212645857535605,0.5376600455795106,0.4043897846083879,imL
0.7365680745038858,0.5070178384124349,1.0,0.8656807450388588,0.4295502360914511,0.5640234784727989,0.4450647953580325,imL
0.7101796956600928,0.422575026112297,1.0,0.601796956600928,0.48760466954779585,0.7487421303793502,0.7300592868709976,imL
0.7060864022655996,0.4094764872499187,1.0,0.560864022655996,0.49660991501568086,0.7773951841408028,0.7742668555315244,imL
0.737907049103466,0.5113025571310915,1.0,0.8790704910346608,0.42660449197237466,0.5546506562757374,0.43060386968256625,imL
0.7189797493499209,0.45073519791974714,1.0,0.6897974934992097,0.4682445514301739,0.6871417545505532,0.6350187070208535,imL
0.7442221338109845,0.5315108281951502,1.0,0.9422213381098442,0.4127113056158343,0.510445063323109,0.36240095484136825,imL
0.7024525172204656,0.3978480551054901,1.0,0.5245251722046564,0.5046044621149756,0.8028323794567405,0.8135128140189709,imL
0.7280652553922272,0.47980881725512714,1.0,0.7806525539222722,0.44825643813710014,0.6235432122544093,0.536895241763946,imL
0.7009987690666744,0.3931960610133581,1.0,0.509987690666744,0.5078027080533163,0.8130086165332792,0.8292132940799166,imL
0.7146191825551531,0.43678138417649004,1.0,0.6461918255515313,0.47783779837866314,0.7176657221139281,0.6821128284043463,imL
0.7220976386779205,0.460712443769346,1.0,0.7209763867792062,0.46138519490857466,0.6653165292545556,0.6013455022784573,imL
0.7455325215524308,0.5357040689677787,1.0,0.9553252155243082,0.4098284525846522,0.5012723491329842,0.3482487672337471,imL
0.7187556629194634,0.4500181213422827,1.0,0.6875566291946335,0.46873754157718067,0.6887103595637565,0.6374388404697959,imL
0.7082470925155362,0.416390696049716,1.0,0.5824709251553626,0.49185639646582024,0.7622703523912462,0.7509314008322084,imL
0.7449281522319594,0.5337700871422703,1.0,0.9492815223195945,0.4111580650896892,0.5055029343762838,0.3547759558948379,imL
0.7225576888806864,0.46218460441819664,1.0,0.7255768888068643,0.46037308446248987,0.6620961778351949,0.5963769600885865,imL
0.7294298417895154,0.4841754937264495,1.0,0.7942984178951547,0.445254348063066,0.6139911074733917,0.5221577086732331,imL
0.740652255710854,0.5200872182747328,1.0,0.90652255710854,0.4205650374361212,0.5354342100240219,0.4009556383227768,imL
0.7484416003685523,0.5450131211793676,1.0,0.9844160036855238,0.4034284791891848,0.48090879742013326,0.31683071601963425,imL
0.7006434373587477,0.3920589995479926,1.0,0.5064343735874768,0.5085844378107551,0.8154959384887661,0.8330508765255251,imL
0.7211243628412168,0.4575979610918939,1.0,0.7112436284121683,0.463526401749323,0.6721294601114822,0.6118568813148583,imL
0.7329151468706466,0.49532846998606933,1.0,0.8291514687064665,0.43758667688457736,0.5895939719054734,0.48451641379701615,imL
0.7431871815819807,0.5281989810623382,1.0,0.9318718158198067,0.4149882005196425,0.5176897289261352,0.3735784389146087,imL
0.725438195107838,0.4714022243450817,1.0,0.7543819510783802,0.45403597076275637,0.6419326342451338,0.5652674928353494,imL
0.7388363598053367,0.5142763513770773,1.0,0.8883635980533665,0.42456000842825936,0.5481454813626434,0.42056731410236414,imL
0.7167164429849474,0.4434926175518319,1.0,0.6671644298494745,0.47322382543311564,0.7029848991053678,0.6594624157625675,imL
0.7022498753287616,0.3971996010520371,1.0,0.522498753287616,0.5050502742767246,0.8042508726986688,0.8157013464493748,imL
0.7492605274811732,0.5476336879397545,1.0,0.9926052748117327,0.4016268395414188,0.4751763076317871,0.30798630320332865,imL
0.700764011951553,0.3924448382449697,1.0,0.5076401195155302,0.5083191737065834,0.8146519163391288,0.8317486709232274,imL
0.7493881707577185,0.548042146424699,1.0,0.9938817075771842,0.40134602433301947,0.474282804695971,0.306607755816641,imL
0.7279740345680179,0.4795169106176573,1.0,0.7797403456801788,0.44845712395036064,0.6241817580238748,0.5378804266654068,imL
0.7285344679842803,0.4813102975496972,1.0,0.7853446798428035,0.44722417043458323,0.6202587241100375,0.5318277457697722,imL
0.7384682795808978,0.513098494658873,1.0,0.884682795808978,0.4253697849220248,0.5507220429337153,0.42454258052630367,imL
0.7139689731825718,0.43470071418423,1.0,0.6396897318257186,0.4792682589983419,0.722217187721997,0.6891350896282238,imL
0.7136805808968779,0.43377785887000947,1.0,0.6368058089687795,0.4799027220268685,0.7242359337218544,0.6922497263137182,imL
0.7346217889834438,0.50078972474702,1.0,0.8462178898344375,0.4338320642364238,0.5776474771158937,0.46608467897880757,imL
0.7450283424683006,0.534090695898562,1.0,0.9502834246830059,0.41093764656973875,0.5048016027218959,0.35369390134235373,imL
0.7176509194407832,0.44648294221050633,1.0,0.6765091944078323,0.4711679772302769,0.6964435639145174,0.6493700700395412,imL
0.7012966740571431,0.394149356982858,1.0,0.5129667405714313,0.5071473170742851,0.810923281599998,0.8259959201828542,imL
0.7484556892457458,0.5450582055863865,1.0,0.9845568924574578,0.4033974836593593,0.4808101752797795,0.31667855614594553,imL
0.7313005389571989,0.4901617246630368,1.0,0.8130053895719899,0.44113881429416224,0.600896227299607,0.5019541792622509,imL
0.7109782214286609,0.4251303085717148,1.0,0.6097822142866087,0.4858479128569461,0.7431524499993739,0.7214352085704627,imL
0.705669280143399,0.4081416964588769,1.0,0.5566928014339902,0.49752758368452216,0.7803150389962068,0.7787717744512905,imL
0.7434878417630238,0.5291610936416762,1.0,0.934878417630238,0.4143267481213476,0.5155851076588333,0.37033130895934285,imL
0.7040780849593937,0.40304987187006003,1.0,0.5407808495939375,0.5010282130893338,0.7914534052842437,0.7959566824385476,imL
0.7302411554915585,0.4867716975729873,1.0,0.8024115549155852,0.4434694579185713,0.6083119115590904,0.513395520691168,imL
0.7451313954887349,0.5344204655639517,1.0,0.951313954887349,0.4107109299247832,0.5040802315788556,0.35258092872166297,imL
0.7466974436852388,0.5394318197927642,1.0,0.966974436852388,0.40726562389247467,0.49311789420332836,0.3356676081994209,imL
0.7083430221341069,0.4166976708291422,1.0,0.5834302213410694,0.49164535130496473,0.7615988450612514,0.749895360951645,imL
0.7281495086702028,0.48007842774464893,1.0,0.7814950867020278,0.4480710809255539,0.6229534393085805,0.53598530636181,imL
0.7249278237812428,0.469769036099977,1.0,0.7492782378124281,0.45515878768126583,0.6455052335313003,0.5707795031625776,imL
0.748936578588106,0.5465970514819393,1.0,0.98936578588106,0.4023395271061668,0.477443949883258,0.3114849512484552,imL
0.7353974686523079,0.5032718996873855,1.0,0.8539746865230795,0.43212556896492255,0.5722177194338444,0.4577073385550741,imL
0.7471293653705623,0.5408139691857995,1.0,0.9712936537056233,0.4063153961847629,0.4900944424060637,0.33100285399792684,imL
0.7465898652586948,0.5390875688278234,1.0,0.965898652586948,0.40750229643087144,0.4938709431891364,0.3368294552060961,imL
0.7046742741426499,0.4049576772564799,1.0,0.5467427414264996,0.4997165968861701,0.7872800810014502,0.7895178392593805,imL
0.7328000753852911,0.4949602412329317,1.0,0.8280007538529115,0.4378398341523595,0.590399472302962,0.4857591858388556,imL
0.7407706200389939,0.5204659841247803,1.0,0.9077062003899383,0.4203046359142136,0.5346056597270432,0.39967730357886655,imL
0.7178764919669705,0.44720477429430555,1.0,0.6787649196697048,0.47067171767266497,0.6948645562312067,0.6469338867567189,imL
0.7337882708649492,0.4981224667678375,1.0,0.837882708649492,0.43566580409711175,0.5834821039453555,0.47508667465854854,imL
0.718847777266402,0.4503128872524866,1.0,0.6884777726640204,0.4685348900139155,0.6880655591351856,0.6364440055228578,imL
0.7312055729198825,0.4898578333436243,1.0,0.8120557291988258,0.44134773957625834,0.6015609895608218,0.502979812465268,imL
0.7186096347744624,0.4495508312782799,1.0,0.6860963477446247,0.46905880349618256,0.6897325565787626,0.6390159444358053,imL
0.7268253053105763,0.47584097699384437,1.0,0.7682530531057635,0.450984328316732,0.6322228628259655,0.5502867026457754,imL
0.7191335020986394,0.45122720671564603,1.0,0.6913350209863938,0.4679062953829934,0.6860654853095244,0.6333581773346948,imL
0.7404142758699697,0.5193256827839031,1.0,0.9041427586996971,0.42108859308606666,0.537100068910212,0.40352582060432707,imL
0.7084328782467911,0.41698521038973174,1.0,0.5843287824679116,0.49144766785705946,0.7609698522724618,0.7489249149346554,imL
0.7247480475711051,0.46919375222753656,1.0,0.7474804757110517,0.4555542953435686,0.6467636670022638,0.5727210862320642,imL
0.7153790576070791,0.4392129843426531,1.0,0.6537905760707907,0.47616607326442606,0.7123465967504464,0.6739061778435459,imL
0.702736299994126,0.39875615998120345,1.0,0.5273629999412607,0.5039801400129227,0.8008459000411174,0.8104479600634384,imL
0.7158377972518135,0.44068095120580353,1.0,0.6583779725181359,0.4751568460460101,0.7091354192373048,0.6689517896804131,imL
0.7137767478295286,0.4340855930544917,1.0,0.6377674782952865,0.479691154775037,0.7235627651932994,0.6912111234410907,imL
0.7162794925031388,0.4420943760100443,1.0,0.6627949250313884,0.4741851164930946,0.7060435524780281,0.6641814809661005,imL
0.7445518206280857,0.5325658260098742,1.0,0.9455182062808567,0.41198599461821156,0.5081372556034003,0.3588403372166747,imL
0.7360285796218069,0.5052914547897821,1.0,0.860285796218069,0.43073712483202486,0.5677999426473517,0.4508913400844855,imL
0.724602251369269,0.4687272043816609,1.0,0.7460225136926901,0.45587504698760817,0.6477842404151168,0.5742956852118946,imL
0.701044694283131,0.3933430217060193,1.0,0.5104469428313103,0.5077016725771117,0.8126871400180827,0.8287173017421848,imL
0.7040050324944197,0.4028161039821432,1.0,0.5400503249441975,0.5011889285122766,0.7919647725390617,0.7967456490602667,imL
0.7305306720015367,0.4876981504049175,1.0,0.805306720015367,0.4428325215966193,0.6062852959892431,0.5102687423834036,imL
0.7466088669915254,0.5391483743728813,1.0,0.966088669915254,0.40746049261864414,0.4937379310593222,0.3366242364915256,imL
0.7110724185533139,0.42543173937060474,1.0,0.6107241855331398,0.48564067918270926,0.7424930701268021,0.7204178796242089,imL
0.7106491771201849,0.42407736678459185,1.0,0.6064917712018494,0.48657181033559316,0.7454557601587054,0.7249888871020026,imL
0.7066911969705522,0.4114118303057669,1.0,0.5669119697055216,0.4952793666647853,0.7731616212061349,0.7677350727180366,imL
0.7095964422991253,0.4207086153572011,1.0,0.5959644229912533,0.4888878269419243,0.7528249039061226,0.7363584231694463,imL
0.7285056211839452,0.48121798778862473,1.0,0.7850562118394522,0.4472876333953205,0.6204606517123834,0.5321392912133915,imL
0.7135873552277628,0.4334795367288411,1.0,0.6358735522776283,0.48010781849892176,0.7248885134056602,0.6932565635401614,imL
0.7437619807479431,0.5300383383934179,1.0,0.9376198074794306,0.4137236423545253,0.5136661347643985,0.3673706079222149,imL
0.737028577219549,0.5084914471025569,1.0,0.8702857721954901,0.4285371301169922,0.560799959463157,0.44009136602887067,imL
0.7080693749024249,0.4158219996877598,1.0,0.5806937490242492,0.49224737521466516,0.7635143756830255,0.7528507510538107,imL
0.7040129682215407,0.4028414983089303,1.0,0.5401296822154071,0.5011714699126104,0.791909222449215,0.7966599432073603,imL
0.7357478472956904,0.5043931113462093,1.0,0.857478472956904,0.43135473594948115,0.5697650689301672,0.45392324920654364,imL
0.7024883256011418,0.3979626419236538,1.0,0.5248832560114182,0.5045256836774881,0.8025817207920072,0.8131260835076684,imL
0.7176384180777159,0.4464429378486911,1.0,0.6763841807771596,0.4711954802290249,0.6965310734559883,0.6495050847606676,imL
0.7422988917993109,0.5253564537577948,1.0,0.9229889179931088,0.4169424380415161,0.5239077574048239,0.38317196856744246,imL
0.705440846940865,0.407410710210768,1.0,0.55440846940865,0.498030136730097,0.781914071413945,0.7812388530386579,imL
0.7458046829386338,0.536574985403628,1.0,0.9580468293863376,0.40922969753500577,0.4993672194295637,0.3453094242627554,imL
0.7155394882463287,0.439726362388252,1.0,0.6553948824632876,0.4758131258580768,0.7112235822756987,0.6721735269396494,imL
0.7231853685061234,0.4641931792195947,1.0,0.7318536850612333,0.4589921892865287,0.6577024204571367,0.589598020133868,imL
0.725235474489316,0.47075351836581136,1.0,0.7523547448931605,0.4544819561235047,0.6433516785747877,0.5674568755153867,imL
0.716997009196143,0.44439042942765755,1.0,0.6699700919614298,0.47260657976848547,0.7010209356269991,0.6564323006816557,imL
0.7011883140671794,0.3938026050149742,1.0,0.5118831406717945,0.5073857090522053,0.8116818015297438,0.827166208074462,imL
0.7166783364745112,0.44337067671843583,1.0,0.666783364745112,0.47330765975607536,0.7032516446784216,0.659873966075279,imL
0.7167748119435455,0.44367939821934566,1.0,0.6677481194354551,0.4730954137241999,0.7025763163951814,0.6588320310097084,imL
0.7225577207557653,0.4621847064184492,1.0,0.7255772075576536,0.4603730143373162,0.6620959547096424,0.596376615837734,imL
0.7147946492430667,0.43734287757781365,1.0,0.6479464924306675,0.47745177166525316,0.7164374552985326,0.680217788174879,imL
0.7428303048910909,0.5270569756514911,1.0,0.9283030489109094,0.4157733292396,0.5201878657623633,0.37743270717621774,imL
0.7181146086774336,0.44796674776778744,1.0,0.6811460867743357,0.47014786090964616,0.6931977392579649,0.6443622262837173,imL
0.7265863881405689,0.4750764420498205,1.0,0.7658638814056891,0.4515099460907484,0.6338952830160176,0.5528670080818557,imL
0.7448592697213904,0.5335496631084491,1.0,0.9485926972139035,0.41130960661294125,0.5059851119502675,0.3555198870089842,imL
0.7165993357623772,0.4431178744396072,1.0,0.6659933576237724,0.4734814613227701,0.7038046496633593,0.6607271737663258,imL
0.7135132462283551,0.4332423879307364,1.0,0.6351324622835512,0.48027085829761873,0.7254072764015141,0.6940569407337647,imL
0.7205332135738926,0.45570628343645636,1.0,0.705332135738926,0.4648269301374363,0.6762675049827518,0.6182412934019599,imL
0.7240842754277522,0.4670696813688071,1.0,0.7408427542775222,0.4570145940589451,0.6514100720057344,0.579889825380276,imL
0.7325846810472908,0.49427097935133063,1.0,0.8258468104729082,0.43831370169596023,0.5919072326689643,0.48808544468925913,imL
0.726435736759542,0.4745943576305344,1.0,0.76435736759542,0.4518413791290076,0.634949842683206,0.5544940429969465,imL
0.6888855803963638,0.5007064691629752,0.48,0.5,0.5373233827092563,0.6957611850221486,0.6722288392072724,imS
0.8300890308865643,0.5263798237975572,0.48,0.5,0.5309050440506108,0.5417210572146571,0.38982193822687133,imS
0.6751484213946007,0.4982088038899274,0.48,0.5,0.5379477990275182,0.7107471766604355,0.6997031572107986,imS
0.7723870536058831,0.5158885552010697,0.48,0.5,0.5335278611997326,0.604668668793582,0.5052258927882338,imS
0.6349051062829559,0.49089183750599197,0.48,0.5,0.5397770406235021,0.7546489749640481,0.7801897874340882,imS
0.8451449810547699,0.5291172692826854,0.48,0.5,0.5302206826793286,0.5252963843038874,0.3597100378904602,imS
0.8457485590854741,0.5292270107428135,0.48,0.5,0.5301932473142966,0.5246379355431192,0.3585028818290519,imS
0.7866550850411207,0.5184827427347493,0.48,0.5,0.5328793143163127,0.5891035435915046,0.47668982991775855,imS
0.8476245871686607,0.5295681067579383,0.48,0.5,0.5301079733105154,0.5225913594523701,0.3547508256626784,imS
0.8382964236700583,0.5278720770309198,0.48,0.5,0.5305319807422701,0.5327675378144818,0.37340715265988333,imS
0.7431642933766817,0.5105753260684875,0.48,0.5,0.5348561684828781,0.6365480435890746,0.5636714132466367,imS
0.7140056540713292,0.5052737552856962,0.48,0.5,0.536181561178576,0.6683574682858227,0.6219886918573416,imS
0.8059728000308801,0.5219950545510691,0.48,0.5,0.5320012363622327,0.5680296726935853,0.43805439993823964,imS
0.7773599552263428,0.5167927191320624,0.48,0.5,0.5333018202169845,0.5992436852076259,0.4952800895473143,imS
0.7802358318500859,0.5173156057909247,0.48,0.5,0.5331710985522689,0.5961063652544517,0.48952833629982806,imS
0.818982901902236,0.5243605276185884,0.48,0.5,0.531409868095353,0.5538368342884699,0.41203419619552806,imS
0.7481918487013487,0.5114894270366088,0.48,0.5,0.5346276432408478,0.6310634377803468,0.5536163025973025,imS
0.6406152643677804,0.49193004806686913,0.48,0.5,0.5395174879832827,0.7484197115987851,0.7687694712644393,imS
0.7403693334600862,0.5100671515381975,0.48,0.5,0.5349832121154506,0.6395970907708151,0.5692613330798276,imS
0.7267519442977357,0.5075912625995883,0.48,0.5,0.535602184350103,0.6544524244024702,0.5964961114045286,imS
0.7519252477394667,0.5121682268617213,0.48,0.5,0.5344579432845697,0.6269906388296728,0.5461495045210667,imS
0.8431563524655098,0.5287557004482746,0.48,0.5,0.5303110748879314,0.5274657973103529,0.36368729506898034,imS
0.6656251909112229,0.4964773074384041,0.48,0.5,0.538380673140399,0.7211361553695751,0.7187496181775543,imS
0.8083991444329212,0.5224362080787129,0.48,0.5,0.5318909479803218,0.5653827515277223,0.43320171113415756,imS
0.6879098701386159,0.5005290672979301,0.48,0.5,0.5373677331755174,0.696825596212419,0.6741802597227682,imS
0.7554382389817402,0.5128069525421346,0.48,0.5,0.5342982618644664,0.6231582847471924,0.5391235220365194,imS
0.8064420697019801,0.5220803763094509,0.48,0.5,0.5319799059226373,0.5675177421432945,0.43711586059603985,imS
0.7807197345657639,0.5174035881028662,0.48,0.5,0.5331491029742835,0.595578471382803,0.48856053086847195,imS
0.737486825759859,0.5095430592290653,0.48,0.5,0.5351142351927337,0.6427416446256085,0.575026348480282,imS
0.6314534875778378,0.4902642704686978,0.48,0.5,0.5399339323828256,0.7584143771878133,0.7870930248443244,imS
0.6821923537960414,0.49948951887200754,0.48,0.5,0.5376276202819982,0.7030628867679548,0.6856152924079172,imS
0.715817936840287,0.5056032612436886,0.48,0.5,0.5360991846890779,0.6663804325378686,0.6183641263194258,imS
0.7261293814096276,0.5074780693472051,0.48,0.5,0.5356304826631988,0.65513158391677,0.5977412371807448,imS
0.7323259618006036,0.5086047203273825,0.48,0.5,0.5353488199181544,0.6483716780357052,0.5853480763987927,imS
0.6854264981198609,0.500077545112702,0.48,0.5,0.5374806137218245,0.6995347293237881,0.6791470037602783,imS
0.8228310977964938,0.5250601995993626,0.48,0.5,0.5312349501001594,0.549638802403825,0.40433780440701245,imS
0.6731793214698343,0.49785078572178804,0.48,0.5,0.538037303569553,0.7128952856692717,0.7036413570603315,imS
0.703758544204368,0.5034106444007942,0.48,0.5,0.5366473388998015,0.6795361335952349,0.642482911591264,imS
0.6826711439041837,0.4995765716189425,0.48,0.5,0.5376058570952644,0.7025405702863451,0.6846577121916326,imS
0.7529534400629792,0.5123551709205417,0.48,0.5,0.5344112072698646,0.6258689744767499,0.5440931198740415,imS
0.7593965870116232,0.5135266521839315,0.48,0.5,0.5341183369540171,0.6188400868964111,0.5312068259767537,imS
0.8241677355807117,0.5253032246510385,0.48,0.5,0.5311741938372404,0.5481806520937691,0.4016645288385765,imS
0.7713353345324384,0.5156973335513525,0.48,0.5,0.5335756666121619,0.6058159986918854,0.5073293309351232,imS
0.6425673411383227,0.4922849711160587,0.48,0.5,0.5394287572209854,0.746290173303648,0.7648653177233546,imS
0.7879973561375548,0.51872679202501,0.48,0.5,0.5328183019937476,0.5876392478499401,0.47400528772489015,imS
0.7601311132647054,0.5136602024117647,0.48,0.5,0.5340849493970589,0.6180387855294123,0.5297377734705891,imS
0.6971553283440566,0.5022100596989194,0.48,0.5,0.5369474850752702,0.6867396418064837,0.6556893433118868,imS
0.8467104849086492,0.5294019063470271,0.48,0.5,0.5301495234132433,0.5235885619178373,0.3565790301827016,imS
0.6424262492421474,0.4922593180440268,0.48,0.5,0.5394351704889934,0.7464440917358391,0.7651475015157052,imS
0.8489092892287016,0.529801688950673,0.48,0.5,0.5300495777623317,0.5211898662959619,0.3521814215425967,imS
0.75967633987493,0.5135775163408963,0.48,0.5,0.534105620914776,0.6185349019546219,0.53064732025014,imS
0.6721675563132211,0.4976668284205857,0.48,0.5,0.5380832928948536,0.713999029476486,0.7056648873735578,imS
0.6627508372128061,0.4959546976750556,0.48,0.5,0.5385113255812362,0.7242718139496661,0.7244983255743878,imS
0.8213305612577059,0.5247873747741284,0.48,0.5,0.531303156306468,0.5512757513552299,0.4073388774845881,imS
0.7305708458072367,0.5082856083285885,0.48,0.5,0.5354285979178529,0.650286350028469,0.5888583083855264,imS
0.7024332431060457,0.5031696805647355,0.48,0.5,0.5367075798588161,0.6809819166115865,0.6451335137879086,imS
0.8282984335744393,0.5260542606498981,0.48,0.5,0.5309864348375255,0.5436744361006117,0.3934031328511214,imS
0.740699381111555,0.5101271602021009,0.48,0.5,0.5349682099494748,0.6392370387873946,0.56860123777689,imS
0.8288161964275487,0.5261483993504634,0.48,0.5,0.5309629001623842,0.5431096038972196,0.3923676071449026,imS
0.8420493929705763,0.5285544350855593,0.48,0.5,0.5303613912286101,0.528673389486644,0.3659012140588473,imS
0.845467917264437,0.5291759849571704,0.48,0.5,0.5302060037607075,0.5249440902569777,0.3590641654711258,imS
0.7440409609882119,0.5107347201796749,0.48,0.5,0.5348163199550813,0.6355916789219507,0.5619180780235762,imS
0.7364172733614683,0.5093485951566307,0.48,0.5,0.5351628512108424,0.6439084290602164,0.5771654532770633,imS
0.8174947871662892,0.5240899613029617,0.48,0.5,0.5314775096742597,0.55546023218223,0.41501042566742147,imS
0.8442281003609636,0.5289505637019934,0.48,0.5,0.5302623590745017,0.5262966177880397,0.3615437992780727,imS
0.7541922549826712,0.5125804099968493,0.48,0.5,0.5343548975007877,0.6245175400189041,0.5416154900346576,imS
0.8359431822802692,0.527444214960049,0.48,0.5,0.5306389462599878,0.5353347102397062,0.3781136354394614,imS
0.8222148950017231,0.524948162727586,0.48,0.5,0.5312629593181035,0.5503110236344839,0.4055702099965539,imS
0.768970405294578,0.5152673464171961,0.48,0.5,0.533683163395701,0.6083959214968239,0.5120591894108438,imS
0.6783069050325854,0.49878307364228824,0.48,0.5,0.5378042315894279,0.7073015581462704,0.693386189934829,imS
0.6318959606203169,0.4903447201127849,0.48,0.5,0.5399138199718038,0.7579316793232906,0.7862080787593662,imS
0.639323065417246,0.4916951028031356,0.48,0.5,0.5395762242992161,0.7498293831811862,0.771353869165508,imS
0.8471229319980211,0.529476896726913,0.48,0.5,0.5301307758182718,0.5231386196385224,0.35575413600395756,imS
0.6426772135371702,0.4923049479158491,0.48,0.5,0.5394237630210378,0.7461703125049053,0.7646455729256596,imS
0.6878285616323165,0.5005142839331485,0.48,0.5,0.5373714290167129,0.6969142964011092,0.6743428767353669,imS
0.7297034671670679,0.5081279031212851,0.48,0.5,0.5354680242196788,0.6512325812722896,0.5905930656658642,imS
0.6820097389648697,0.49945631617543085,0.48,0.5,0.5376359209561423,0.7032621029474149,0.6859805220702605,imS
0.7306567190978852,0.5083012216541609,0.48,0.5,0.5354246945864598,0.6501926700750343,0.5886865618042295,imS
0.8019338204873319,0.5212606946340603,0.48,0.5,0.5321848263414849,0.5724358321956379,0.44613235902533616,imS
0.7254276559469295,0.5073504828994417,0.48,0.5,0.5356623792751396,0.6558971026033497,0.599144688106141,imS
0.8071978610439137,0.5222177929170753,0.48,0.5,0.5319455517707312,0.5666932424975487,0.43560427791217265,imS
0.7946481936235723,0.5199360352042859,0.48,0.5,0.5325159911989286,0.5803837887742849,0.4607036127528555,imS
0.8421759117044546,0.528577438491719,0.48,0.5,0.5303556403770703,0.5285353690496859,0.36564817659109067,imS
0.747353335500102,0.5113369700909276,0.48,0.5,0.5346657574772681,0.6319781794544342,0.5552933289997961,imS
0.635418954114714,0.49098526438449347,0.48,0.5,0.5397536839038767,0.7540884136930393,0.779162091770572,imS
0.6544840117461792,0.4944516384993053,0.48,0.5,0.5388870903751737,0.7332901690041682,0.7410319765076416,imS
0.804404562225346,0.5217099204046084,0.48,0.5,0.532072519898848,0.5697404775723499,0.4411908755493081,imS
0.7764535828297233,0.5166279241508588,0.48,0.5,0.5333430189622853,0.6002324550948472,0.49709283434055335,imS
0.7318536709450485,0.508518849262736,0.48,0.5,0.535370287684316,0.6488869044235834,0.5862926581099029,imS
0.6878202648028466,0.5005127754186994,0.48,0.5,0.5373718061453252,0.6969233474878037,0.6743594703943068,imS
0.7441626251791422,0.5107568409416623,0.48,0.5,0.5348107897645845,0.6354589543500266,0.5616747496417155,imS
0.7909693518300487,0.5192671548781906,0.48,0.5,0.5326832112804524,0.584397070730856,0.4680612963399027,imS
0.7892500830147682,0.5189545605481397,0.48,0.5,0.5327613598629651,0.5862726367111619,0.4714998339704635,imS
0.773207110519329,0.5160376564580599,0.48,0.5,0.533490585885485,0.6037740612516411,0.503585778961342,imS
0.7473644008381046,0.5113389819705645,0.48,0.5,0.5346652545073589,0.6319661081766133,0.5552711983237908,imS
0.7996686773405016,0.5208488504255457,0.48,0.5,0.5322877873936136,0.5749068974467255,0.4506626453189967,imS
0.8306520961157441,0.5264821992937717,0.48,0.5,0.5308794501765571,0.5411068042373701,0.3886958077685117,imS
0.8027857116370098,0.5214155839340018,0.48,0.5,0.5321461040164995,0.5715064963959892,0.4444285767259802,imS
0.6546481464255598,0.4944814811682836,0.48,0.5,0.5388796297079291,0.7331111129902984,0.7407037071488805,imS
0.6870279584513632,0.5003687197184297,0.48,0.5,0.5374078200703927,0.697787681689422,0.6759440830972737,imS
0.7149739756960547,0.5054498137629191,0.48,0.5,0.5361375465592703,0.6673011174224858,0.6200520486078905,imS
0.678578554093157,0.498832464380574,0.48,0.5,0.5377918839048565,0.7070052137165559,0.6928428918136859,imS
0.7028685859107476,0.5032488338019541,0.48,0.5,0.5366877915495115,0.6805069971882753,0.6442628281785048,imS
0.6813407746199664,0.49933468629453936,0.48,0.5,0.5376663284263652,0.7039918822327639,0.6873184507600671,imS
0.762918432410354,0.5141669877109735,0.48,0.5,0.5339582530722566,0.6149980737341593,0.5241631351792919,imS
0.6621235923651962,0.4958406531573084,0.48,0.5,0.538539836710673,0.7249560810561495,0.7257528152696074,imS
0.7683848775568958,0.5151608868285266,0.48,0.5,0.5337097782928684,0.609034679028841,0.5132302448862084,imS
0.6744964995729822,0.4980902726496331,0.48,0.5,0.5379774318375917,0.7114583641022012,0.7010070008540356,imS
0.6618770807863775,0.4957958328702505,0.48,0.5,0.5385510417824374,0.7252250027784972,0.7262458384272449,imS
0.709948025823263,0.5045360046951387,0.48,0.5,0.5363659988262154,0.6727839718291677,0.630103948353474,imS
0.7191058914938897,0.5062010711807072,0.48,0.5,0.5359497322048232,0.6627935729157567,0.6117882170122206,imS
0.7720626554097858,0.5158295737108701,0.48,0.5,0.5335426065722825,0.6050225577347792,0.5058746891804284,imS
0.8238414063412807,0.525243892062051,0.48,0.5,0.5311890269844872,0.5485366476276938,0.40231718731743854,imS
0.8136250429282537,0.5233863714415007,0.48,0.5,0.5316534071396248,0.5596817713509961,0.4227499141434926,imS
0.7633004983137979,0.5142364542388723,0.48,0.5,0.5339408864402819,0.614581274566766,0.5233990033724043,imS
0.8413263196636791,0.528422967211578,0.48,0.5,0.5303942581971055,0.529462196730532,0.36734736067264184,imS
0.7250619315626876,0.5072839875568523,0.48,0.5,0.535679003110787,0.6562960746588863,0.5998761368746248,imS
0.8040115454520873,0.5216384628094705,0.48,0.5,0.5320903842976324,0.5701692231431774,0.4419769090958252,imS
0.660564815157316,0.495557239119512,0.48,0.5,0.5386106902201221,0.726656565282928,0.7288703696853681,imS
0.7207930613095729,0.5065078293290133,0.48,0.5,0.5358730426677467,0.6609530240259205,0.6084138773808543,imS
0.8078857810146254,0.5223428692753864,0.48,0.5,0.5319142826811534,0.5659427843476814,0.4342284379707491,imS
0.6644490166944346,0.49626345758080626,0.48,0.5,0.5384341356047985,0.7224192545151623,0.7211019666111309,imS
0.812277844812454,0.5231414263295371,0.48,0.5,0.5317146434176158,0.5611514420227774,0.42544431037509184,imS
0.6583861981388032,0.49516112693432784,0.48,0.5,0.5387097182664181,0.7290332383940329,0.7332276037223936,imS
0.6806117085676759,0.49920212883048654,0.48,0.5,0.5376994677923784,0.7047872270170807,0.688776582864648,imS
0.8014363688876178,0.5211702488886578,0.48,0.5,0.5322074377778356,0.5729785066680533,0.44712726222476423,imS
0.7472336532280648,0.51131520967783,0.48,0.5,0.5346711975805425,0.6321087419330202,0.5555326935438705,imS
0.6909152955918998,0.5010755082894364,0.48,0.5,0.537231122927641,0.6935469502633821,0.6681694088162005,imS
0.6595508372402678,0.4953728794982305,0.48,0.5,0.5386567801254424,0.727762723010617,0.7308983255194644,imS
0.732978597027218,0.508723381277676,0.48,0.5,0.535319154680581,0.647659712333944,0.584042805945564,imS
0.7434066512279216,0.5106193911323494,0.48,0.5,0.5348451522169126,0.6362836532059037,0.5631866975441567,imS
0.8144019470742129,0.523527626740766,0.48,0.5,0.5316180933148086,0.5588342395554041,0.42119610585157424,imS
0.7049229408417528,0.5036223528803186,0.48,0.5,0.5365944117799204,0.678265882718088,0.6401541183164945,imS
0.6894047272687002,0.5008008595034,0.48,0.5,0.53729978512415,0.6951948429795998,0.6711905454625996,imS
0.8343870996934555,0.5271612908533556,0.48,0.5,0.5307096772866612,0.5370322548798667,0.38122580061308886,imS
0.8104380281870622,0.5228069142158295,0.48,0.5,0.5317982714460426,0.563158514705023,0.4291239436258754,imS
0.7832913685962357,0.5178711579265883,0.48,0.5,0.5330322105183529,0.5927730524404701,0.4834172628075285,imS
0.7710112359741004,0.5156384065407456,0.48,0.5,0.5335903983648137,0.6061695607555269,0.5079775280517991,imS
0.6649883175338,0.4963615122788727,0.48,0.5,0.5384096219302819,0.7218309263267636,0.7200233649323999,imS
0.7801365710380133,0.5172975583705479,0.48,0.5,0.533175610407363,0.5962146497767129,0.4897268579239735,imS
0.6632847859372208,0.49,1.0,0.5,0.5531391437488835,0.5583576070313896,0.3468608562511165,omL
0.7558334216504574,0.5596970339276053,1.0,0.5,0.3918938029038386,0.5425757415180987,0.05507547656672651,omL
0.6717705834714184,0.49,1.0,0.5,0.5870823338856734,0.5541147082642909,0.3129176661143266,omL
0.6743141164899689,0.49,1.0,0.5,0.5972564659598754,0.5528429417550156,0.3027435340401247,omL
0.699520851753069,0.46628748894815863,1.0,0.5,0.5241916592987724,0.5837125110518414,0.31257497789631716,omL
0.7079310261532138,0.4612413843080717,1.0,0.5,0.5208275895387144,0.5887586156919282,0.3024827686161434,omL
0.7084356788142111,0.4609385927114733,1.0,0.5,0.5206257284743155,0.5890614072885266,0.3018771854229466,omL
0.6710960440070287,0.49,1.0,0.5,0.5843841760281149,0.5544519779964857,0.3156158239718852,omL
0.713392769826281,0.5288311053282043,1.0,0.5,0.4574839011775659,0.5502922236679489,0.19011391418910614,omL
0.668071782503072,0.49,1.0,0.5,0.5722871300122878,0.5559641087484641,0.32771286998771226,omL
0.6649316365948574,0.5195898195691442,1.0,0.5,0.5991796391382883,0.5698632731897147,0.2613672681028529,omL
0.665639066605297,0.5238343996317822,1.0,0.5,0.6076687992635644,0.5712781332105941,0.24721866789405933,omL
0.7016519791090059,0.46500881253459647,1.0,0.5,0.5233392083563977,0.5849911874654035,0.31001762506919295,omL
0.6604461106307028,0.4926766637842164,1.0,0.5,0.5453533275684328,0.5608922212614055,0.35107778738594536,omL
0.670375046338698,0.4975454882463258,1.0,0.5,0.5239658374765577,0.5581136279384186,0.3269884889223246,omL
0.7608415916360801,0.5633393393716946,1.0,0.5,0.3841539038351489,0.5416651651570764,0.03914039024883592,omL
0.6991194908359303,0.4665283054984419,1.0,0.5,0.524352203665628,0.5834716945015581,0.31305661099688364,omL
0.6602774381835604,0.49,1.0,0.5,0.5411097527342417,0.5598612809082198,0.3588902472657583,omL
0.67855817054566,0.49,1.0,0.5,0.6142326821826397,0.5507209147271701,0.28576731781736026,omL
0.6697567584409093,0.5485405506454558,1.0,0.5,0.6570811012909116,0.5795135168818185,0.16486483118181405,omL
0.6806737617475005,0.4775957429514997,1.0,0.5,0.5317304953009998,0.5724042570485003,0.33519148590299935,omL
0.6620479301471074,0.48877124191173554,1.0,0.5,0.5391808279411571,0.5612287580882644,0.35754248382347115,omL
0.7008621740640723,0.5197179447738707,1.0,0.5,0.47684936735552474,0.5525705138065323,0.2299839916143156,omL
0.6708656575122108,0.48348060549267347,1.0,0.5,0.5356537369951156,0.5665193945073266,0.34696121098534694,omL
0.6688552292261276,0.5431313753567656,1.0,0.5,0.6462627507135311,0.5777104584522551,0.18289541547744817,omL
0.6912149377270481,0.47127103736377113,1.0,0.5,0.5275140249091808,0.5787289626362289,0.32254207472754226,omL
0.6663992350351566,0.49,1.0,0.5,0.5655969401406262,0.5568003824824218,0.33440305985937374,omL
0.6786420545516764,0.49,1.0,0.5,0.6145682182067052,0.5506789727241619,0.28543178179329487,omL
0.756563538944562,0.5602280283233178,1.0,0.5,0.39076543981294976,0.5424429929191706,0.052752376085484776,omL
0.6694175497550001,0.49,1.0,0.5,0.5776701990200005,0.5552912251225,0.3223298009799995,omL
0.7392923359848922,0.5476671534435579,1.0,0.5,0.4174572989324393,0.5455832116391105,0.10770620368443395,omL
0.6672980646477825,0.49,1.0,0.5,0.56919225859113,0.5563509676761088,0.33080774140887,omL
0.7669415276592881,0.5677756564794822,1.0,0.5,0.3747267299811002,0.5405560858801295,0.019731502902265108,omL
0.6702912334885811,0.49,1.0,0.5,0.5811649339543244,0.5548543832557095,0.3188350660456756,omL
0.6769561002291434,0.49,1.0,0.5,0.6078244009165736,0.5515219498854284,0.2921755990834264,omL
0.669330629002247,0.5459837740134821,1.0,0.5,0.6519675480269641,0.578661258004494,0.17338741995505993,omL
0.6636145770409483,0.487831253775431,1.0,0.5,0.5385541691836208,0.562168746224569,0.35566250755086204,omL
0.6687902991601729,0.5427417949610369,1.0,0.5,0.6454835899220739,0.5775805983203456,0.1841940167965436,omL
0.760501972436581,0.5630923435902407,1.0,0.5,0.38467876987073846,0.5417269141024399,0.04022099679269675,omL
0.7002688966769691,0.4658386619938185,1.0,0.5,0.5238924413292123,0.5841613380061814,0.31167732398763703,omL
0.6633790829104528,0.5102744974627167,1.0,0.5,0.5805489949254333,0.5667581658209055,0.29241834179094445,omL
0.7449230549787927,0.5517622218027582,1.0,0.5,0.4087552786691385,0.5445594445493105,0.08979027961293234,omL
0.6630013830548009,0.49,1.0,0.5,0.5520055322192037,0.5584993084725997,0.3479944677807964,omL
0.6682575505565673,0.5395453033394035,1.0,0.5,0.639090606678807,0.5765151011131344,0.194848988868655,omL
0.6720657362256716,0.49,1.0,0.5,0.5882629449026862,0.5539671318871643,0.3117370550973138,omL
0.7253882165239676,0.5375550665628854,1.0,0.5,0.4389454835538683,0.5481112333592787,0.15194658378737588,omL
0.7069785444863161,0.5241662141718663,1.0,0.5,0.46739679488478414,0.5514584464570335,0.21052281299808495,omL
0.6789713159078014,0.49,1.0,0.5,0.6158852636312054,0.5505143420460994,0.2841147363687946,omL
0.6755300271137339,0.49,1.0,0.5,0.6021201084549356,0.5522349864431331,0.29787989154506445,omL
0.6626380252466776,0.5058281514800654,1.0,0.5,0.5716563029601308,0.5652760504933552,0.3072394950664487,omL
0.6696052132336636,0.49,1.0,0.5,0.5784208529346543,0.5551973933831683,0.32157914706534574,omL
0.7341196683729182,0.5439052133621223,1.0,0.5,0.4254514216054901,0.5465236966594694,0.12416469154071486,omL
0.7272700782685028,0.5389236932861837,1.0,0.5,0.4360371517668594,0.5477690766784541,0.14595884187294583,omL
0.662444813096933,0.5046688785815977,1.0,0.5,0.5693377571631956,0.564889626193866,0.31110373806134084,omL
0.6805918117883517,0.47764491292698896,1.0,0.5,0.5317632752846593,0.5723550870730111,0.3352898258539779,omL
0.70664477374005,0.46201313575597003,1.0,0.5,0.5213420905039801,0.58798686424403,0.30402627151194,omL
0.7211089895411766,0.534442901484492,1.0,0.5,0.4455588343454544,0.548889274628877,0.16556230600534722,omL
0.6739347711714687,0.5001343790337954,1.0,0.5,0.5184644445531847,0.5574664052415512,0.315662091727145,omL
0.6721798112031626,0.49885804451139093,1.0,0.5,0.5211766554132943,0.5577854888721523,0.3212460552626646,omL
0.6629868087060905,0.507920852236543,1.0,0.5,0.5758417044730862,0.5659736174121811,0.30026382587818967,omL
0.6708604562962394,0.49,1.0,0.5,0.5834418251849574,0.5545697718518804,0.3165581748150426,omL
0.7523578239834489,0.5571693265334173,1.0,0.5,0.3972651811164881,0.5432076683666457,0.06613419641629908,omL
0.667690179085006,0.49,1.0,0.5,0.5707607163400242,0.556154910457497,0.3292392836599758,omL
0.6705602526743938,0.48366384839536375,1.0,0.5,0.5357758989302426,0.5663361516046362,0.3473276967907275,omL
0.7002073729207212,0.46587557624756726,1.0,0.5,0.5239170508317115,0.5841244237524327,0.3117511524951345,omL
0.6693955326384874,0.49,1.0,0.5,0.5775821305539492,0.5553022336807564,0.3224178694460507,omL
0.6604725670295067,0.49,1.0,0.5,0.5418902681180268,0.5597637164852467,0.3581097318819732,omL
0.6859488918640818,0.4744306648815509,1.0,0.5,0.5296204432543673,0.5755693351184491,0.3288613297631018,omL
0.6892172046078439,0.47246967723529365,1.0,0.5,0.5283131181568624,0.5775303227647064,0.3249393544705873,omL
0.6635085879254201,0.5110515275525206,1.0,0.5,0.5821030551050411,0.5670171758508402,0.2898282414915981,omL
0.6640846115737561,0.49,1.0,0.5,0.5563384462950243,0.557957694213122,0.34366155370497575,omL
0.6935875242525104,0.4698474854484938,1.0,0.5,0.5265649902989958,0.5801525145515062,0.31969497089698756,omL
0.662870507973754,0.49,1.0,0.5,0.551482031895016,0.558564746013123,0.34851796810498403,omL
0.6967563898987362,0.5167319199263536,1.0,0.5,0.4831946701564986,0.5533170200184117,0.24304785032220289,omL
0.6744336904074191,0.49,1.0,0.5,0.5977347616296761,0.5527831547962906,0.302265238370324,omL
0.6777045908354038,0.5028760660621118,1.0,0.5,0.5126383596180124,0.5567809834844721,0.30366721097826077,omL
0.688028813992947,0.4731827116042318,1.0,0.5,0.5287884744028212,0.5768172883957682,0.3263654232084636,omL
0.6988250681837566,0.4667049590897461,1.0,0.5,0.5244699727264974,0.583295040910254,0.3134099181794921,omL
0.7092802101737997,0.46043187389572016,1.0,0.5,0.5202879159304801,0.5895681261042798,0.3008637477914403,omL
0.6626030935539426,0.5056185613236559,1.0,0.5,0.5712371226473117,0.5652061871078853,0.3079381289211471,omL
0.662823626334797,0.5069417580087816,1.0,0.5,0.5738835160175633,0.5656472526695939,0.30352747330406127,omL
0.6646912867970283,0.5181477207821691,1.0,0.5,0.5962954415643382,0.5693825735940564,0.2661742640594363,omL
0.6976605038279811,0.5173894573294406,1.0,0.5,0.4817974031749385,0.5531526356676398,0.2401711241836969,omL
0.6690002115575894,0.49,1.0,0.5,0.5760008462303574,0.5554998942212054,0.32399915376964256,omL
0.6698033700213892,0.5488202201283351,1.0,0.5,0.65764044025667,0.5796067400427783,0.16393259957221665,omL
0.6655960339586062,0.49,1.0,0.5,0.5623841358344249,0.5572019830206969,0.3376158641655751,omL
0.6633472666459003,0.49,1.0,0.5,0.5533890665836011,0.5583263666770499,0.346610933416399,omL
0.6969705333209499,0.46781768000743007,1.0,0.5,0.52521178667162,0.58218231999257,0.3156353600148601,omL
0.6932696845030835,0.47003818929814994,1.0,0.5,0.5266921261987666,0.57996181070185,0.32007637859629984,omL
0.6649356258951735,0.5196137553710412,1.0,0.5,0.5992275107420824,0.569871251790347,0.2612874820965295,omL
0.7465387059634737,0.552937240700708,1.0,0.5,0.4062583635109952,0.544265689824823,0.08464957193440192,omL
0.6657464060328734,0.5244784361972404,1.0,0.5,0.6089568723944808,0.5714928120657468,0.24507187934253208,omL
0.7093455196775176,0.4603926881934895,1.0,0.5,0.520261792128993,0.5896073118065105,0.3007853763869789,omL
0.6756549680927901,0.49,1.0,0.5,0.6026198723711603,0.552172515953605,0.29738012762883964,omL
0.6771775790935022,0.49,1.0,0.5,0.6087103163740086,0.5514112104532489,0.2912896836259914,omL
0.7649488062192471,0.5663264045230888,1.0,0.5,0.3778063903884363,0.5409183988692279,0.02607198021148649,omL
0.7000944257999183,0.5191595823999405,1.0,0.5,0.47803588740012626,0.5527101044000149,0.23242682700025993,omL
0.666405818075852,0.4861565091544888,1.0,0.5,0.5374376727696593,0.5638434908455112,0.3523130183089776,omL
0.6775286557914104,0.49,1.0,0.5,0.6101146231656417,0.5512356721042948,0.28988537683435833,omL
0.7281157652365006,0.5395387383538185,1.0,0.5,0.43473018099813554,0.5476153154115454,0.1432680197020438,omL
0.6789576254424778,0.4786254247345133,1.0,0.5,0.5324169498230089,0.5713745752654867,0.33725084946902656,omL
0.6606507511888029,0.49390450713281703,1.0,0.5,0.5478090142656341,0.5613015023776057,0.3469849762239432,omL
0.6657314694562462,0.49,1.0,0.5,0.5629258778249846,0.5571342652718769,0.3370741221750154,omL
0.6617132606654249,0.500279563992549,1.0,0.5,0.5605591279850981,0.5634265213308497,0.32573478669150313,omL
0.664167773155713,0.48749933610657226,1.0,0.5,0.5383328907377148,0.5625006638934278,0.35499867221314446,omL
0.6601686604798921,0.49101196287935267,1.0,0.5,0.5420239257587054,0.5603373209597843,0.3566267904021578,omL
0.6898584971929334,0.47208490168424,1.0,0.5,0.5280566011228267,0.57791509831576,0.32416980336847995,omL
0.6822353821677365,0.47665877069935814,1.0,0.5,0.5311058471329054,0.5733412293006419,0.3333175413987162,omL
0.6750144396103257,0.4809913362338046,1.0,0.5,0.5339942241558697,0.5690086637661954,0.34198267246760916,omL
0.7111365172424668,0.5271901943581576,1.0,0.5,0.46097083698891494,0.5507024514104606,0.19729289968306007,omL
0.6648262330702824,0.5189573984216946,1.0,0.5,0.5979147968433892,0.5696524661405649,0.2634753385943514,omL
0.6737311786921552,0.49,1.0,0.5,0.5949247147686203,0.5531344106539225,0.30507528523137967,omL
0.667619888297508,0.49,1.0,0.5,0.5704795531900315,0.5561900558512461,0.3295204468099685,omL
0.6677057179688182,0.536234307812909,1.0,0.5,0.6324686156258181,0.5754114359376363,0.20588564062363646,omL
0.6795033372265296,0.5041842452556579,1.0,0.5,0.5098584788317271,0.5564539386860856,0.2979439270064968,omL
0.7654272610914831,0.5666743717028967,1.0,0.5,0.3770669601313444,0.5408314070742758,0.02454962379982667,omL
0.666567058433813,0.5294023506028779,1.0,0.5,0.6188047012057557,0.5731341168676259,0.22865883132374054,omL
0.7080224567289349,0.46118652596263904,1.0,0.5,0.520791017308426,0.588813474037361,0.302373051925278,omL
0.6718385664559711,0.4986098665134334,1.0,0.5,0.5217040336589539,0.5578475333716417,0.32233183400372867,omL
0.7682770913910925,0.5687469755571581,1.0,0.5,0.3726626769410389,0.5403132561107105,0.015481981937432998,omL
0.6683120284599087,0.49,1.0,0.5,0.5732481138396345,0.5558439857700458,0.32675188616036555,omL
0.6614074184338521,0.4984445106031122,1.0,0.5,0.5568890212062244,0.5628148368677041,0.33185163132295936,omL
0.7517404792999796,0.5567203485818033,1.0,0.5,0.398219259263668,0.5433199128545492,0.06809847495461063,omL
0.6873198298229853,0.47360810210620885,1.0,0.5,0.5290720680708059,0.5763918978937912,0.3272162042124176,omL
0.6713668373531948,0.49,1.0,0.5,0.585467349412779,0.5543165813234027,0.31453265058722096,omL
0.6690130222186115,0.4965549252498992,1.0,0.5,0.5260707838439642,0.5583612686875252,0.3313222020316909,omL
0.662694219841842,0.5061653190510518,1.0,0.5,0.5723306381021036,0.5653884396836839,0.3061156031631608,omL
0.76556077247653,0.5667714708920217,1.0,0.5,0.3768606243544536,0.5408071322769946,0.02412481484740453,omL
0.7206746546883005,0.5341270215914913,1.0,0.5,0.44623007911808105,0.5489682446021272,0.16694428053722565,omL
0.6601500411345382,0.49090024680722905,1.0,0.5,0.5418004936144581,0.5603000822690763,0.3569991773092366,omL
0.6623062296873203,0.5038373781239216,1.0,0.5,0.5676747562478434,0.5646124593746406,0.3138754062535945,omL
0.7267965327488626,0.5385792965446272,1.0,0.5,0.436768994842667,0.5478551758638432,0.14746557761725557,omL
0.7022110733035104,0.4646733560178938,1.0,0.5,0.5231155706785958,0.5853266439821062,0.3093467120357875,omL
0.6698699181859631,0.5492195091157787,1.0,0.5,0.6584390182315571,0.5797398363719262,0.16260163628073812,omL
0.7053793912613927,0.46277236524316434,1.0,0.5,0.5218482434954429,0.5872276347568356,0.3055447304863287,omL
0.6626878756766832,0.49,1.0,0.5,0.5507515027067327,0.5586560621616584,0.3492484972932673,omL
0.6657496744690453,0.48655019531857285,1.0,0.5,0.5377001302123819,0.5634498046814272,0.35310039063714566,omL
0.6670074816198345,0.5320448897190069,1.0,0.5,0.6240897794380136,0.5740149632396689,0.21985036760331067,omL
0.7464377226617102,0.7873992874825275,0.48,0.5,0.8501373664029739,0.5208241984178434,0.29,om
0.6683663872297918,0.6874422408513472,0.48,0.5,0.6960396646757502,0.4074422408513472,0.2825577591486528,om
0.6745750291820104,0.7011437572955026,0.48,0.5,0.666715635943254,0.4211437572955026,0.3245750291820104,om
0.662805845265339,0.7359281833714746,0.48,0.5,0.7746622120082883,0.43624467621227125,0.2734388309469322,om
0.7151694579714946,0.7596841019766775,0.48,0.5,0.727426779974086,0.5106548139663118,0.17934518603368818,om
0.7177540357727444,0.6147822550519333,0.48,0.5,0.7941673444837944,0.4852177449480667,0.22985483670128892,om
0.579962011615629,0.6828517159450899,0.48,0.5,0.7357794086589218,0.37425857972544924,0.4015208289334726,om
0.6321288639661128,0.6644536324066462,0.48,0.5,0.660644319830564,0.39296908827109756,0.2757422720677744,om
0.7051553357232594,0.8565631095178271,0.48,0.5,0.8061698940670619,0.5468737809643458,0.2734368904821729,om
0.6638824627258151,0.8509416979476216,0.48,0.5,0.7177649254516302,0.4862355411330839,0.2545881529556387,om
0.6412355795966567,0.743369003084119,0.48,0.5,0.6724711591933134,0.43528005409247744,0.27157331530250756,om
0.6807639884855996,0.7239221669588052,0.48,0.5,0.7515279769711993,0.44079806332920196,0.2284720230288007,om
0.6333189255778024,0.5223595243835741,0.48,0.5,0.7850216116332963,0.4541486569722531,0.27751080581664817,om
0.6414739198342819,0.6870521603314361,0.48,0.5,0.6122902394614163,0.35360543987571147,0.28278912024857716,om
0.6100540173049778,0.7498379480850665,0.48,0.5,0.5103781211348447,0.33021606921991126,0.3298649567375555,om
0.6385508320142274,0.6928983359715452,0.48,0.5,0.6027902040462392,0.3514131240106706,0.28717375197865885,om
0.6413292508613285,0.7544756072659041,0.48,0.5,0.6576950397748346,0.38370728719084896,0.30314635640457555,om
0.6165109037539309,0.7515025162509071,0.48,0.5,0.5220201300072571,0.34051761375635,0.3209849024945572,om
0.610953535958437,0.7514303039376556,0.48,0.5,0.5136552211740089,0.3333373758545298,0.3306356906389581,om
0.7291607588286332,0.7585114827734738,0.48,0.5,0.7823674487511616,0.5342755865633713,0.30446555167957856,om
0.6540359368593992,0.7531454240613856,0.48,0.5,0.6106535699643412,0.40549017747325583,0.320563727815843,om
0.6077935975881689,0.7469110366234364,0.48,0.5,0.521473292541522,0.3313238414470987,0.3352953657883948,om
0.6182880124239,0.7251359627282999,0.48,0.5,0.5680160869673001,0.36315204969560005,0.30927996894025,om
0.6594173850237063,0.7302330459905174,0.48,0.5,0.5940095545403007,0.3794173850237063,0.34482521550711187,om
0.6511487493214302,0.8117231239821452,0.48,0.5,0.6677368723988155,0.47402062262500555,0.3574324995476201,om
0.6524388870015871,0.7818291652511904,0.48,0.5,0.6337800870879626,0.4184143479199733,0.3158537043328043,om
0.5872705584384609,0.7196662668195793,0.48,0.5,0.7625625749713288,0.40462455017202675,0.43016686659021036,om
0.67,0.877036538150086,0.48,0.5,0.7307408654624785,0.502963461849914,0.2588903855497419,om
0.67,0.8553363811824566,0.48,0.5,0.7361659047043858,0.5246636188175434,0.3239908564526302,om
0.6742957821851727,0.8260387078981888,0.48,0.5,0.7335563267222409,0.5281865989907751,0.3689260544537068,om
0.6829972052488978,0.6775349343887767,0.48,0.5,0.7594958078733468,0.442520960633266,0.2660223580088171,om
0.6403834402436194,0.5287019136353087,0.48,0.5,0.7692331195127612,0.45755159290445047,0.2809439491130563,om
0.5800694117690973,0.8345738502691762,0.48,0.5,0.6790435828847063,0.42095641711529364,0.35542614973082387,om
0.7086862795623353,0.8731596681962874,0.48,0.5,0.6460476067771855,0.5344733886339521,0.32578710907161673,om
0.7750008423979269,0.7074953668114021,0.48,0.5,0.7975054755865247,0.41624726220673763,0.29,om
0.746338587474486,0.8302755377806534,0.48,0.5,0.6354987372363559,0.53,0.27098423757654183,om
0.7421335149685714,0.8701307904400006,0.48,0.5,0.6254713891828559,0.5385340598742856,0.2921335149685714,om
0.5496106668079374,0.8221134546032471,0.48,0.5,0.6998109089945881,0.40018909100541183,0.3678865453967529,om
0.6261205792526349,0.760814041308776,0.48,0.5,0.6965326897192946,0.42244721373859956,0.39122615177543574,om
0.7309402423507675,0.8827040990332834,0.48,0.5,0.5765889146539872,0.5201166280190191,0.2891763856682516,om
0.7380123135815352,0.8994320895947243,0.48,0.5,0.5745432832422053,0.5291481343920865,0.2888641791894486,om
0.7301090959568988,0.8386763949327726,0.48,0.5,0.6095636161724047,0.5023054686793167,0.27417455353103803,om
0.7322595743307959,0.8535574459847755,0.48,0.5,0.7944723444069185,0.5687021283460204,0.29,om
0.6648012850426072,0.6444038551278213,0.48,0.5,0.7440911734090793,0.3988924584516864,0.2682670950142024,om
0.6392776578745506,0.7039164868118258,0.48,0.5,0.6694830815365562,0.425772018386736,0.2809277657874551,om
0.7292358674035846,0.7340448342544807,0.48,0.5,0.7521345027634424,0.4973255359125462,0.33114619889462305,om
0.7033982979465274,0.7566713069961806,0.48,0.5,0.7234818238777769,0.49011136790833265,0.3099860790114584,om
0.676011617608907,0.7288469968879608,0.48,0.5,0.8066352476659706,0.4882233668308972,0.3584118808350734,om
0.7635997521883586,0.6308023542105928,0.48,0.5,0.8639993804708966,0.5428004956232827,0.23200123905820674,om
0.5528058968903654,0.7785063389852492,0.48,0.5,0.7409957740098339,0.39968353813421925,0.35637975423893686,om
0.6464876940608726,0.6758676908049663,0.48,0.5,0.6770869259571479,0.42413230919503364,0.27057846053664425,om
0.698939926900618,0.6173733820662547,0.48,0.5,0.7615665448343634,0.4273576721897816,0.2789556367770911,om
0.7151751992903567,0.7596887994193827,0.48,0.5,0.7274319993548697,0.5106615991613306,0.17933840083866942,om
0.671849015982384,0.5755470479471518,0.48,0.5,0.681849015982384,0.54,0.2863019680352321,om
0.74,0.8379634697780707,0.48,0.5,0.6630547953328939,0.5351697108518275,0.21762404807441582,om
0.6828130207782601,0.6292343275063221,0.48,0.5,0.7707952651715417,0.493210653364031,0.21758461180751076,om
0.6643420380276379,0.6295169835636493,0.48,0.5,0.7460522281658275,0.4969738859170863,0.3013159239447242,om
0.677241060529831,0.7931072736420286,0.48,0.5,0.8096516658281405,0.4637946973508452,0.2644821210596619,om
0.7052078357884829,0.7179869403525284,0.48,0.5,0.705558209128091,0.4331947761410114,0.34562350736544883,om
0.5216515734733789,0.8046323862115186,0.48,0.5,0.7220644668417237,0.3791742132633106,0.3828902535784131,om
0.657756821130348,0.8577396747824507,0.48,0.5,0.7344520650435098,0.4844177723477155,0.2722603252175493,om
0.6430716031981687,0.8008314228336998,0.48,0.5,0.7473441082186812,0.4959353506879123,0.3895842885831501,om
0.585705301262535,0.6102284680016911,0.48,0.5,0.7773443717892957,0.39304967305183053,0.3875728397909868,om
0.7484427096609687,0.7593442988046184,0.48,0.5,0.8295082241034638,0.5682787843621233,0.3012294397413404,om
0.6809017723201383,0.6130059077337942,0.48,0.5,0.6703005907733794,0.48334675074641326,0.34545088616006914,om
0.6294937520218816,0.5573221107187346,0.48,0.5,0.6694644221437469,0.5147615409500083,0.33788701845312247,om
0.6486721605727932,0.5179670365632413,0.48,0.5,0.6653113577088275,0.5121153720286556,0.3207051240095519,om
0.641706297108229,0.5597622173506259,0.48,0.5,0.6931748115670839,0.36583223927280917,0.27194407975760304,om
0.7164326270372312,0.7840345865285787,0.48,0.5,0.826081567593078,0.5732163135186156,0.29678368648138437,om
0.643861271666167,0.5468323700029982,0.48,0.5,0.6845549133353321,0.41108670498950617,0.28702890166316875,om
0.6650857643237289,0.5175428821618644,0.48,0.5,0.687657234593503,0.5387428529730226,0.3136570886492937,om
0.6637932626564191,0.7375888338309147,0.48,0.5,0.7151730506256763,0.54,0.35758652531283813,om
0.6370180871180319,0.6268372159377134,0.48,0.5,0.653509043559016,0.45561756626720706,0.29754521779507964,om
0.643698696363086,0.566711732732227,0.48,0.5,0.656849348181543,0.49904152636005833,0.31424674090771476,om
0.7291087283182757,0.8363235043128874,0.48,0.5,0.8577718207956893,0.5795543641591379,0.29044563584086214,om
0.5612260333878214,0.7883020876906204,0.48,0.5,0.7113208350762481,0.39084895615468984,0.37566041753812407,om
0.6357731448855832,0.5428312041101927,0.48,0.5,0.6665662408220385,0.5224900244745639,0.3354718673516988,om
0.5404866729188728,0.7690266541622546,0.48,0.5,0.7165855545135212,0.37146388628380306,0.35951332708112727,om
0.5363779941124037,0.8167000885005289,0.48,0.5,0.7088331858324519,0.391166814167548,0.37329991149947117,om
0.6650207301073252,0.6468516786292591,0.48,0.5,0.7290637956317078,0.3981275912634157,0.3074896349463374,om
0.5539599454303269,0.7316308951607842,0.48,0.5,0.7043261790321568,0.4217968559142485,0.36693848252679734,om
0.6744156250898921,0.733474219176987,0.48,0.5,0.8204546878146219,0.433246875269676,0.268603906272473,om
0.6453201844377873,0.5721280737751149,0.48,0.5,0.7074482582129021,0.3363842213253447,0.25467981556221275,om
0.6316726977724032,0.6699276267311615,0.48,0.5,0.658363488862016,0.39661841782077434,0.27665460445519363,om
0.6099613474462221,0.7126835996304448,0.8705024831991122,0.5,0.7525676419691113,0.525251241599556,0.4552512415995561,om
0.7141709488947179,0.6981134571817854,0.48,0.5,0.7876565759664848,0.4918275248612026,0.28697125414353375,om
0.6146222331541753,0.6905443925176671,0.8099109689957205,0.5,0.7444110919801932,0.4949554844978602,0.42495548449786025,om
0.6664433806068246,0.76,0.7696629472296748,0.5,0.7965773522427299,0.5811408825857567,0.42254970844332396,om
0.591068806820837,0.7655819957369769,0.9419472443354402,0.5,0.7644180042630231,0.566555617904697,0.5043704119364647,om
0.637740261154787,0.76,0.7546883024938843,0.5,0.8030227285104387,0.5239545429791227,0.40206168389129054,om
0.600061459689235,0.7599726845825623,0.9998224497866546,0.5,0.7700204865630783,0.5899351258835853,0.5199214681748665,om
0.7127846819977002,0.76,0.6090131024079727,0.5,0.8151138727990801,0.5749620424003066,0.3545824664033731,om
0.5770979975529738,0.7743137515293914,0.8511369840943298,0.5,0.7556862484706086,0.5298822435765562,0.4799214957177042,om
0.6644547120928707,0.7313534612920575,0.8137974983983736,0.5,0.7914849040309568,0.5219644705686365,0.43764120121466527,om
0.6289658648975021,0.76,0.8117218781662366,0.5,0.7953451317853143,0.5393097364293714,0.4294816721953061,om
0.6021063533076932,0.763610891384617,0.984352803999993,0.5,0.768796369538461,0.5872918314615372,0.5118754943846118,om
0.6641830414782153,0.8241830414782153,0.7616058459380575,0.5,0.6783099407454067,0.562492982223622,0.4145564318572177,om
0.6004895749087065,0.76,0.9983028069831507,0.5,0.7701958299634827,0.5899347233455058,0.5192819568005638,om
0.5617421241277503,0.7839111724201562,0.7513238068303765,0.5,0.7460888275798438,0.4895730758353443,0.4530487172235629,om
0.6125047318235448,0.7676952195837199,0.9499810727058206,0.5,0.7786571220316849,0.589038097552035,0.4978762436968053,om
0.650979464550887,0.8473933678015204,0.6212954061934116,0.5,0.7408688773994931,0.5244549741488597,0.3233649224465791,om
0.5957332597233005,0.7119922521227876,0.48,0.5,0.742274488153912,0.3844548976307824,0.3042667402766995,om
0.563733861617617,0.6774150188801114,0.48,0.5,0.77,0.3608616603732962,0.44310671701363036,om
0.6577415103829869,0.5254830207659739,0.48,0.5,0.6812891535532141,0.5109693360637991,0.3067754688510393,om
0.6880092931871785,0.5979628272512858,0.48,0.5,0.7620371727487142,0.39199070681282144,0.22791636131539306,om
0.6792679885344952,0.7456141662498198,0.48,0.5,0.7485359770689903,0.4490260630602765,0.23146402293100962,om
0.6721662033139477,0.7176974978953172,0.48,0.5,0.8321662033139476,0.45,0.2715667593372105,om
0.5831860214964716,0.6170665130810059,0.48,0.5,0.7766245775704205,0.38981059906689197,0.3936910906514263,om
0.6656535046675539,0.5494225077792565,0.48,0.5,0.7781154984441487,0.41434649533244605,0.23840424455452042,om
0.595999023707002,0.588911931034176,0.48,0.5,0.768363015086274,0.428363015086274,0.31090997844818,om
0.6330483583839287,0.5143868670714291,0.48,0.5,0.7625647745446422,0.4134196993928563,0.27390328323214275,om
0.675463703781618,0.6594556231860307,0.48,0.5,0.699072592436764,0.4830645118411767,0.2841330639801471,om
0.7133747435400175,0.7021255984066256,0.48,0.5,0.691249145133392,0.43562457256669596,0.3510006838932865,om
0.6657724820750162,0.7332776410131494,0.48,0.5,0.6893110564052598,0.41836117949342533,0.36465552820262986,om
0.7007778585279042,0.7253702357868264,0.48,0.5,0.7291847545178445,0.43614809431473056,0.3323335755837125,om
0.7286728036440027,0.8282610897453503,0.48,0.5,0.6115330533053235,0.49224267881334227,0.3164301248306604,om
0.577416677324101,0.7797806961452101,0.48,0.5,0.707912278458084,0.395109651927395,0.373956139229042,om
0.7490580486626784,0.6188645531204168,0.48,0.5,0.8101934955422616,0.49509674777113083,0.25584520356619067,om
0.6562956407218866,0.6584452311337361,0.48,0.5,0.6920730251550185,0.4047408718556227,0.2905182562887546,om
0.671137477590731,0.851563060231727,0.48,0.5,0.73,0.4886252240926908,0.2556873879536546,om
0.6796244755495606,0.6393881112609864,0.48,0.5,0.73,0.4037552445043946,0.2981223777478027,om
0.6405424701011907,0.6941184860855651,0.7364739443422607,0.5,0.7497287649494047,0.4937116335096722,0.40850820722172565,om
0.6555670611115375,0.6718850380945072,0.48,0.5,0.6532107634934035,0.3755670611115375,0.3104712595236268,om
0.7245200062151297,0.41903142723961506,0.48,0.5,0.6480628544792302,0.7738742910415397,0.7935514334547448,imU
0.7371400020309089,0.425713334010303,0.48,0.5,0.5928666598969704,0.758573331979394,0.7585766629433337,imU
0.7281504118972179,0.28959340964451474,0.48,0.5,0.5847967048222573,0.7536991762055644,0.7818495881027822,imU
0.7877573423639941,0.4256986034520418,0.48,0.5,0.6431800677299552,0.8066360135459911,0.8199080406379731,imU
0.7715192333477625,0.3989115400086575,0.48,0.5,0.6581519233347762,0.8044557700043288,0.8244557700043287,imU
0.8079843910279781,0.4315656602615519,0.48,0.5,0.6323875128223825,0.7577984391027979,0.7877984391027979,imU
0.8389242403833668,0.48223106009584166,0.48,0.5,0.6410757596166332,0.76,0.79,imU
0.6773540448075279,0.3920621344225837,0.48,0.5,0.5583851120188197,0.6767702240376394,0.7130932016338756,imU
0.6929279392038721,0.4175562583835433,0.48,0.5,0.5885360303980639,0.740731984800968,0.770731984800968,imU
0.8009971797041688,0.4392497649753474,0.48,0.5,0.43275399541909426,0.6752516451725683,0.6867521152218735,imU
0.8500194000135334,0.3857226000058,0.48,0.5,0.5714646000251333,0.8800194000135334,0.8714840000386668,imU
0.745793406645278,0.3445276923258473,0.48,0.5,0.4997859340192498,0.8045276923258473,0.7154723076741527,imU
0.7258909080736395,0.3840409094723852,0.48,0.5,0.4680136364907951,0.7999659087730123,0.7400681824539753,imU
0.6602758680925462,0.4455957135658174,0.6946777537650894,0.5,0.5658715816583637,0.745229489950182,0.7693579082918184,imU
0.8470858634654854,0.44926375727197404,0.48,0.5,0.5998159393179935,0.7625460151705016,0.79,imU
0.6009708055621448,0.5075654102503279,0.7780583888757104,0.5,0.5941448632498907,0.7057318920937636,0.74,imU
0.8252205668404798,0.3989309872463384,0.48,0.5,0.5705656306087878,0.717358592347803,0.7457861974492677,imU
0.7285655857281871,0.37688963315879703,0.48,0.5,0.6384689704091562,0.7030620591816875,0.7422965443862657,imU
0.6399060786535262,0.3399060786535262,0.48,0.5,0.5776174016830923,0.6813791418514015,0.7138556615147831,imU
0.6333448398431267,0.2991252294406583,0.48,0.5,0.624030848478848,0.7545626147203292,0.7745626147203292,imU
0.6215287972195699,0.3148911556996604,0.48,0.5,0.6084712027804301,0.7466811792400453,0.7550653065802038,imU
0.6872136061164301,0.3884431494104608,0.48,0.5,0.5436886298820922,0.6572136061164301,0.6947545195283688,imU
0.6757125451519276,0.3871376354557827,0.48,0.5,0.554281362879819,0.6685627257596379,0.7057064531836742,imU
0.784857330672466,0.5327145517859935,0.48,0.5,0.501714223109178,0.659142888445411,0.68,imU
0.6705314669470759,0.3728344903844043,0.48,0.5,0.5428344903844043,0.6438974242785559,0.6833659573314801,imU
0.6491377004030794,0.4691377004030794,0.48,0.5,0.5074131012092381,0.7162934493953809,0.7508622995969206,imU
0.6340038269387364,0.4280076538774727,0.48,0.5,0.4880076538774727,0.7606577371429485,0.7919923461225273,imU
0.6610841530343883,0.4813551912929853,0.48,0.5,0.544336612137553,0.7043366121375529,0.7435234973617618,imU
0.7233271290241199,0.45889095699196003,0.48,0.5,0.49250465323191017,0.71583178225603,0.7083364354879401,imU
0.8027234646189869,0.5265686900714037,0.48,0.5,0.5909478167856729,0.7891721689523589,0.811775647833314,imU
0.7046263983085537,0.4684295302141592,0.48,0.5,0.5165279642613564,0.7384295302141591,0.7684295302141592,imU
0.6383049277019103,0.45660985540382054,0.48,0.5,0.4884753614904487,0.7350852168942692,0.7642376807452244,imU
0.8678952929484399,0.42201745117526,0.48,0.5,0.51798254882474,0.73,0.750504362793815,imU
0.7687369610526555,0.6628204103156599,0.48,0.5,0.4860208623157511,0.7030104311578755,0.7377682545262823,imU
0.7711129054002995,0.4988547973943093,0.48,0.5,0.5388951689010483,0.7433387162008985,0.772225810800599,imU
0.7033722171883185,0.4834888687532743,0.48,0.5,0.5728071493293047,0.7342690497764349,0.7661793665176233,imU
0.7405698915438151,0.6695206073829482,0.48,0.5,0.4967616485906359,0.7132383514093641,0.7516191757046821,imU
0.6377304130003831,0.42564149504557647,0.48,0.5,0.5775822164090386,0.7891940721363463,0.8043585049544236,imU
0.7888304944335084,0.38300921563369944,0.48,0.5,0.5593035464666348,0.7660446803000478,0.7586070929332697,imU
0.780456069409722,0.544771965295139,0.48,0.5,0.525684104114583,0.8035261561718745,0.7765962429340271,imU
0.8156539401259847,0.5434780085534308,0.48,0.5,0.6665277947176618,0.8713078802519694,0.713912034213723,imU
0.6347822161144496,0.509434664834335,0.48,0.5,0.5595798540913685,0.7619709621485933,0.753521778388555,imU
0.7691267752748847,0.5494443115385631,0.48,0.5,0.5102381521977587,0.7793649274726434,0.74,imU
0.6099053616937052,0.3035718375184354,0.48,0.5,0.6200946383062947,0.7427616866568344,0.7618568974889388,imU
0.774486365367632,0.5376624952390119,0.48,0.5,0.49990567792282786,0.7676624952390119,0.7332704519485519,imU
0.8487430809148794,0.5252347780127348,0.48,0.5,0.5827209398424935,0.7784806265616624,0.7962292427446382,imU
0.5064346642056202,0.5063713908071531,0.48,0.5,0.6100632733984672,0.736687757799489,0.7666877577994891,imU
0.5850693279670381,0.5984571610535101,0.48,0.5,0.5895591888724314,0.7330856778929797,0.7626448667654112,imU
0.6167210507427686,0.5081973731430786,0.48,0.5,0.6389614009903581,0.6565578985144628,0.6987982487620523,imU
0.7685246800838008,0.5095081535597755,0.48,0.5,0.6352459232201122,0.7526229616100562,0.7826229616100562,imU
0.7004170408898869,0.41559893494438205,0.48,0.5,0.5592191710011227,0.7876042602224718,0.8132031951668538,imU
0.6566269667154535,0.4244378277859089,0.48,0.5,0.528816105644998,0.7566865166422733,0.7866865166422733,imU
0.6472310741962454,0.4251693222588736,0.48,0.5,0.49464641306680857,0.7691384462901878,0.7991384462901878,imU
0.7556950271490667,0.43396611412767405,0.48,0.5,0.4381016576169778,0.7001694293616296,0.7162033152339556,imU
0.6384334357923973,0.44534597421454625,0.48,0.5,0.6076501536885959,0.8061292563183476,0.823825076844298,imU
0.6827411796922125,0.42,0.48,0.5,0.565521266224874,0.775521266224874,0.7955212662248741,imU
0.700220611274702,0.48952452977140837,0.48,0.5,0.5425637147384724,0.7846519592483532,0.7725637147384724,imU
0.772977942264769,0.42915992598085395,0.48,0.5,0.5682444855661922,0.8073290451515305,0.8303823538118151,imU
0.6217495654653511,0.5686878259009867,0.48,0.5,0.59,0.7538568945516293,0.7808747827326756,imU
0.7879690642763492,0.3831270951756609,0.48,0.5,0.57,0.7965635475878304,0.8139071928290474,imU
0.7102273020366983,0.42115705676730725,0.48,0.5,0.6017458584428687,0.8155785283836536,0.8301136510183491,imU
0.8074220945198323,0.5312889527400839,0.48,0.5,0.5609773308194126,0.8429319924582378,0.8542209451983217,imU
0.654148178803704,0.42956149006503713,0.48,0.5,0.5840977814564444,0.7859022185435556,0.8072681456957037,imU
0.8138499327093793,0.5032117805389695,0.48,0.5,0.6397265062126815,0.7930294513474239,0.8164235610779391,imU
0.4835360442387206,0.5615203317904046,0.8319371502067359,0.5,0.5793918672838382,0.7196959336419191,0.7496959336419191,imU
0.49912222784917776,0.43670221772065776,0.48,0.5,0.45691552404460434,0.6671944303770555,0.6418621974636177,imU
0.5012776965705773,0.4156899298583488,0.48,0.5,0.6252129494284295,0.7426064747142148,0.77,imU
0.54935591516336,0.46595169363725203,0.48,0.5,0.618016102120916,0.743967795758168,0.773967795758168,imU
0.7743272120653999,0.4720845856167329,0.48,0.5,0.5,0.6234301614859331,0.6486544241307998,imU
0.8143818540775728,0.48613459570860196,0.48,0.5,0.5706964103008446,0.7096400789706602,0.7342018935629029,imU
0.6485708419354148,0.4564288158602438,0.48,0.5,0.48142847365590247,0.7200006844086826,0.7500006844086826,imU
0.7756393998123792,0.47777073252030966,0.48,0.5,0.5,0.6264919328955514,0.6512787996247583,imU
0.6864459516778931,0.45771174228209693,0.48,0.5,0.6277117422820969,0.7606036456378833,0.7841576939599901,imU
0.694533510374525,0.5227113471660335,0.48,0.5,0.6972667551872626,0.8372229598938545,0.8508672863108379,imU
0.6964518148895514,0.5244242805407239,0.48,0.5,0.6888485610814475,0.8554380477151377,0.8664518148895515,imU
0.7468560783235682,0.42150504578038184,0.48,0.5,0.6628762614450955,0.7524747710980908,0.7811035554333772,imU
0.7867773715377658,0.4108593675899291,0.48,0.5,0.6602148418974824,0.8057031620503544,0.8263476877428012,imU
0.644128724408468,0.448873984252236,0.48,0.5,0.668498645669648,0.615254740156232,0.664504062991056,imU
0.6452670766426599,0.4579006149639898,0.48,0.5,0.6357640018227109,0.6337018448919693,0.6810683065706395,imU
0.6909123218770875,0.4779690547801485,0.48,0.5,0.5069535821702227,0.7449742123167904,0.7719793698534324,imU
0.8279447514656152,0.5020552485343848,0.48,0.5,0.5580368323562566,0.78,0.7641104970687695,imU
0.81,0.5215165997361041,0.48,0.5,0.57,0.7936493976249367,0.8121327978888326,imU
0.7379186426843549,0.2885071136636779,0.48,0.5,0.550995257557548,0.746832542926258,0.76416271463129,imU
0.7761895421149148,0.37547385528728683,0.48,0.5,0.6392843131723721,0.7961895421149148,0.8184912850957623,imU
0.5027846212870037,0.6068038446782491,0.979224990408619,0.5,0.5603995194152189,0.7163923106435018,0.7455932718130641,imU
0.6875150065914795,0.4276784554540189,0.604969986817041,0.5,0.6207738481819938,0.7024032689772507,0.74,imU
0.6134766998436584,0.5079975088248039,0.7208352873099897,0.5,0.6083169695040402,0.7422113130026935,0.7668427608355779,imU
0.5006058056194929,0.5760614220176227,0.9448498107786368,0.5,0.5684846444955943,0.7142423222477972,0.7431817416858478,imU
0.6504771510028184,0.3903841485164927,0.48,0.5,0.17941770793966605,0.5523048910989562,0.4390335594231734,imU
0.8570546603593893,0.4340221520025955,0.48,0.5,0.5429453396406108,0.7465716341848856,0.7652968930937405,imU
0.7512188566615755,0.560487956155021,0.48,0.5,0.6953654502532772,0.8551214721757667,0.720487956155021,imU
0.7171674287655796,0.5645665142468841,0.662494105833996,0.5,0.6833194613298861,0.8463004572593478,0.7140380081410765,imU
0.6325414357339659,0.5011049749311192,0.48,0.5,0.6336464106650852,0.7149171285320681,0.7549171285320682,imU
0.7756372952752097,0.5261819216972455,0.48,0.5,0.5833632740596406,0.8413644127293414,0.8570915301834732,imU
0.7351093384049278,0.3873724385275843,0.48,0.5,0.64,0.702481776932512,0.742481776932512,imU
0.6748762699879425,0.4651237300120575,0.48,0.5,0.6449862522208826,0.7449312611044125,0.7749587566626476,imU
0.8594035645693178,0.5497614258277271,0.48,0.5,0.6292842774831813,0.8107157225168188,0.8305964354306822,imU
0.849510491292166,0.5667832139325344,0.48,0.5,0.6163636386798158,0.799510491292166,0.8216083930337328,imU
0.6662654803609591,0.4526579861371476,0.48,0.5,0.5582280092419016,0.7546205150180901,0.7746205150180901,imU
0.740323739111276,0.4548406956193304,0.48,0.5,0.606449130475837,0.7380626956822804,0.7580626956822805,imU
0.6219334876708627,0.5880190035226107,0.48,0.5,0.572028505283916,0.7160221707763791,0.7440253380301476,imU
0.6005849623867021,0.3032312029833777,0.48,0.5,0.6325905263293085,0.7452367669259841,0.7652367669259841,imU
0.7592265908404101,0.3627975826508718,0.48,0.5,0.4040483469825638,0.7738398862606151,0.6482447209588715,imU
0.6017729033714735,0.38501677421654845,0.48,0.5,0.1335793551760439,0.5067225807218282,0.3784954840933017,imU
0.8304220557432569,0.48609787456206766,0.48,0.5,0.5326178048673922,0.7697125783909056,0.7254557142767974,imU
0.5742839521507203,0.4742469473158477,0.48,0.5,0.28704946398817865,0.5928148516172884,0.5142099424809752,imU
0.7948151306850192,0.4844453920550576,0.48,0.5,0.5092605227400768,0.7991372765300896,0.778767537900128,imU
0.6811245239840478,0.5191003808127618,0.48,0.5,0.5192128332111665,0.73,0.7195501904063809,imU
0.7769432560574999,0.4812660432237512,0.48,0.5,0.4576418598562502,0.7269432560574999,0.6906986037987504,imU
0.6897421653877508,0.47883159230838906,0.48,0.5,0.4311684076916109,0.5243642292317447,0.3734020892299331,pp
0.7427468000435984,0.5861380015259455,0.48,0.5,0.4007723996948109,0.5345063999128031,0.3517595998692047,pp
0.7379876370493198,0.548358525569725,0.48,0.5,0.45219780721088276,0.5339629111479595,0.34993818524659914,pp
0.6994131734366563,0.61,0.48,0.5,0.5590219557277607,0.517065867183282,0.42902195572776064,pp
0.6538483609654678,0.7869146162990399,0.48,0.5,0.4138531430573148,0.4661564211263791,0.40692418048273393,pp
0.7019630641717997,0.6296306417179964,0.48,0.5,0.5285909732512057,0.5239261283435993,0.4221477433128014,pp
0.6510636106932687,0.8242544427730746,0.48,0.5,0.4114911144538508,0.3876590267331716,0.36893638930673134,pp
0.6952294134805186,0.7309121131489673,0.48,0.5,0.5493200707181045,0.4813653993368976,0.30795467138120697,pp
0.5925636319240073,0.5859721862456573,0.48,0.5,0.4587326164035358,0.39681710864330005,0.30191550776023574,pp
0.7289804360617076,0.7766864172005497,0.48,0.5,0.5812744549228654,0.5092353270462807,0.3125489098457311,pp
0.6352702890672562,0.57,0.48,0.5,0.4847297109327438,0.6393916757265536,0.28168948054247106,pp
0.6423166004142039,0.7313513913017187,0.48,0.5,0.49305019875738837,0.3854826045562426,0.41011580538465037,pp
0.7184778224945659,0.5091308244492747,0.48,0.5,0.4319567652807967,0.5232605286068847,0.39587029584239003,pp
0.717893048694405,0.858314438955524,0.48,0.5,0.1763208539167851,0.548735829216643,0.2169529393084636,pp
0.6427499528813164,0.6114373468642784,0.48,0.5,0.4804375353390127,0.6203127944917721,0.24143734686427848,pp
0.6766990759102796,0.7631064686280434,0.48,0.5,0.45961108907664583,0.4565046204486024,0.23334953795513977,pp
0.6681842833933043,0.8190785830334789,0.48,0.5,0.5036856678660846,0.4754742671464338,0.2536043158870451,pp
0.45059408290152736,0.4829755216798316,0.48,0.5,0.515773839923644,0.38732151977093204,0.43773839923644015,pp
0.6981885994008492,0.7039619980028307,0.48,0.5,0.42543420179745234,0.8116213906133043,0.8216213906133043,pp
0.6313076868149771,0.9633847691806419,0.48,0.5,0.36830761540967905,0.4982308186652063,0.4507693955506877,pp
0.6623497041000677,0.7931693490201489,0.48,0.5,0.26071041425990527,0.4238251479499662,0.2561202367199459,pp
0.576384168734468,0.6033487164447966,0.48,0.5,0.3894196210241393,0.480446821565493,0.3433487164447967,pp
0.6516483310836854,0.7183359527023306,0.48,0.5,0.47502357432097597,0.43996856757203207,0.22328094595338674,pp
0.34835155082162306,0.4451974129393732,0.48,0.5,0.4868815522363761,0.39684586211775014,0.47211465529437524,pp
0.6797992584282052,0.8113998940611722,0.48,0.5,0.2835974574681321,0.4297992584282052,0.2723983049787547,pp
0.6322028703065956,0.8291598157076618,0.48,0.5,0.4120287030659558,0.45898564846702206,0.30695694540106633,pp
0.6688660809102934,0.6839173988621332,0.48,0.5,0.49,0.4055669595448533,0.29824780341360035,pp
0.6718015639220136,0.814534375948009,0.48,0.5,0.3922976541169797,0.6281375037920361,0.5572671879740045,pp
0.6628790281779997,0.8131516112711998,0.48,0.5,0.4073935549152005,0.5335773916103979,0.46754675216119834,pp
0.4275728260131286,0.4805876429584241,0.48,0.5,0.49886049773304175,0.4385283751772422,0.5130506005951854,pp
0.6210025360846068,0.5647756661136426,0.48,0.5,0.4911609630858572,0.6878098875984995,0.20522433388635739,pp
0.7540517170253603,0.7254035995195967,0.48,0.5,0.4412166942448127,0.38851292925634007,0.3898648117505764,pp
0.5184886648489798,0.6063867897868481,0.48,0.5,0.5036132102131519,0.49655471591473926,0.5305037783836735,pp
0.6598011276763203,0.6935984964315729,0.48,0.5,0.4833996241078932,0.4497016915144804,0.2824052624894946,pp
0.636495428020922,0.66743142031383,0.48,0.5,0.49,0.518128015414184,0.193504571979078,pp
0.6854922737935161,0.6809845475870322,0.48,0.5,0.43450772620648387,0.8109845475870322,0.7152853995112212,pp
0.6522812212214794,0.8273098982315433,0.48,0.5,0.46807030530536986,0.394971322989936,0.40269010176845665,pp
0.63,0.8560339254771611,0.48,0.5,0.3913220248409463,0.45942380127242954,0.3201696273858054,pp
0.6392041058238367,0.6735302009947766,0.48,0.5,0.40920410582383665,0.39,0.19920410582383669,pp
0.6579201955966681,0.7030199511008329,0.48,0.5,0.5022793154116615,0.4349002444958352,0.3481197066049978,pp
0.63,0.6761931169892129,0.48,0.5,0.48167590946224537,0.42253792200719137,0.3674620779928086,pp
0.6750652895077209,0.6311357433614883,0.48,0.5,0.5324020657384185,0.3718341940576744,0.35056787168074416,pp
0.636917639685598,0.6681588041746946,0.48,0.5,0.39086470496069975,0.4486470496069975,0.3474058851179007,pp
0.6711280209841889,0.7888719790158112,0.48,0.5,0.4246768125905133,0.43112802098418884,0.3791888965272687,pp
0.6458964356477443,0.8234899801863157,0.48,0.5,0.3758964356477444,0.4635618019898121,0.39410356435225563,pp
0.6463943205893632,0.5636056794106368,0.48,0.5,0.45679737873355225,0.44039213620065676,0.39119825248903484,pp
0.6825924394328658,0.6613585352237807,0.48,0.5,0.49043207323881094,0.40734524505978636,0.3434565859104877,pp
0.6698121384133469,0.6997057288290467,0.48,0.5,0.43619285310304257,0.4551471355854766,0.2732435621369979,pp
0.6472097203649669,0.8057365734549891,0.48,0.5,0.4442244229987803,0.34011701063869226,0.295736573454989,pp
0.6488718152439488,0.6392161055748865,0.48,0.5,0.4358315513067327,0.46156778885022715,0.3715677888502271,pp
0.6869033717375271,0.6741288376832971,0.48,0.5,0.311354303629067,0.40135430362906704,0.251354303629067,pp
0.7,0.7080240423400682,0.48,0.5,0.4227663407239045,0.8336769354882182,0.8417009778282865,pp
0.6710124845423687,0.71,0.48,0.5,0.41275312113559215,0.593606118610134,0.48765605677960877,pp
0.6740128694097958,0.7143311884317006,0.48,0.5,0.45031831902190483,0.6580900858685708,0.5641415635077541,pp
0.6866443927763609,0.8016778036118196,0.48,0.5,0.42476612415178994,0.544832945822707,0.2583221963881805,pp
0.6432939475335102,0.6731757901340407,0.48,0.5,0.40752953934986735,0.4114106589678162,0.22964552780159164,pp
0.6299262430806645,0.8002212707580066,0.48,0.5,0.46,0.31036878459667766,0.29081132611269084,pp
0.5308886226478651,0.5983361060738293,0.48,0.5,0.4483844635371212,0.46510503314807167,0.39536345690750685,pp
0.69,0.6141436349835826,0.48,0.5,0.5284069657868173,0.4560957566557217,0.47573666919676527,pp
0.7052304122684716,0.6204608245369432,0.48,0.5,0.45564845363757955,0.42912113409394886,0.49171494864426707,pp
0.6378969745402097,0.804729681471329,0.48,0.5,0.41421455417237746,0.39157939490804194,0.2136909236206291,pp
0.7221113962327262,0.7191299622715139,0.48,0.5,0.36366581130182135,0.49124135850424017,0.46633418869817866,pp
0.630794041654923,0.8536476667606159,0.48,0.5,0.39873445820415326,0.4612655417958467,0.3431761666196921,pp
0.6532801620805059,0.7645064775727431,0.48,0.5,0.48229311722599216,0.4662412966440471,0.4840279362972962,pp
0.6231593982392871,0.7705218052821386,0.48,0.5,0.4731593982392871,0.4789421061624951,0.48471053081247567,pp
0.7401115112673757,0.8194981992968089,0.48,0.5,0.4897212218315605,0.48944244366312106,0.4098884887326242,pp
0.6337138164436752,0.8037138164436752,0.48,0.5,0.4265756520069235,0.33971053154940134,0.34570724665512753,pp
0.44198578451432496,0.5086230513282537,0.48,0.5,0.48293029645992075,0.5631066955763488,0.6171579030982932,pp
0.5063933309941069,0.5946963941836146,0.48,0.5,0.3971821634898312,0.38830306318950775,0.4507576579737693,pp
0.35960656297371707,0.47841914756120824,0.48,0.5,0.48613734774251605,0.4018812584587491,0.45742489849501067,pp
0.6577581729267786,0.8148967308292886,0.48,0.5,0.5204130766828459,0.4581712496096244,0.2716222120489527,pp
0.6663970326638334,0.580921935639936,0.48,0.5,0.45455316138396157,0.42729070989591034,0.48005651681571826,pp
0.5693894016594098,0.5440240292826042,0.48,0.5,0.43804805856520834,0.414264322108646,0.286586569057986,pp
0.6897559899855736,0.6629281201731159,0.48,0.5,0.4104880200288526,0.4985359399134421,0.25414817024524744,pp
0.672890376603573,0.615780753207146,0.48,0.5,0.5273422596214381,0.38589707131965156,0.38433556490535953,pp
0.6972360141657737,0.6934160849946426,0.48,0.5,0.47804370251875095,0.7404965099678554,0.7283846232940456,pp
0.5992188626934886,0.6136875450773954,0.48,0.5,0.439359611656326,0.42553131761609314,0.37368754507739543,pp
0.5558780987380981,0.6655268592428589,0.48,0.5,0.5703512394952392,0.43335485556785586,0.4530036160726166,pp
0.6352001934096143,0.7557386177539194,0.48,0.5,0.4726461092131659,0.5531385210491121,0.32323054606582957,pp
0.42195713993041994,0.5753766180553089,0.48,0.5,0.5207311690972346,0.4746454489580745,0.5468389562497782,pp
0.7222071167492085,0.6000339873142809,0.48,0.5,0.43441423349841696,0.6132766878095318,0.3289134352825362,pp
0.7365136817981692,0.5727831667400461,0.48,0.5,0.4676757878654461,0.666054727192677,0.3069726364036615,pp
0.7346205627528185,0.570758874494363,0.48,0.5,0.47,0.6571373916994788,0.3228626083005212,pp
0.7171154992758189,0.6447127423960979,0.48,0.5,0.5155774963790942,0.4069239942065508,0.31644225036209056,pp
0.61551948077089,0.598344155768733,0.48,0.5,0.44220779230835605,0.387792207691644,0.37668831153746596,pp
0.3205205492643809,0.41002911045475,0.48,0.5,0.5123698626839048,0.3990462328354881,0.47046232835488094,pp
0.6578238255980279,0.6418458473982744,0.48,0.5,0.356308305203451,0.39,0.2963083052034511,pp
0.6257963560075349,0.6935248306842482,0.48,0.5,0.40409050844109556,0.5114795764637003,0.445570084904796,pp
0.7115003347407743,0.6473760879075169,0.48,0.5,0.4881229078701599,0.5228750836851936,0.45587575316674245,pp
0.20262690614022427,0.5935430492915126,0.48,0.5,0.5119426009446498,0.8596578474022128,0.4714845293690057,im
0.44909979535686495,0.41080245571762064,0.48,0.5,0.593796316423569,0.7156944746353535,0.7492952932078938,im
0.8625665128448339,0.5415589270291797,0.48,0.5,0.51,0.7305513412135254,0.7684410729708203,im
0.3748325233739692,0.4958054205623282,0.48,0.5,0.6206379439362975,0.8325837383130154,0.8232216822493128,im
0.3705635369071746,0.38216906107215237,0.48,0.5,0.5086762442886095,0.6905635369071746,0.7265071832164571,im
0.4404485184552386,0.5220183330485737,0.48,0.5,0.4311212961380965,0.4787461098771527,0.547400554511437,im
0.4828331811859263,0.3576011850423545,0.48,0.5,0.5480059252117726,0.7471964448729365,0.7709970373941137,im
0.5125176173121134,0.3974823826878866,0.48,0.5,0.5901409384969072,0.6426585558090205,0.6851057038726804,im
0.3196678605143689,0.47988928683812293,0.48,0.5,0.6654982092284466,0.6747232170953075,0.7122508953857767,im
0.48277726923524406,0.450793505495784,0.48,0.5,0.598809741756324,0.78,0.8,im
0.39897725856563787,0.5793323909661677,0.48,0.5,0.6563068224303086,0.7055397663545371,0.7415909034262551,im
0.5410394250858531,0.5445387658165852,0.48,0.5,0.5757687236390248,0.805153744727805,0.8251537447278049,im
0.39724688783817963,0.4709177040539401,0.48,0.5,0.56169077258684,0.8545411479730299,0.8645411479730299,im
0.8025081015809674,0.44,0.48,0.5,0.5062443288933228,0.7737362273123553,0.7962378476285488,im
0.5982404658736874,0.465765395449825,0.48,0.5,0.5290557204757875,0.81153079089965,0.83153079089965,im
0.5206728392576453,0.5721404331550077,0.48,0.5,0.3565138883297018,0.8941589509279435,0.8993271607423547,im
0.8378179672035884,0.5321817448987863,0.48,0.5,0.51,0.7429091851301319,0.7752727900867546,im
0.3402341736655301,0.6418447924619921,0.48,0.5,0.3753587471368286,0.92,0.7202927170819127,im
0.39418588729328574,0.44410662864845296,0.48,0.5,0.5020533143242265,0.7633069137850558,0.7953602281092822,im
0.42732017020222957,0.4753102978539018,0.48,0.5,0.5479901276516722,0.7153349787247213,0.75,im
0.48822640957019336,0.5675345909319139,0.48,0.5,0.5032955914340214,0.8026037727957419,0.8226037727957419,im
0.6627802726547571,0.5604740520102081,0.48,0.5,0.532069194639445,0.8515951426292369,0.8146124412890982,im
0.18823191366393605,0.512735427805757,0.48,0.5,0.5763613063412123,0.7363741214645447,0.707290202440908,im
0.47856657257421886,0.5557337097031244,0.48,0.5,0.5422730886929692,0.7514334274257811,0.7797201129109373,im
0.5589733414439804,0.4704055589349918,0.48,0.5,0.5742162980986623,0.8342162980986623,0.8461892608363295,im
0.49472224848562346,0.3963887575718827,0.48,0.5,0.591389230313105,0.7191662727156481,0.7533330181725185,im
0.6261354729404441,0.39462150901985193,0.48,0.5,0.5398918597199577,0.892689245490074,0.902689245490074,im
0.6892183179659788,0.4865498751978528,0.48,0.5,0.4992183179659788,0.8884636136723368,0.8963477102542526,im
0.3672543243634799,0.444965631842773,0.48,0.5,0.4610756099458994,0.8779862527371092,0.8839587582113276,im
0.35026469785811787,0.5329804028558429,0.48,0.5,0.37728429500227495,0.7732451007139607,0.7949338255354705,im
0.6018007437113821,0.4263187380161503,0.48,0.5,0.6719840450877829,0.7438645633602504,0.7575458253441002,im
0.2709862589455144,0.4642997757283176,0.48,0.5,0.43772195721182283,0.47160754334229005,0.5485503364075236,im
0.6153250597275228,0.5010926857060441,0.48,0.5,0.5742323740214786,0.6941631896201297,0.6994190649463035,im
0.8236429239802432,0.45158626218066106,0.48,0.5,0.4840892690049392,0.7072738206633739,0.7379553654975304,im
0.6789033766227075,0.43868028335331477,0.48,0.5,0.19105027154477988,0.7718122550179833,0.4515428099160779,im
0.5105074059782062,0.503442022846992,0.8210148119564125,0.5,0.5847462970108969,0.8147462970108968,0.8344202284699207,im
0.6490377065975338,0.49240573350616546,0.48,0.5,0.6246163912032883,0.7804811467012331,0.8036540978008221,im
0.6974576204682454,0.41398308742465,0.48,0.5,0.5790678464881591,0.84601691257535,0.8236440511706136,im
0.5575603802591486,0.4416455228563293,0.7241424716844655,0.5,0.5983544771436707,0.7381702851943615,0.7628653327267549,im
0.18527263100671199,0.505186165522531,0.48,0.5,0.3372207517162034,0.4345279689165878,0.5173072172003843,im
0.6301127187385274,0.6525976433774039,0.48,0.5,0.6449174319837194,0.6995570091963504,0.7330930514750873,im
0.8745653990625901,0.5450388782701183,0.48,0.5,0.5086219106305884,0.7180706748828237,0.7580706748828238,im
0.66416628543987,0.46367525277539795,0.48,0.5,0.5609188131938495,0.785512879163097,0.7410257583261938,im
0.48895920082573646,0.5364305386997317,0.48,0.5,0.5235694613002683,0.7567629539731903,0.7329046307533512,im
0.5496723850995918,0.5186593863355465,0.48,0.5,0.5118471130464762,0.6324628173953016,0.514637545342186,im
0.5302443257171069,0.5607088816353398,0.48,0.5,0.5553544408176699,0.8025671053082719,0.8234962171447379,im
0.6028754142308755,0.5143770711543777,0.9501594866648241,0.5,0.5515016569235022,0.7604152858970816,0.7913737573073735,im
0.2976454959130142,0.51,0.48,0.5,0.44011639673041136,0.5882095141147404,0.645174595095617,im
0.5266477008978916,0.35965611019551363,0.48,0.5,0.5487679370311351,0.8278797638667565,0.7931519055467027,im
0.6482395905401026,0.5070549176908158,0.48,0.5,0.5552945082309185,0.7894109835381632,0.7723494259217342,im
0.6181706090034356,0.4341591396852955,0.48,0.5,0.5643068100524508,0.7110910391607879,0.7041591396852954,im
0.48098795698778324,0.4559277419266996,0.48,0.5,0.605433763432808,0.7716023656038422,0.7930843010855172,im
0.4861162121254478,0.53884262237469,0.48,0.5,0.5638837878745521,0.7223970862503445,0.7599176690002756,im
0.4485074962012587,0.502116702991424,0.48,0.5,0.44709636087364274,0.7742740902184106,0.800705567663808,im
0.554829449524358,0.512244174286537,0.48,0.5,0.4630251604785214,0.8069748395214786,0.8280969266647471,im
0.35438901318625465,0.5261098681374532,0.48,0.5,0.5128054934068726,0.7096384538481086,0.7396384538481087,im
0.38866527574385595,0.411285290024435,0.48,0.5,0.5210875530975989,0.7193079207560734,0.7494067892194916,im
0.3475889204665446,0.5485772725352859,0.48,0.5,0.5883002841989017,0.7220553976672768,0.7520553976672768,im
0.33660856649362375,0.4582933894643663,0.48,0.5,0.5133042832468119,0.7766957167531882,0.8083587521590395,im
0.5472667900821595,0.5076479187709588,0.48,0.5,0.4062286772132796,0.87,0.88,im
0.6273307437117426,0.43948660215597396,0.48,0.5,0.5578850483830196,0.7447433010779869,0.7226283494610065,im
0.3945659512787925,0.5903383972313627,0.48,0.5,0.6161353588925451,0.688381560969023,0.6845169198615682,im
0.3498801886464866,0.3679760377292973,0.48,0.5,0.5780059905676757,0.8761916981656214,0.886161745327243,im
0.6399822199148312,0.48999110995741557,0.48,0.5,0.6699822199148311,0.7800133350638767,0.8000088900425845,im
0.579684928446734,0.3961286150862926,0.48,0.5,0.57,0.6741993887919042,0.7164566189644894,im
0.5384616864853781,0.4938457837865548,0.48,0.5,0.41692144866084113,0.8615392756695794,0.8730775891842013,im
0.5177610930431121,0.6169551767534524,0.48,0.5,0.39850739536207475,0.8023581348982822,0.480298069853486,im
0.6788139399872998,0.39573379744897025,0.48,0.5,0.5360153323342105,0.7357337974489703,0.556646693176087,im
0.08999013970147089,0.489233044684276,0.48,0.5,0.4019173882893101,0.6769223184385748,0.49018680867966646,im
0.23467618990071168,0.5309884056219557,0.48,0.5,0.363156107860622,0.7344103516916447,0.5554737045279126,im
0.38626218483835084,0.4988693955047289,0.48,0.5,0.30312865279965373,0.6628703713525376,0.3344346977523645,im
0.5827717850243405,0.4586549104268085,0.48,0.5,0.12025794947582964,0.7977309820853618,0.43118187781727646,im
0.5285470267399835,0.6485470267399835,0.48,0.5,0.5757464502686562,0.7807264866300082,0.7377806128326793,im
0.6563002544036232,0.5121029785887681,0.48,0.5,0.6005148929438406,0.962094297226087,0.9584119143550724,im
